{"type":"FeatureCollection","features":[{"type":"Feature","properties":{"property_id":"w7459901","property_name":"Buena Vista Park"},"geometry":{"type":"Polygon","coordinates":[[[-122.4431106,37.7704071],[-122.4431407,37.7703993],[-122.4431616,37.7703872],[-122.4431657,37.7703813],[-122.4431776,37.7703673],[-122.4431845,37.7703374],[-122.4431444,37.7701594],[-122.4431253,37.7701118],[-122.4431014,37.7700666],[-122.4430704,37.7700189],[-122.4430308,37.7699723],[-122.4429851,37.7699253],[-122.4429433,37.7698907],[-122.4428489,37.769832],[-122.4428032,37.769811],[-122.442754,37.7697936],[-122.4426326,37.7697714],[-122.4425551,37.7697716],[-122.4425045,37.7697682],[-122.4424599,37.7697591],[-122.442417,37.7697445],[-122.4423817,37.7697266],[-122.4423296,37.76965],[-122.4423078,37.7696015],[-122.4423064,37.7695408],[-122.4423317,37.7694931],[-122.4423722,37.769453],[-122.4428129,37.7691939],[-122.4430557,37.76905],[-122.4431717,37.7689729],[-122.4432771,37.7688969],[-122.4433414,37.7688126],[-122.4433874,37.7687143],[-122.4434904,37.7684343],[-122.4435802,37.7681675],[-122.4437751,37.7675732],[-122.4437743,37.7674435],[-122.4437358,37.7672686],[-122.4436882,37.7670828],[-122.4436308,37.7669559],[-122.4435576,37.7668193],[-122.4435051,37.7667553],[-122.4434363,37.7666942],[-122.4431417,37.7665118],[-122.4430847,37.7664756],[-122.4430385,37.766408],[-122.4429967,37.7662806],[-122.4429475,37.7661962],[-122.4429162,37.766163],[-122.4428751,37.766128],[-122.4428246,37.7660998],[-122.4427421,37.7660485],[-122.4426909,37.7660244],[-122.4426642,37.7660153],[-122.4426354,37.7660054],[-122.4425496,37.765989],[-122.4424582,37.7659617],[-122.4423929,37.7659524],[-122.4421809,37.7659465],[-122.4421117,37.7659546],[-122.442059,37.765971],[-122.4420131,37.7659917],[-122.4419414,37.766036],[-122.4418647,37.7660886],[-122.4417129,37.7661999],[-122.4414002,37.7664281],[-122.4407976,37.7669005],[-122.4407444,37.76695],[-122.4407044,37.7669976],[-122.4403615,37.7675694],[-122.4402886,37.7676713],[-122.4402582,37.7677062],[-122.4402005,37.7677637],[-122.4401532,37.7678056],[-122.4401048,37.7678414],[-122.4399774,37.7679124],[-122.4393267,37.7682305],[-122.439097,37.7683363],[-122.4389841,37.7683901],[-122.4389274,37.7684212],[-122.4388836,37.7684567],[-122.438752,37.7686182],[-122.4385127,37.7689524],[-122.4384925,37.7689813],[-122.4384593,37.7690217],[-122.438453,37.7690295],[-122.4384325,37.7690841],[-122.4384485,37.7691472],[-122.438467,37.7691833],[-122.4386536,37.7693917],[-122.4389142,37.7696501],[-122.4391754,37.7698712],[-122.4393376,37.7699961],[-122.4394262,37.7701173],[-122.439505,37.7702568],[-122.4396031,37.7703857],[-122.439678,37.7704447],[-122.4397827,37.7704942],[-122.4400566,37.7705829],[-122.4403819,37.7706949],[-122.4404594,37.7707246],[-122.4405697,37.7707324],[-122.4420015,37.7705529],[-122.4431106,37.7704071]]]}},{"type":"Feature","properties":{"property_id":"w16750270","property_name":"McCoppin Square"},"geometry":{"type":"Polygon","coordinates":[[[-122.4809767,37.7429364],[-122.4810331,37.7438127],[-122.481089,37.744599],[-122.4791726,37.74468],[-122.4790746,37.7433231],[-122.4795856,37.7433],[-122.4795663,37.7429992],[-122.4797014,37.7429908],[-122.4800477,37.7429756],[-122.4809767,37.7429364]]]}},{"type":"Feature","properties":{"property_id":"w16751151","property_name":"Panhandle"},"geometry":{"type":"Polygon","coordinates":[[[-122.453944,37.7719632],[-122.45291,37.7720955],[-122.4523599,37.7720991],[-122.4508688,37.772289],[-122.449044,37.7725168],[-122.449001,37.7725221],[-122.4475777,37.7727049],[-122.4474057,37.772727],[-122.4442618,37.7731308],[-122.4426565,37.7733353],[-122.4410471,37.7735404],[-122.440896,37.7727935],[-122.4484507,37.7718308],[-122.4505428,37.7715643],[-122.4522123,37.7713516],[-122.4523518,37.7713345],[-122.4523808,37.771331],[-122.4523974,37.771329],[-122.452436,37.7713232],[-122.4524822,37.7713221],[-122.4525557,37.7713251],[-122.4526196,37.7713335],[-122.4526478,37.7712214],[-122.4537649,37.7710784],[-122.453868,37.7715922],[-122.453944,37.7719632]]]}},{"type":"Feature","properties":{"property_id":"w16751737","property_name":"Alta Plaza Park"},"geometry":{"type":"Polygon","coordinates":[[[-122.4390656,37.7901996],[-122.4393858,37.7917713],[-122.4363225,37.7921609],[-122.4360024,37.7905895],[-122.4390656,37.7901996]]]}},{"type":"Feature","properties":{"property_id":"w16751838","property_name":"Lafayette Park"},"geometry":{"type":"Polygon","coordinates":[[[-122.4260233,37.7913098],[-122.4259534,37.7909642],[-122.4290141,37.7905773],[-122.4293322,37.7921491],[-122.426278,37.7925351],[-122.4261006,37.7916586],[-122.4265702,37.7915992],[-122.4264995,37.7912496],[-122.4260233,37.7913098]]]}},{"type":"Feature","properties":{"property_id":"w16752188","property_name":"Bernal Heights Park"},"geometry":{"type":"Polygon","coordinates":[[[-122.4157647,37.7422024],[-122.4163312,37.7420734],[-122.4163484,37.7419241],[-122.4167947,37.7419445],[-122.4168634,37.7418427],[-122.4170567,37.7419307],[-122.4171466,37.7419716],[-122.4174041,37.7422228],[-122.4173951,37.7423527],[-122.4175929,37.742406],[-122.416726,37.7437024],[-122.4164628,37.7436183],[-122.4156703,37.7447136],[-122.4155931,37.7450055],[-122.4153699,37.7449444],[-122.4151124,37.7449308],[-122.4152087,37.7448019],[-122.4152008,37.744695],[-122.4149252,37.7446015],[-122.4148893,37.7442928],[-122.4144429,37.7441299],[-122.4133997,37.7441976],[-122.4133443,37.7438856],[-122.4118938,37.7439263],[-122.4111556,37.7436956],[-122.4103831,37.7436956],[-122.4097995,37.7432612],[-122.4094218,37.7432001],[-122.4094819,37.7429218],[-122.410057,37.7429286],[-122.4100802,37.7423915],[-122.4103397,37.7424062],[-122.4103483,37.7422025],[-122.4113946,37.742253],[-122.4114032,37.7421648],[-122.4122701,37.7421716],[-122.4122787,37.7420969],[-122.4128705,37.7421172],[-122.4128889,37.7419175],[-122.4134387,37.7419377],[-122.4134473,37.7422295],[-122.4140138,37.7422567],[-122.4139794,37.7425078],[-122.4144092,37.7425266],[-122.4150609,37.7422363],[-122.4157647,37.7422024]]]}},{"type":"Feature","properties":{"property_id":"w16752409","property_name":"Holly Park"},"geometry":{"type":"Polygon","coordinates":[[[-122.4202834,37.7362243],[-122.4204215,37.7362509],[-122.4205436,37.7362933],[-122.4206495,37.7363431],[-122.4207421,37.7364057],[-122.4208265,37.7364842],[-122.4209016,37.7365765],[-122.42097,37.7366857],[-122.4210049,37.7367833],[-122.421029,37.7368989],[-122.4210398,37.736971],[-122.4210384,37.7370707],[-122.4210264,37.7371736],[-122.4210049,37.7372605],[-122.4209767,37.7373592],[-122.4209285,37.7374864],[-122.4208688,37.7375877],[-122.4207769,37.7377049],[-122.4206804,37.7378089],[-122.4205664,37.7379149],[-122.420439,37.7380082],[-122.4203223,37.7380751],[-122.4201922,37.738127],[-122.4200621,37.7381673],[-122.4199307,37.738196],[-122.4197845,37.7382129],[-122.4196383,37.7382098],[-122.4194868,37.7381854],[-122.419346,37.738144],[-122.4192521,37.7380942],[-122.4191555,37.7380305],[-122.4190684,37.7379616],[-122.4189946,37.7378831],[-122.4189329,37.7377749],[-122.41889,37.737672],[-122.4188685,37.7375819],[-122.4188524,37.7374801],[-122.4188557,37.7373889],[-122.4188632,37.7372796],[-122.4188893,37.7371672],[-122.4189208,37.7370665],[-122.4189637,37.7369636],[-122.4190214,37.7368596],[-122.4190858,37.7367631],[-122.4191622,37.7366719],[-122.4192467,37.7365839],[-122.4193607,37.7364863],[-122.4194734,37.7364068],[-122.4195994,37.7363389],[-122.4197362,37.7362848],[-122.4198663,37.7362487],[-122.4200071,37.7362233],[-122.4201533,37.7362125],[-122.4202834,37.7362243]]]}},{"type":"Feature","properties":{"property_id":"w16761472","property_name":"Marina Green"},"geometry":{"type":"Polygon","coordinates":[[[-122.4421086,37.8059617],[-122.4422061,37.8064408],[-122.4422031,37.8064551],[-122.4421953,37.806467],[-122.4421812,37.8064743],[-122.4361879,37.8072357],[-122.4361724,37.8072343],[-122.4361594,37.8072287],[-122.4361502,37.8072144],[-122.4360519,37.8067311],[-122.4421086,37.8059617]]]}},{"type":"Feature","properties":{"property_id":"w18583270","property_name":"Washington Square Park"},"geometry":{"type":"Polygon","coordinates":[[[-122.4109009,37.8011018],[-122.4108656,37.8009071],[-122.4107137,37.8008038],[-122.4103435,37.8005413],[-122.4101694,37.8004222],[-122.4097808,37.8004721],[-122.4093445,37.8005247],[-122.4093927,37.8008223],[-122.4094676,37.8012689],[-122.4101177,37.8011888],[-122.4105286,37.8011368],[-122.4109009,37.8011018]]]}},{"type":"Feature","properties":{"property_id":"w23750468","property_name":"South Beach Park"},"geometry":{"type":"Polygon","coordinates":[[[-122.3885964,37.7803833],[-122.3884972,37.7804947],[-122.3884045,37.7806186],[-122.3883314,37.78073],[-122.3882505,37.7808652],[-122.3881995,37.7809725],[-122.388145,37.7811024],[-122.3881045,37.7812219],[-122.3880861,37.7812922],[-122.388071,37.781352],[-122.38806,37.781416],[-122.3880216,37.7814011],[-122.3879778,37.781378],[-122.3879343,37.7813464],[-122.3878891,37.7813066],[-122.3878628,37.7812772],[-122.3878395,37.781239],[-122.3878201,37.7812026],[-122.3878115,37.781165],[-122.3877609,37.780633],[-122.387881,37.7806248],[-122.3879684,37.7805685],[-122.3879906,37.7805706],[-122.38802,37.7805711],[-122.3880514,37.780567],[-122.3880801,37.7805551],[-122.3881062,37.7805376],[-122.3881245,37.780519],[-122.3881382,37.7804958],[-122.3881473,37.7804695],[-122.3881454,37.7804442],[-122.388129,37.7803111],[-122.3884685,37.7802904],[-122.3885964,37.7803833]]]}},{"type":"Feature","properties":{"property_id":"w23750483","property_name":"Jackson Park"},"geometry":{"type":"Polygon","coordinates":[[[-122.4005302,37.7648237],[-122.4004383,37.763942],[-122.4004337,37.7638954],[-122.4004147,37.763724],[-122.3999709,37.7637548],[-122.3995445,37.7637805],[-122.3991136,37.7638085],[-122.3990563,37.7638123],[-122.3987225,37.7638341],[-122.3987417,37.7640184],[-122.3988371,37.7649339],[-122.4005302,37.7648237]]]}},{"type":"Feature","properties":{"property_id":"w23871270","property_name":"Mission Dolores Park"},"geometry":{"type":"Polygon","coordinates":[[[-122.4281675,37.761258],[-122.428339,37.7611793],[-122.4280533,37.7581915],[-122.4280403,37.7581614],[-122.4280033,37.7581491],[-122.4259257,37.7582613],[-122.4262231,37.7613739],[-122.4281675,37.761258]]]}},{"type":"Feature","properties":{"property_id":"w23881517","property_name":"Rolph Playground"},"geometry":{"type":"Polygon","coordinates":[[[-122.40643,37.7490094],[-122.4055637,37.7492182],[-122.405531,37.7492495],[-122.4055227,37.7492905],[-122.4061261,37.7504265],[-122.406237,37.7506352],[-122.4062484,37.7506558],[-122.4062792,37.7506526],[-122.4064714,37.7503124],[-122.4064812,37.7502951],[-122.4064546,37.750245],[-122.4066346,37.7501853],[-122.4069338,37.7500154],[-122.4069289,37.749971],[-122.4068029,37.7497317],[-122.40643,37.7490094]]]}},{"type":"Feature","properties":{"property_id":"w23908184","property_name":"Precita Park"},"geometry":{"type":"Polygon","coordinates":[[[-122.4134048,37.7468296],[-122.4111278,37.7469651],[-122.411089,37.7469789],[-122.4108414,37.7469996],[-122.4108065,37.7470125],[-122.4107663,37.7470352],[-122.4106373,37.7473113],[-122.410645,37.7473173],[-122.4116216,37.7472551],[-122.4134496,37.7471511],[-122.4134048,37.7468296]]]}},{"type":"Feature","properties":{"property_id":"w23916482","property_name":"Sydney G. Walton Square"},"geometry":{"type":"Polygon","coordinates":[[[-122.3995855,37.7978632],[-122.3994136,37.7970414],[-122.3984656,37.7971652],[-122.3986375,37.797987],[-122.3995855,37.7978632]]]}},{"type":"Feature","properties":{"property_id":"w24052083","property_name":"South Park"},"geometry":{"type":"Polygon","coordinates":[[[-122.3946161,37.781084],[-122.3945779,37.7810696],[-122.3945236,37.7810678],[-122.3945079,37.7810707],[-122.3944609,37.7810794],[-122.3944045,37.7811065],[-122.394387,37.7811149],[-122.3943392,37.7811529],[-122.3941706,37.7812865],[-122.3941562,37.7812979],[-122.3940235,37.7814031],[-122.393989,37.7814304],[-122.3938387,37.7815496],[-122.39383,37.781556],[-122.3938154,37.781568],[-122.3935284,37.7817955],[-122.3934115,37.7818882],[-122.3933528,37.7819348],[-122.3933369,37.7819547],[-122.3933241,37.7819797],[-122.3933162,37.7820036],[-122.3933085,37.7820239],[-122.3933057,37.7820411],[-122.3933064,37.7820596],[-122.3933089,37.7820754],[-122.3933185,37.7820916],[-122.3933315,37.7821002],[-122.393358,37.7821125],[-122.3933853,37.7821148],[-122.3934102,37.7821147],[-122.3934393,37.7821102],[-122.3934743,37.782103],[-122.3935129,37.7820881],[-122.3935571,37.7820631],[-122.3936123,37.7820199],[-122.3936245,37.7820104],[-122.3937497,37.7819123],[-122.3939057,37.7817901],[-122.394112,37.7816286],[-122.3941336,37.7816116],[-122.3945558,37.781281],[-122.3945705,37.7812695],[-122.3945806,37.7812616],[-122.3946107,37.7812289],[-122.3946242,37.7812016],[-122.3946347,37.781167],[-122.3946366,37.7811231],[-122.3946161,37.781084]]]}},{"type":"Feature","properties":{"property_id":"w24253472","property_name":"Garfield Square"},"geometry":{"type":"Polygon","coordinates":[[[-122.4127497,37.7509019],[-122.4118918,37.7509524],[-122.4117585,37.7495325],[-122.412127,37.7495109],[-122.4126162,37.7494821],[-122.4127497,37.7509019]]]}},{"type":"Feature","properties":{"property_id":"w24445970","property_name":"Potrero Del Sol Park"},"geometry":{"type":"Polygon","coordinates":[[[-122.4059967,37.7512407],[-122.4053114,37.7512855],[-122.4053101,37.7512585],[-122.4051742,37.7512659],[-122.4050557,37.7512728],[-122.405046,37.7511677],[-122.4050091,37.7511698],[-122.4048877,37.7511768],[-122.4048546,37.7511787],[-122.4047335,37.7511857],[-122.4043428,37.7512083],[-122.404331,37.7510038],[-122.4042868,37.7505482],[-122.4042641,37.7503123],[-122.4046024,37.7502938],[-122.4049471,37.7501594],[-122.4049,37.750065],[-122.404755,37.7498008],[-122.4052579,37.7496284],[-122.405381,37.7498605],[-122.4054046,37.7499012],[-122.4057204,37.7504963],[-122.4059585,37.7509453],[-122.4059775,37.7510084],[-122.4059929,37.7510742],[-122.4059967,37.7512407]]]}},{"type":"Feature","properties":{"property_id":"w24547823","property_name":"Franklin Square"},"geometry":{"type":"Polygon","coordinates":[[[-122.410364,37.7655181],[-122.4102615,37.7644174],[-122.4094291,37.7644691],[-122.4084554,37.7645299],[-122.4084891,37.765026],[-122.4083738,37.7650321],[-122.4084282,37.7656321],[-122.410364,37.7655181]]]}},{"type":"Feature","properties":{"property_id":"w24547834","property_name":"McKinley Square"},"geometry":{"type":"Polygon","coordinates":[[[-122.405292,37.7595633],[-122.4054601,37.7595556],[-122.4053926,37.7592594],[-122.4050023,37.7588946],[-122.4044337,37.7584864],[-122.4042245,37.7583496],[-122.4040831,37.7583556],[-122.4040965,37.7586242],[-122.4041136,37.7589194],[-122.4041199,37.7590053],[-122.4041235,37.7590502],[-122.404154,37.7594292],[-122.4041832,37.7594606],[-122.4042184,37.7594981],[-122.404938,37.7594502],[-122.4051168,37.7595714],[-122.405292,37.7595633]]]}},{"type":"Feature","properties":{"property_id":"w24562831","property_name":"Balboa Park"},"geometry":{"type":"Polygon","coordinates":[[[-122.4418165,37.7266934],[-122.4442358,37.7266852],[-122.444963,37.7266851],[-122.4454648,37.7261504],[-122.4461,37.7253561],[-122.4466407,37.7245414],[-122.4469239,37.7238965],[-122.4469926,37.7230886],[-122.4459075,37.7230886],[-122.4453354,37.7230886],[-122.4448125,37.7230886],[-122.4446553,37.7232744],[-122.4418165,37.7266934]]]}},{"type":"Feature","properties":{"property_id":"w24562854","property_name":"Duboce Park"},"geometry":{"type":"Polygon","coordinates":[[[-122.4350701,37.7704776],[-122.4348203,37.7692526],[-122.4348109,37.7692333],[-122.4347991,37.7692204],[-122.4347798,37.7692101],[-122.4347532,37.7692049],[-122.4345032,37.7692209],[-122.4345102,37.7692945],[-122.4343588,37.7693035],[-122.4340011,37.7693253],[-122.4338351,37.7693348],[-122.4338355,37.7693512],[-122.4337052,37.7693587],[-122.4335736,37.7693666],[-122.433516,37.7693654],[-122.4334119,37.7693634],[-122.433242,37.7693309],[-122.4329315,37.7693449],[-122.4317325,37.7694191],[-122.4318235,37.7698868],[-122.4318446,37.7699976],[-122.4325269,37.7699158],[-122.4335783,37.7697899],[-122.4337237,37.7697911],[-122.4341398,37.7697719],[-122.4341789,37.7697942],[-122.4343303,37.7697744],[-122.4348037,37.7697609],[-122.434954,37.7704918],[-122.4350701,37.7704776]]]}},{"type":"Feature","properties":{"property_id":"w24562872","property_name":"Moscone Recreation Center"},"geometry":{"type":"Polygon","coordinates":[[[-122.4348482,37.8027363],[-122.4346925,37.8019747],[-122.4345745,37.8013969],[-122.4345222,37.8011398],[-122.4327653,37.8013638],[-122.43275,37.8013657],[-122.4319154,37.8014721],[-122.4318959,37.8014746],[-122.431451,37.8015313],[-122.4314895,37.8017089],[-122.431555,37.8020365],[-122.4317772,37.8031288],[-122.4340852,37.8028346],[-122.4347508,37.8027487],[-122.4348482,37.8027363]]]}},{"type":"Feature","properties":{"property_id":"w25278818","property_name":"Union Square"},"geometry":{"type":"Polygon","coordinates":[[[-122.40824,37.788082],[-122.408147,37.7876204],[-122.4081029,37.7875634],[-122.4080587,37.7875369],[-122.4080131,37.7875231],[-122.4079608,37.787521],[-122.4069241,37.7876524],[-122.4068718,37.7876725],[-122.4068315,37.7877001],[-122.4068034,37.7877404],[-122.4067948,37.7877906],[-122.4068878,37.7882521],[-122.4069073,37.7882902],[-122.4069402,37.7883159],[-122.4069952,37.7883424],[-122.407077,37.7883471],[-122.4081257,37.7882131],[-122.4081633,37.7881972],[-122.4082022,37.7881664],[-122.4082317,37.7881314],[-122.40824,37.788082]]]}},{"type":"Feature","properties":{"property_id":"w25751184","property_name":"Levi's Plaza"},"geometry":{"type":"Polygon","coordinates":[[[-122.4016418,37.8019411],[-122.4016154,37.8019444],[-122.4015975,37.8019466],[-122.4016155,37.8020342],[-122.4015707,37.8020399],[-122.4015789,37.8020796],[-122.4015586,37.8020822],[-122.4013118,37.8021138],[-122.4012409,37.8021239],[-122.4012651,37.802245],[-122.4012193,37.8022507],[-122.4012277,37.8022922],[-122.4007295,37.8023546],[-122.401646,37.8033693],[-122.4019466,37.803326],[-122.4017337,37.8023475],[-122.4016418,37.8019411]]]}},{"type":"Feature","properties":{"property_id":"w26278429","property_name":"Tank Hill"},"geometry":{"type":"Polygon","coordinates":[[[-122.4469743,37.7605038],[-122.4472423,37.7597658],[-122.4474541,37.7594475],[-122.4477761,37.7592535],[-122.4481393,37.7591773],[-122.4481882,37.7604671],[-122.4472269,37.7605553],[-122.4469743,37.7605038]]]}},{"type":"Feature","properties":{"property_id":"w27092661","property_name":"Grattan Playground"},"geometry":{"type":"Polygon","coordinates":[[[-122.4509848,37.7629444],[-122.4514943,37.7628793],[-122.4521212,37.7627983],[-122.4520773,37.7625858],[-122.4520094,37.7622581],[-122.4513839,37.762339],[-122.4508744,37.762404],[-122.4509848,37.7629444]]]}},{"type":"Feature","properties":{"property_id":"w27146063","property_name":"Embarcadero Plaza"},"geometry":{"type":"Polygon","coordinates":[[[-122.39585,37.795546],[-122.3957847,37.7952288],[-122.3957647,37.7951238],[-122.3957615,37.7951152],[-122.3957451,37.7951033],[-122.395435,37.7948725],[-122.3953117,37.7947793],[-122.3952857,37.7947585],[-122.3952723,37.7947482],[-122.3952404,37.7947222],[-122.3951324,37.7946344],[-122.3950536,37.7945703],[-122.3950254,37.7945946],[-122.3949005,37.7946957],[-122.3948712,37.7947183],[-122.394455,37.7943965],[-122.3942364,37.7942275],[-122.3940307,37.7940627],[-122.3938251,37.7939005],[-122.3936147,37.7940711],[-122.3936008,37.7940808],[-122.3934456,37.7942074],[-122.3939114,37.7944782],[-122.3940626,37.7945857],[-122.394194,37.7946832],[-122.3943214,37.7947934],[-122.3944502,37.794921],[-122.394541,37.7950289],[-122.3946561,37.7951874],[-122.3947081,37.7952635],[-122.3947897,37.7953843],[-122.3948453,37.7954907],[-122.3949667,37.7956904],[-122.3951205,37.7959008],[-122.395185,37.7958706],[-122.3952083,37.7958809],[-122.3952193,37.7958831],[-122.3952427,37.7958772],[-122.3952734,37.7958656],[-122.3952896,37.7958491],[-122.3952958,37.7958373],[-122.395294,37.795819],[-122.3952875,37.7958015],[-122.3952756,37.7957907],[-122.3952563,37.7957802],[-122.3952757,37.7957096],[-122.3953239,37.795714],[-122.3953923,37.7957056],[-122.3954468,37.7956869],[-122.3954924,37.795667],[-122.3955247,37.7956474],[-122.3955454,37.7956245],[-122.3955536,37.7955872],[-122.3957692,37.7955573],[-122.3957922,37.7955541],[-122.39585,37.795546]]]}},{"type":"Feature","properties":{"property_id":"w27239292","property_name":"Warm Water Cove Park"},"geometry":{"type":"Polygon","coordinates":[[[-122.3841093,37.7546193],[-122.3837349,37.7546836],[-122.3835236,37.7547058],[-122.3831709,37.754602],[-122.383095,37.7545297],[-122.3829632,37.7544849],[-122.3828883,37.7543662],[-122.3828439,37.7542973],[-122.3828373,37.7542384],[-122.3828606,37.7541562],[-122.3829015,37.7541197],[-122.3829243,37.7540772],[-122.3829069,37.753819],[-122.3829103,37.7537029],[-122.3829599,37.753643],[-122.3829558,37.7535301],[-122.3829451,37.7534421],[-122.3828833,37.7533889],[-122.3827007,37.7533224],[-122.3825379,37.7533056],[-122.3825508,37.7532368],[-122.3831135,37.7533095],[-122.3832292,37.7542239],[-122.3840673,37.7541742],[-122.384069,37.7541901],[-122.3840852,37.7543439],[-122.3841093,37.7546193]]]}},{"type":"Feature","properties":{"property_id":"w27239372","property_name":"Esprit Park"},"geometry":{"type":"Polygon","coordinates":[[[-122.3914129,37.7615571],[-122.3914472,37.7615248],[-122.3913447,37.7604113],[-122.3905994,37.7604409],[-122.3907278,37.7615995],[-122.3914129,37.7615571]]]}},{"type":"Feature","properties":{"property_id":"w27369705","property_name":"Mission Creek Park"},"geometry":{"type":"Polygon","coordinates":[[[-122.3943143,37.7730306],[-122.394124,37.7731188],[-122.3921924,37.7746885],[-122.3918094,37.7743723],[-122.3937652,37.7728026],[-122.3949831,37.7718772],[-122.395868,37.7711897],[-122.3960942,37.7708698],[-122.3961194,37.7708244],[-122.3961503,37.7707815],[-122.3961896,37.7707542],[-122.3962692,37.7707098],[-122.3963065,37.770675],[-122.3963538,37.7706147],[-122.3963751,37.7705969],[-122.3964151,37.7705737],[-122.3964832,37.7705542],[-122.3966982,37.7704948],[-122.3967865,37.7704617],[-122.3968317,37.7704399],[-122.3970611,37.7703145],[-122.3971289,37.7702809],[-122.3972311,37.770242],[-122.3973253,37.7702159],[-122.3974477,37.7701931],[-122.3974515,37.7702118],[-122.3975064,37.7702062],[-122.3975031,37.7701852],[-122.3977407,37.770182],[-122.3978207,37.7701741],[-122.3979065,37.7701545],[-122.3980091,37.7701073],[-122.3982618,37.7699124],[-122.3982738,37.769921],[-122.398324,37.7698845],[-122.398344,37.7698766],[-122.3983672,37.7698748],[-122.3983876,37.7698805],[-122.3984086,37.7698936],[-122.3986413,37.7700803],[-122.3985647,37.7701394],[-122.3984197,37.7700239],[-122.3983854,37.7700241],[-122.3982084,37.7701591],[-122.3981743,37.7701568],[-122.397668,37.7706081],[-122.3968349,37.7712321],[-122.3957814,37.7719846],[-122.3948105,37.772651],[-122.3944211,37.7729282],[-122.3943143,37.7730306]]]}},{"type":"Feature","properties":{"property_id":"w27369817","property_name":"Minnesota Grove"},"geometry":{"type":"Polygon","coordinates":[[[-122.3896593,37.7532221],[-122.3897842,37.7531802],[-122.3898668,37.7539319],[-122.3898479,37.7539843],[-122.3897887,37.7540313],[-122.3897362,37.7540345],[-122.3896593,37.7532221]]]}},{"type":"Feature","properties":{"property_id":"w27656676","property_name":"China Basin Park"},"geometry":{"type":"Polygon","coordinates":[[[-122.389809,37.7765681],[-122.3898652,37.7765399],[-122.3898454,37.7765135],[-122.3898342,37.7761599],[-122.3892127,37.7760803],[-122.3891549,37.7754895],[-122.3889699,37.775497],[-122.3890361,37.776046],[-122.3883625,37.7759988],[-122.3883014,37.775545],[-122.3881128,37.7755557],[-122.3881596,37.7759781],[-122.3876247,37.7759316],[-122.3875691,37.7755811],[-122.3873793,37.775592],[-122.3874169,37.776062],[-122.3871264,37.77609],[-122.3871424,37.776334],[-122.3872935,37.7763293],[-122.3873143,37.7766122],[-122.3875505,37.7767722],[-122.3898455,37.7766133],[-122.389809,37.7765681]]]}},{"type":"Feature","properties":{"property_id":"w28015862","property_name":"Patricia's Green"},"geometry":{"type":"Polygon","coordinates":[[[-122.4244689,37.7758144],[-122.424239,37.7758433],[-122.424401,37.7766461],[-122.4246306,37.7766172],[-122.4244689,37.7758144]]]}},{"type":"Feature","properties":{"property_id":"w28671926","property_name":"Heron's Head Park"},"geometry":{"type":"Polygon","coordinates":[[[-122.3767952,37.7384485],[-122.3767289,37.7384084],[-122.376562,37.7383059],[-122.3765067,37.7382972],[-122.3762246,37.7384832],[-122.3760739,37.7384775],[-122.3755486,37.738358],[-122.3745591,37.7378374],[-122.3744707,37.7379161],[-122.3743685,37.7378977],[-122.3742471,37.7377602],[-122.3740921,37.7376596],[-122.3737424,37.73745],[-122.3735254,37.7373623],[-122.3733121,37.737321],[-122.3729071,37.7372276],[-122.3727025,37.7373094],[-122.3727366,37.7373713],[-122.3727039,37.7374361],[-122.3726963,37.7374825],[-122.3727192,37.7375323],[-122.3726906,37.7375734],[-122.3726699,37.7375887],[-122.3727018,37.737661],[-122.3728356,37.7377441],[-122.3728735,37.7377576],[-122.3731181,37.7377488],[-122.3732175,37.7377812],[-122.3731054,37.7377689],[-122.3728909,37.737788],[-122.3727372,37.7377589],[-122.3726521,37.7376829],[-122.3726119,37.7376799],[-122.3724935,37.7377806],[-122.3725691,37.737658],[-122.3725774,37.7375769],[-122.3725618,37.7375242],[-122.372614,37.7374653],[-122.3726625,37.7374037],[-122.372676,37.7373009],[-122.37248,37.7372383],[-122.3722841,37.7372201],[-122.3719868,37.7372164],[-122.3716307,37.7372609],[-122.371105,37.737376],[-122.3709493,37.7374284],[-122.3701606,37.7377752],[-122.3695366,37.7379644],[-122.3691918,37.7378991],[-122.3687018,37.7379527],[-122.3685684,37.7379673],[-122.3680308,37.7380741],[-122.3675935,37.7381528],[-122.3675502,37.7381878],[-122.3675347,37.7382209],[-122.3675412,37.738254],[-122.3675732,37.7382852],[-122.3676256,37.7383077],[-122.3682897,37.7382161],[-122.3696846,37.7382299],[-122.370752,37.7380957],[-122.3713614,37.7380957],[-122.3730694,37.738279],[-122.3735546,37.7386854],[-122.3739636,37.7396443],[-122.3744045,37.7396152],[-122.3744552,37.7396183],[-122.3744911,37.7396347],[-122.3758527,37.7404105],[-122.3763048,37.7406681],[-122.3765962,37.7403006],[-122.376868,37.740044],[-122.3764381,37.7398019],[-122.3754659,37.7392941],[-122.3754682,37.7392183],[-122.375459,37.7391298],[-122.3755292,37.7390509],[-122.3758408,37.7386181],[-122.3763456,37.7387305],[-122.3764341,37.7387334],[-122.3765172,37.7386889],[-122.3767952,37.7384485]]]}},{"type":"Feature","properties":{"property_id":"w28689198","property_name":"Tulare Park"},"geometry":{"type":"Polygon","coordinates":[[[-122.3903927,37.7479848],[-122.3904238,37.7480216],[-122.3904611,37.7480368],[-122.3906261,37.7480263],[-122.3907197,37.7480646],[-122.3922095,37.7486858],[-122.3927963,37.7487066],[-122.3928487,37.7485864],[-122.3924086,37.7485616],[-122.3922671,37.7485657],[-122.3908608,37.7479978],[-122.3907037,37.7479302],[-122.390648,37.7478532],[-122.3905904,37.7478249],[-122.3904333,37.7477651],[-122.3903757,37.7477683],[-122.3884384,37.7479053],[-122.3884457,37.7479545],[-122.3884555,37.7480139],[-122.390258,37.7479189],[-122.3903009,37.7479324],[-122.3903334,37.7479559],[-122.3903561,37.7479813],[-122.3903927,37.7479848]]]}},{"type":"Feature","properties":{"property_id":"w28716696","property_name":"John McLaren Park"},"geometry":{"type":"Polygon","coordinates":[[[-122.4251739,37.7224621],[-122.4244088,37.723621],[-122.4242664,37.723714],[-122.424236,37.7238372],[-122.424251,37.7238777],[-122.4239541,37.723962],[-122.4238361,37.7236841],[-122.4237985,37.7236629],[-122.4226405,37.723932],[-122.4199111,37.7246313],[-122.4198879,37.7245725],[-122.4194433,37.7234446],[-122.4184535,37.7236992],[-122.4180057,37.7226082],[-122.417937,37.7225063],[-122.4169511,37.722762],[-122.4167115,37.7221342],[-122.4166152,37.7218818],[-122.4154858,37.7221637],[-122.4155698,37.7223743],[-122.4158499,37.7230561],[-122.4138705,37.723573],[-122.413052,37.723787],[-122.4124968,37.722454],[-122.4124788,37.7224605],[-122.4120511,37.721432],[-122.4118647,37.7209834],[-122.4110981,37.7191154],[-122.411054,37.719007],[-122.4110004,37.718871],[-122.4109418,37.7187451],[-122.4090278,37.7192543],[-122.4089248,37.7190371],[-122.4082381,37.7191185],[-122.4078948,37.7190642],[-122.408709,37.7170923],[-122.4089248,37.7165725],[-122.410277,37.7167107],[-122.4105361,37.7163872],[-122.4110877,37.7164706],[-122.4113531,37.7163183],[-122.4121025,37.7163128],[-122.4123683,37.7163108],[-122.412753,37.716308],[-122.4136067,37.7163017],[-122.4137141,37.7164367],[-122.4147441,37.7160632],[-122.4156367,37.7156151],[-122.4160745,37.7151602],[-122.416289,37.7145831],[-122.416289,37.71423],[-122.4161775,37.7139584],[-122.4160169,37.7137704],[-122.4157054,37.7135307],[-122.4154443,37.7134475],[-122.4158403,37.7125851],[-122.4173754,37.7129709],[-122.418438,37.7132492],[-122.421862,37.7141645],[-122.4221151,37.7135263],[-122.4237279,37.7139847],[-122.4239451,37.7135103],[-122.4238765,37.7132591],[-122.4240996,37.7127634],[-122.4230182,37.7125122],[-122.422199,37.7122574],[-122.4222319,37.712185],[-122.4222958,37.7120443],[-122.4226163,37.7112827],[-122.4227995,37.7110282],[-122.4225581,37.7109115],[-122.4226466,37.7108096],[-122.4230114,37.7108839],[-122.4233252,37.7105847],[-122.4239072,37.7105359],[-122.4241996,37.7104765],[-122.4251571,37.7110643],[-122.4257928,37.7112786],[-122.4268657,37.7115608],[-122.4275494,37.7117929],[-122.4276338,37.7116677],[-122.4276526,37.7116762],[-122.4276687,37.7116851],[-122.4276996,37.7116995],[-122.4279443,37.7118227],[-122.4282344,37.7119675],[-122.4283165,37.7119945],[-122.4277987,37.71333],[-122.4277338,37.7135001],[-122.4276106,37.7138228],[-122.4275329,37.7140263],[-122.4275488,37.714106],[-122.4275605,37.7141645],[-122.4276187,37.7142979],[-122.4274385,37.7148655],[-122.4272612,37.7154239],[-122.4271482,37.7155754],[-122.4271722,37.715695],[-122.4266687,37.7170265],[-122.4266236,37.7170556],[-122.4266211,37.7171083],[-122.4266573,37.7171498],[-122.4262559,37.7180677],[-122.4262252,37.7182636],[-122.4265151,37.7183862],[-122.4264424,37.7184875],[-122.426407,37.7185452],[-122.4263312,37.7185097],[-122.4262222,37.7184565],[-122.4261092,37.7183982],[-122.4259731,37.7183347],[-122.4258968,37.718287],[-122.4258195,37.7182143],[-122.425608,37.7180487],[-122.4255023,37.7179046],[-122.4253871,37.717922],[-122.424766,37.7177586],[-122.4245402,37.717909],[-122.4243416,37.7178874],[-122.4239059,37.7183125],[-122.4237974,37.7197661],[-122.4237797,37.7199248],[-122.4249353,37.7201293],[-122.425094,37.7201749],[-122.4253361,37.7202747],[-122.4253757,37.720289],[-122.4253991,37.7202981],[-122.4255017,37.7203341],[-122.4254071,37.720479],[-122.4243743,37.7219157],[-122.4251914,37.7222959],[-122.4251112,37.7224182],[-122.4251739,37.7224621]]]}},{"type":"Feature","properties":{"property_id":"w28841124","property_name":"Saint Mary's Square"},"geometry":{"type":"Polygon","coordinates":[[[-122.4044025,37.7917807],[-122.4044419,37.7919765],[-122.4047972,37.7919334],[-122.4048324,37.7921066],[-122.4048471,37.7921798],[-122.4049067,37.792172],[-122.4051224,37.7921428],[-122.4051833,37.7924336],[-122.4052909,37.7924247],[-122.4056163,37.7923884],[-122.4054668,37.7916496],[-122.4049179,37.7917132],[-122.4047563,37.7917325],[-122.4044025,37.7917807]]]}},{"type":"Feature","properties":{"property_id":"w28842443","property_name":"Yerba Buena Gardens"},"geometry":{"type":"Polygon","coordinates":[[[-122.4014457,37.7846061],[-122.4015342,37.7846797],[-122.4015154,37.7846935],[-122.401809,37.7849338],[-122.4018306,37.784951],[-122.4018218,37.7849585],[-122.4019003,37.7850215],[-122.4019318,37.784995],[-122.4020485,37.7850809],[-122.4020843,37.7850515],[-122.4022027,37.7851425],[-122.402303,37.7852196],[-122.4023165,37.78523],[-122.4023028,37.7852405],[-122.402492,37.7853942],[-122.4024771,37.7854052],[-122.4025792,37.7854877],[-122.4027177,37.7853785],[-122.4028142,37.7854586],[-122.4033628,37.7850464],[-122.4032139,37.7849309],[-122.4032293,37.7848668],[-122.4032327,37.7848339],[-122.4032327,37.7847714],[-122.4032186,37.7847083],[-122.403177,37.7846204],[-122.4031254,37.784561],[-122.403053,37.784499],[-122.4029953,37.7844614],[-122.4028116,37.7843617],[-122.4027365,37.7843114],[-122.4026424,37.7842245],[-122.4025702,37.7841392],[-122.4022563,37.7838249],[-122.4022493,37.7838178],[-122.4022405,37.7838119],[-122.4022095,37.7838349],[-122.4021882,37.7838515],[-122.4021583,37.7838756],[-122.4021416,37.7838895],[-122.4020698,37.7839472],[-122.402263,37.7840988],[-122.4022105,37.7841403],[-122.4021159,37.7840618],[-122.4014457,37.7846061]]]}},{"type":"Feature","properties":{"property_id":"w28844805","property_name":"The Crossing at East Cut"},"geometry":{"type":"Polygon","coordinates":[[[-122.3933961,37.7904427],[-122.3933302,37.7903905],[-122.3932131,37.7902976],[-122.3928303,37.7899939],[-122.3927861,37.7899588],[-122.3926348,37.7898389],[-122.3925583,37.7897728],[-122.3926022,37.789739],[-122.3932366,37.7892498],[-122.3936957,37.7896191],[-122.3938913,37.7897743],[-122.3940151,37.7898726],[-122.3940675,37.7899141],[-122.3940176,37.7899534],[-122.3939047,37.7900422],[-122.3935608,37.7903131],[-122.3934627,37.7903903],[-122.3933961,37.7904427]]]}},{"type":"Feature","properties":{"property_id":"w29285191","property_name":"Silver Terrace Playground"},"geometry":{"type":"Polygon","coordinates":[[[-122.4036081,37.7321704],[-122.4035051,37.7321636],[-122.402518,37.7324172],[-122.4025058,37.7323872],[-122.4024386,37.7322219],[-122.4024234,37.7321845],[-122.4018571,37.732503],[-122.4023348,37.7329936],[-122.4029214,37.7335959],[-122.4030845,37.7334941],[-122.4032819,37.7336842],[-122.4043247,37.7330641],[-122.4044192,37.733021],[-122.4036081,37.7321704]]]}},{"type":"Feature","properties":{"property_id":"w30899551","property_name":"Music Concourse"},"geometry":{"type":"Polygon","coordinates":[[[-122.4689814,37.7703691],[-122.4689433,37.7703959],[-122.4679836,37.7710792],[-122.4672228,37.7716321],[-122.4671809,37.7716577],[-122.4671303,37.7716783],[-122.4670852,37.7716938],[-122.4670373,37.7717054],[-122.4669891,37.7717115],[-122.4669454,37.7717139],[-122.4669,37.7717127],[-122.4668528,37.7717073],[-122.4667478,37.7716847],[-122.4666441,37.7716492],[-122.4665536,37.7716103],[-122.4663951,37.7715155],[-122.4662744,37.7714174],[-122.4661833,37.7713054],[-122.4661108,37.7711656],[-122.4660757,37.7710245],[-122.4660981,37.7708825],[-122.4661881,37.7707564],[-122.4661911,37.7707541],[-122.4663461,37.7706382],[-122.46685,37.7702739],[-122.4675709,37.7697583],[-122.4679112,37.7695208],[-122.467924,37.769532],[-122.4681414,37.7693831],[-122.4681868,37.7693816],[-122.4683129,37.7694927],[-122.4683672,37.7695134],[-122.468588,37.7697015],[-122.4688855,37.7699674],[-122.4691805,37.7702213],[-122.4689814,37.7703691]]]}},{"type":"Feature","properties":{"property_id":"w30900516","property_name":"Japanese Tea Garden"},"geometry":{"type":"Polygon","coordinates":[[[-122.4692131,37.7705116],[-122.4698547,37.7697084],[-122.4703056,37.769679],[-122.4704867,37.7696843],[-122.470539,37.7697074],[-122.4708428,37.7700354],[-122.4708911,37.7701541],[-122.4708281,37.7704318],[-122.4701242,37.7708747],[-122.4698998,37.7710069],[-122.4692131,37.7705116]]]}},{"type":"Feature","properties":{"property_id":"w32611483","property_name":"Filbert Steps Garden"},"geometry":{"type":"Polygon","coordinates":[[[-122.4046967,37.8018679],[-122.4046974,37.8018863],[-122.4047836,37.8018759],[-122.4048092,37.8020078],[-122.4053451,37.801943],[-122.4054379,37.8018587],[-122.4056181,37.8017502],[-122.4046967,37.8018679]]]}},{"type":"Feature","properties":{"property_id":"w32839638","property_name":"Aquatic Park Historic District"},"geometry":{"type":"Polygon","coordinates":[[[-122.421709,37.8079636],[-122.4216219,37.8078767],[-122.4216008,37.8077712],[-122.4215322,37.807434],[-122.4208211,37.8075189],[-122.4206717,37.8067721],[-122.4206762,37.8067714],[-122.4210066,37.806976],[-122.4210338,37.8070243],[-122.4211744,37.8071085],[-122.4212168,37.8071202],[-122.4212681,37.8071111],[-122.4212978,37.8070856],[-122.4213035,37.8070471],[-122.4212911,37.8070158],[-122.4212577,37.8069945],[-122.4211029,37.8069426],[-122.4208248,37.8067803],[-122.4207368,37.8067263],[-122.4221042,37.8065523],[-122.4243747,37.8062637],[-122.4243701,37.8062408],[-122.424894,37.8061748],[-122.4248794,37.8061035],[-122.4253174,37.8060442],[-122.4253777,37.8062884],[-122.4254434,37.8064178],[-122.4255282,37.8065528],[-122.4256908,37.8067589],[-122.4257978,37.8068508],[-122.4259333,37.8069597],[-122.4261189,37.8071415],[-122.426252,37.8073066],[-122.4261253,37.8073404],[-122.425877,37.8071579],[-122.4255194,37.8069585],[-122.4251049,37.806774],[-122.4247091,37.8066555],[-122.424679,37.8066449],[-122.4242548,37.8067168],[-122.4235526,37.8069036],[-122.4221837,37.8075995],[-122.421709,37.8079636]]]}},{"type":"Feature","properties":{"property_id":"w32862802","property_name":"Rincon Park"},"geometry":{"type":"Polygon","coordinates":[[[-122.3885032,37.7898884],[-122.3888245,37.7901686],[-122.3889781,37.7902987],[-122.3893153,37.79059],[-122.3895319,37.7907629],[-122.3897303,37.7909664],[-122.3899407,37.7911474],[-122.3900602,37.7912423],[-122.3901515,37.7913689],[-122.3902698,37.7915709],[-122.3905153,37.7920978],[-122.3905979,37.7922466],[-122.3907165,37.7924176],[-122.3907705,37.7924942],[-122.3906977,37.7925504],[-122.388835,37.7909874],[-122.3888492,37.7909767],[-122.3889803,37.7910789],[-122.389037,37.7910361],[-122.3884478,37.7899179],[-122.3885032,37.7898884]]]}},{"type":"Feature","properties":{"property_id":"w32946958","property_name":"Huntington Park"},"geometry":{"type":"Polygon","coordinates":[[[-122.4125374,37.792508],[-122.4122727,37.7925417],[-122.4122254,37.7925481],[-122.4119648,37.7925803],[-122.4118945,37.7922242],[-122.4118873,37.7921936],[-122.4118159,37.7918389],[-122.412079,37.7918058],[-122.4121232,37.7918001],[-122.4123888,37.791767],[-122.4124602,37.7921245],[-122.4124656,37.792156],[-122.4125374,37.792508]]]}},{"type":"Feature","properties":{"property_id":"w33619301","property_name":"Boeddeker Park"},"geometry":{"type":"Polygon","coordinates":[[[-122.4125942,37.7844231],[-122.412563,37.7842359],[-122.4125404,37.7841349],[-122.412528,37.7841089],[-122.4124996,37.7840884],[-122.4124473,37.7840746],[-122.4120584,37.7841141],[-122.412025,37.7841174],[-122.4120248,37.7841496],[-122.4119981,37.78415],[-122.4120044,37.7842105],[-122.4118739,37.784234],[-122.4119188,37.7844594],[-122.4118085,37.7844761],[-122.4118166,37.7845201],[-122.4116446,37.78454],[-122.4117203,37.7849227],[-122.411772,37.7849148],[-122.4118147,37.7849087],[-122.4119911,37.784884],[-122.411913,37.7845111],[-122.4125942,37.7844231]]]}},{"type":"Feature","properties":{"property_id":"w34218961","property_name":"Garden of Fragrance"},"geometry":{"type":"Polygon","coordinates":[[[-122.4684106,37.7679182],[-122.4684432,37.767874],[-122.4684587,37.7678576],[-122.4684684,37.7678473],[-122.468487,37.7678314],[-122.4685408,37.7677853],[-122.4685728,37.7677934],[-122.4686189,37.7678028],[-122.4686591,37.7678149],[-122.4686866,37.7678266],[-122.4687112,37.7678444],[-122.4687384,37.7678646],[-122.4687601,37.7679038],[-122.4687785,37.767924],[-122.4688125,37.7679615],[-122.4688459,37.7679766],[-122.4688537,37.7679777],[-122.4688489,37.7679897],[-122.4688415,37.768004],[-122.4688288,37.7680279],[-122.4688046,37.7680655],[-122.4688127,37.7680777],[-122.4688348,37.7680904],[-122.468869,37.7680989],[-122.4689213,37.7681005],[-122.4689314,37.7681058],[-122.4689488,37.7681355],[-122.468922,37.7681715],[-122.4688898,37.7682097],[-122.4688657,37.7682341],[-122.4688521,37.7682563],[-122.4688455,37.7682669],[-122.4688201,37.7682881],[-122.4687879,37.7683024],[-122.4687503,37.7683115],[-122.4686994,37.7683242],[-122.4686611,37.7683321],[-122.4686189,37.7683369],[-122.4685733,37.7683433],[-122.4685404,37.7683077],[-122.4684828,37.7682473],[-122.4684791,37.7682383],[-122.4684794,37.7682287],[-122.4684335,37.7682379],[-122.4683768,37.7682491],[-122.4683574,37.7681838],[-122.4683549,37.7681534],[-122.4683525,37.7681252],[-122.4683622,37.768066],[-122.4683673,37.7680444],[-122.468377,37.768004],[-122.4684106,37.7679182]]]}},{"type":"Feature","properties":{"property_id":"w34856612","property_name":"Kite Hill Open Space"},"geometry":{"type":"Polygon","coordinates":[[[-122.4414292,37.7578202],[-122.4413906,37.7578265],[-122.4413364,37.7579393],[-122.4411846,37.7580165],[-122.4412276,37.7581454],[-122.441236,37.7581558],[-122.4411024,37.7582235],[-122.4409471,37.7583022],[-122.440983,37.7586448],[-122.4411367,37.7586327],[-122.4411541,37.7587525],[-122.441651,37.7587633],[-122.4417472,37.7587997],[-122.441758,37.7589074],[-122.4417817,37.7589444],[-122.4418512,37.7589427],[-122.441994,37.7589281],[-122.4420442,37.7589239],[-122.4420912,37.7589191],[-122.4421274,37.7589],[-122.4421388,37.7588613],[-122.4421368,37.7587362],[-122.4421798,37.758527],[-122.4422067,37.7581475],[-122.4422206,37.7579845],[-122.4422209,37.7579164],[-122.4422246,37.7578419],[-122.4420264,37.7577704],[-122.4418949,37.7577463],[-122.441528,37.7578015],[-122.4414292,37.7578202]]]}},{"type":"Feature","properties":{"property_id":"w35049434","property_name":"Willie \"Woo Woo\" Wong Park"},"geometry":{"type":"Polygon","coordinates":[[[-122.4072692,37.7933097],[-122.4068752,37.7933585],[-122.4069116,37.7935417],[-122.4067656,37.7935598],[-122.4067894,37.7936792],[-122.4071228,37.7936397],[-122.4071543,37.7938067],[-122.4072639,37.7937908],[-122.4072774,37.7938587],[-122.4074426,37.7938382],[-122.4073784,37.7935144],[-122.4073115,37.7935227],[-122.4072692,37.7933097]]]}},{"type":"Feature","properties":{"property_id":"w35065721","property_name":"Joe DiMaggio Playground"},"geometry":{"type":"Polygon","coordinates":[[[-122.4120669,37.8021084],[-122.4113545,37.8021965],[-122.4115085,37.8029376],[-122.4120771,37.8028698],[-122.4129642,37.8027574],[-122.4128993,37.8024607],[-122.4128645,37.8023153],[-122.4127651,37.8022266],[-122.4125076,37.8020464],[-122.4120669,37.8021084]]]}},{"type":"Feature","properties":{"property_id":"w35800082","property_name":"Glen Canyon Park"},"geometry":{"type":"Polygon","coordinates":[[[-122.4400868,37.7349685],[-122.4400511,37.7349865],[-122.4399266,37.7352438],[-122.4399132,37.7352826],[-122.4399093,37.735294],[-122.4398772,37.7354442],[-122.4398519,37.7355282],[-122.439833,37.7356436],[-122.4398269,37.735726],[-122.4398209,37.7359911],[-122.4398166,37.7361041],[-122.4398092,37.7364445],[-122.4397704,37.7370982],[-122.439777,37.737145],[-122.4398177,37.7373104],[-122.4398603,37.7374698],[-122.4399159,37.7376099],[-122.4399853,37.7377041],[-122.4400746,37.737802],[-122.440143,37.7378811],[-122.4401925,37.7379835],[-122.4402096,37.7380528],[-122.4402129,37.7381197],[-122.4401993,37.7382048],[-122.4401627,37.7383216],[-122.4401169,37.7384336],[-122.44007,37.7385138],[-122.4400206,37.738566],[-122.4399558,37.7386109],[-122.4397147,37.7387619],[-122.4398277,37.739108],[-122.4397912,37.7397082],[-122.4399373,37.7401797],[-122.4399608,37.7402554],[-122.4399677,37.7402776],[-122.4399799,37.740317],[-122.4399799,37.7407243],[-122.4408382,37.7413827],[-122.4408214,37.7415894],[-122.4408207,37.7415971],[-122.4408039,37.7418035],[-122.4408371,37.7418448],[-122.4412181,37.7423064],[-122.4412588,37.7423557],[-122.4414648,37.7426044],[-122.4420141,37.7439686],[-122.4439539,37.742808],[-122.4456362,37.7434528],[-122.4459945,37.7437626],[-122.4460777,37.7443363],[-122.4460934,37.7443673],[-122.4461789,37.7445359],[-122.4465938,37.7451157],[-122.446998,37.7455485],[-122.4472153,37.7456711],[-122.4471223,37.745357],[-122.4469837,37.7450647],[-122.4468219,37.7447207],[-122.446821,37.7444182],[-122.4468219,37.744076],[-122.4469624,37.7436429],[-122.4470901,37.7431343],[-122.4479206,37.7427932],[-122.4472358,37.7427243],[-122.4467908,37.7426455],[-122.4465325,37.7425224],[-122.446452,37.7424841],[-122.4463445,37.7424053],[-122.4462409,37.7423009],[-122.4461613,37.7421966],[-122.4461101,37.7420891],[-122.4460885,37.7420313],[-122.4460698,37.7419715],[-122.4460483,37.7418372],[-122.4460354,37.7417079],[-122.4460167,37.7415616],[-122.445999,37.7414912],[-122.4459776,37.741424],[-122.4459406,37.7413559],[-122.4458935,37.7412872],[-122.4458432,37.7412383],[-122.4457814,37.7411887],[-122.4456746,37.7411415],[-122.4455825,37.7411034],[-122.44547,37.7410797],[-122.4451145,37.7410297],[-122.4449501,37.7410032],[-122.4447923,37.7409627],[-122.4445401,37.7408568],[-122.4444354,37.7407947],[-122.4443255,37.740709],[-122.4442116,37.740595],[-122.4441095,37.7404573],[-122.4440087,37.74033],[-122.4438769,37.7402089],[-122.4437522,37.7401302],[-122.4435546,37.7400536],[-122.4429864,37.7399379],[-122.4427643,37.7398663],[-122.4425676,37.7397565],[-122.4423714,37.7395019],[-122.4423382,37.7391724],[-122.4424576,37.7385882],[-122.4424549,37.7383277],[-122.4422684,37.7378352],[-122.4422158,37.7375149],[-122.4423443,37.7371969],[-122.4426228,37.7369666],[-122.4430594,37.7366772],[-122.4433409,37.7364907],[-122.4436966,37.7362928],[-122.4437542,37.7360855],[-122.443686,37.7359001],[-122.4435424,37.7357886],[-122.4431902,37.7357696],[-122.4423926,37.7360028],[-122.4424433,37.7366653],[-122.4420822,37.7367385],[-122.4417738,37.7368011],[-122.4418007,37.7365362],[-122.4418454,37.7360956],[-122.4417738,37.7360544],[-122.4412519,37.7358511],[-122.4409269,37.7355542],[-122.4406532,37.7351747],[-122.4405624,37.7351038],[-122.4400868,37.7349685]]]}},{"type":"Feature","properties":{"property_id":"w38224213","property_name":"Sunset Tunnel Park"},"geometry":{"type":"Polygon","coordinates":[[[-122.4493287,37.7659902],[-122.4490082,37.7660251],[-122.4490459,37.7662132],[-122.4489265,37.7662811],[-122.4488104,37.7663386],[-122.4487228,37.7663565],[-122.4485942,37.7663536],[-122.4484607,37.7663744],[-122.4482376,37.7664051],[-122.4480216,37.7664332],[-122.4480654,37.7666261],[-122.4485043,37.7665764],[-122.4484986,37.7665407],[-122.4487048,37.7665055],[-122.4488337,37.7664743],[-122.4490237,37.7664076],[-122.4495911,37.766337],[-122.4495176,37.7659707],[-122.4494604,37.7659769],[-122.4493317,37.766104],[-122.4491807,37.7662433],[-122.449126,37.766291],[-122.4490664,37.766332],[-122.4490098,37.7663675],[-122.4489458,37.7663975],[-122.4488728,37.7664289],[-122.4487976,37.7664523],[-122.4487149,37.7664727],[-122.4486899,37.7663999],[-122.4487691,37.766384],[-122.4488421,37.7663592],[-122.4489037,37.7663301],[-122.4489645,37.7663004],[-122.4490172,37.7662672],[-122.4490602,37.7662344],[-122.4491113,37.7661918],[-122.4491931,37.7661175],[-122.4493287,37.7659902]]]}},{"type":"Feature","properties":{"property_id":"w39335773","property_name":"Excelsior Playground"},"geometry":{"type":"Polygon","coordinates":[[[-122.4338428,37.7200825],[-122.433539,37.7204652],[-122.433204,37.7208884],[-122.4326333,37.7206081],[-122.4330155,37.7200894],[-122.4331266,37.7199457],[-122.4332394,37.7197999],[-122.4335217,37.7199344],[-122.4335477,37.7199452],[-122.4338428,37.7200825]]]}},{"type":"Feature","properties":{"property_id":"w39997532","property_name":"Palega Recreation Center"},"geometry":{"type":"Polygon","coordinates":[[[-122.4104814,37.7285856],[-122.4093812,37.7288828],[-122.4093198,37.7288989],[-122.4093167,37.728892],[-122.4086857,37.7290565],[-122.4091326,37.7301064],[-122.4109188,37.7296429],[-122.4104814,37.7285856]]]}},{"type":"Feature","properties":{"property_id":"w40060675","property_name":"Candlestick Point State Recreation Area"},"geometry":{"type":"Polygon","coordinates":[[[-122.37739,37.7143901],[-122.3782182,37.7136987],[-122.378833,37.7130406],[-122.3795553,37.712074],[-122.3799005,37.7116699],[-122.3800883,37.7114959],[-122.3801097,37.711029],[-122.3800854,37.7106027],[-122.3794465,37.7103521],[-122.3789057,37.7099582],[-122.3788457,37.709741],[-122.3787255,37.7094965],[-122.3784848,37.7092797],[-122.3784079,37.7089601],[-122.378344,37.7088532],[-122.3782194,37.7087486],[-122.377932,37.7085884],[-122.3777814,37.7085594],[-122.3770175,37.7088378],[-122.3768334,37.7089143],[-122.3765883,37.7092249],[-122.376348,37.7096391],[-122.3761632,37.7096864],[-122.3758828,37.7096959],[-122.3756957,37.7096323],[-122.3752545,37.7093519],[-122.3750996,37.7092538],[-122.3749451,37.7091791],[-122.3747859,37.7091298],[-122.3746314,37.709028],[-122.3744683,37.7088922],[-122.3744049,37.7087925],[-122.3744129,37.7086766],[-122.374589,37.708541],[-122.3746571,37.7085187],[-122.3760523,37.7083846],[-122.3770225,37.708419],[-122.3777627,37.708441],[-122.3782879,37.7084376],[-122.3784938,37.7084168],[-122.3787989,37.7084661],[-122.3791217,37.708422],[-122.3794794,37.7084268],[-122.3799193,37.7086228],[-122.380245,37.708747],[-122.3805657,37.7088243],[-122.3808172,37.7088185],[-122.3812713,37.7088832],[-122.3816489,37.7088561],[-122.3819442,37.7089058],[-122.3822531,37.7091502],[-122.3830695,37.7091416],[-122.3836951,37.7091774],[-122.3844418,37.7092724],[-122.3847594,37.7094014],[-122.3855653,37.7098026],[-122.3858014,37.7099681],[-122.3860374,37.7099935],[-122.3870137,37.7095564],[-122.3879954,37.7087628],[-122.3882154,37.7087119],[-122.3883709,37.7088265],[-122.3885533,37.7088392],[-122.3897228,37.7096031],[-122.3901251,37.7094036],[-122.3903129,37.709253],[-122.3905396,37.709177],[-122.3914447,37.7096413],[-122.3915896,37.709828],[-122.3912275,37.7101187],[-122.3910075,37.7102163],[-122.3907715,37.7102842],[-122.3887867,37.7104116],[-122.3870041,37.7109225],[-122.3867436,37.710981],[-122.3865745,37.7109844],[-122.3864001,37.7109607],[-122.3862547,37.7108995],[-122.3861067,37.7108132],[-122.3852265,37.7099782],[-122.385135,37.7098672],[-122.3848519,37.7096498],[-122.3843905,37.7094524],[-122.3838085,37.7093082],[-122.3828053,37.7093039],[-122.3823521,37.7093294],[-122.3819336,37.7094758],[-122.3817244,37.7096201],[-122.3816144,37.7097665],[-122.3814964,37.7100508],[-122.3814695,37.7105672],[-122.3815054,37.7142875],[-122.3815055,37.7142908],[-122.3815957,37.7144813],[-122.3817459,37.7146871],[-122.3823671,37.7150959],[-122.3812409,37.7162782],[-122.3850235,37.718436],[-122.3838741,37.7197423],[-122.3850841,37.7204221],[-122.3852588,37.7201765],[-122.3859355,37.7205982],[-122.3842672,37.7225247],[-122.3872766,37.7243153],[-122.3867831,37.7249008],[-122.385399,37.7241795],[-122.3843309,37.7253819],[-122.3841254,37.7253655],[-122.384014,37.7254728],[-122.383609,37.7259191],[-122.3821168,37.7250979],[-122.3825313,37.7246311],[-122.3817552,37.7241767],[-122.3806788,37.7235585],[-122.3804875,37.7234576],[-122.3810426,37.7228409],[-122.3813265,37.7225275],[-122.3816,37.7222271],[-122.3822126,37.7222404],[-122.383889,37.7231908],[-122.3839426,37.7234391],[-122.3844495,37.7235451],[-122.3851764,37.7239822],[-122.3863217,37.7243916],[-122.3866409,37.7243025],[-122.3867723,37.7241137],[-122.3852945,37.7232592],[-122.3849363,37.7232319],[-122.3844294,37.7227968],[-122.3829797,37.72199],[-122.3826456,37.7217306],[-122.3829804,37.721072],[-122.3832184,37.7209165],[-122.3833767,37.7204667],[-122.3831749,37.7200892],[-122.3827758,37.7198472],[-122.3821267,37.7195841],[-122.3816939,37.7193176],[-122.3814079,37.7189476],[-122.3810431,37.7187821],[-122.3804902,37.7187828],[-122.3799485,37.7184939],[-122.3796001,37.7182644],[-122.3792675,37.7178952],[-122.3786553,37.7176203],[-122.3784235,37.7174918],[-122.3782936,37.7172634],[-122.3777093,37.7171194],[-122.377057,37.7167799],[-122.3759862,37.7160655],[-122.3764658,37.7154465],[-122.376663,37.7152244],[-122.3769684,37.7149461],[-122.37739,37.7143901]]]}},{"type":"Feature","properties":{"property_id":"w43100742","property_name":"Victoria Manalo Draves Park"},"geometry":{"type":"Polygon","coordinates":[[[-122.4064176,37.7777344],[-122.4063527,37.7776827],[-122.4056597,37.7771306],[-122.4056525,37.7771249],[-122.4056423,37.7771168],[-122.4050733,37.7766635],[-122.4053063,37.7764809],[-122.4054668,37.776355],[-122.4055455,37.7762933],[-122.4056323,37.7763594],[-122.4057905,37.7764797],[-122.4058623,37.7765328],[-122.4061168,37.7767454],[-122.4061291,37.7767556],[-122.4061433,37.776768],[-122.4064377,37.7770154],[-122.4068676,37.7773768],[-122.406477,37.7776872],[-122.4064176,37.7777344]]]}},{"type":"Feature","properties":{"property_id":"w43762562","property_name":"Westlake Park"},"geometry":{"type":"Polygon","coordinates":[[[-122.4831142,37.7025743],[-122.4833359,37.702565],[-122.4837057,37.7025597],[-122.483943,37.7025525],[-122.4839536,37.7025538],[-122.4839625,37.7025581],[-122.4839686,37.702564],[-122.4840144,37.7026195],[-122.4840193,37.702624],[-122.484025,37.7026273],[-122.4840317,37.7026291],[-122.4840642,37.7026295],[-122.4843198,37.7026171],[-122.4843318,37.7026179],[-122.4843451,37.702621],[-122.4843586,37.7026265],[-122.4843734,37.7026347],[-122.4843872,37.7026451],[-122.4843987,37.7026567],[-122.4844094,37.702672],[-122.4844162,37.7026875],[-122.4844198,37.7027024],[-122.4844207,37.7027188],[-122.4844184,37.7027342],[-122.4843401,37.7030319],[-122.4843384,37.7030445],[-122.4843401,37.7030582],[-122.4843449,37.7030726],[-122.4843527,37.7030841],[-122.4843634,37.7030946],[-122.4843771,37.7031039],[-122.4843935,37.7031112],[-122.4844108,37.7031158],[-122.4844626,37.7031247],[-122.4846631,37.7031595],[-122.4849635,37.7032061],[-122.4849843,37.7032073],[-122.4850194,37.7034557],[-122.4850379,37.7035008],[-122.485107,37.7035618],[-122.4852221,37.7036271],[-122.4854619,37.7036715],[-122.4855941,37.7035779],[-122.4857372,37.7035437],[-122.4857814,37.7054454],[-122.4856185,37.705446],[-122.4855786,37.7054462],[-122.4853491,37.7054468],[-122.4852717,37.7054462],[-122.4852788,37.7054399],[-122.4851458,37.7054403],[-122.4844592,37.7054444],[-122.4841584,37.7054441],[-122.4835874,37.7054473],[-122.483358,37.7054486],[-122.4829825,37.7043336],[-122.4831142,37.7025743]]]}},{"type":"Feature","properties":{"property_id":"w43762580","property_name":"Frankfort Park"},"geometry":{"type":"Polygon","coordinates":[[[-122.44949,37.7050007],[-122.4493541,37.7047267],[-122.4500003,37.7045161],[-122.4502905,37.7047419],[-122.4501353,37.7047921],[-122.4499285,37.7048589],[-122.44949,37.7050007]]]}},{"type":"Feature","properties":{"property_id":"w43762635","property_name":"Marchbank Park"},"geometry":{"type":"Polygon","coordinates":[[[-122.4664355,37.7012781],[-122.4664388,37.7012014],[-122.4664837,37.7011284],[-122.4665437,37.7010825],[-122.4666072,37.7010648],[-122.4668205,37.7010636],[-122.4670694,37.7010667],[-122.4680302,37.7009206],[-122.4689599,37.7006817],[-122.4690839,37.7005626],[-122.469476,37.7005626],[-122.4694841,37.7007654],[-122.4696197,37.7008045],[-122.4696254,37.7012944],[-122.4696232,37.7015246],[-122.469614,37.7018283],[-122.4695796,37.7018507],[-122.4695102,37.7018805],[-122.4694262,37.7019039],[-122.469322,37.7019057],[-122.4688481,37.7018674],[-122.4686922,37.7018453],[-122.4685451,37.7018197],[-122.4682781,37.7017488],[-122.4678753,37.7016407],[-122.4676119,37.7015772],[-122.4668198,37.7014749],[-122.4666524,37.7014581],[-122.4665946,37.7014295],[-122.466479,37.7013426],[-122.4664355,37.7012781]]]}},{"type":"Feature","properties":{"property_id":"r8510184","property_name":"Lincoln Park"},"geometry":{"type":"MultiPolygon","coordinates":[[[[-122.5010847,37.7813676],[-122.5012455,37.7832094],[-122.501266,37.7834442],[-122.5016968,37.7839442],[-122.5041416,37.7840131],[-122.5050642,37.7852378],[-122.5035113,37.786024],[-122.5033447,37.7864806],[-122.5023993,37.7870383],[-122.501802,37.787189],[-122.5011594,37.7870081],[-122.5010102,37.786391],[-122.5006032,37.7861037],[-122.5001279,37.7859622],[-122.4995102,37.7864434],[-122.4993312,37.7865518],[-122.4989523,37.7865809],[-122.4985857,37.7865815],[-122.4982209,37.7865515],[-122.4978645,37.7864735],[-122.4973103,37.7862933],[-122.4970689,37.7864597],[-122.4967631,37.786464],[-122.4959404,37.7865832],[-122.4957332,37.7866584],[-122.4951357,37.7866995],[-122.4941124,37.7864498],[-122.4939247,37.7867889],[-122.4937976,37.7868758]]],[[[-122.4937976,37.7868758],[-122.4937425,37.7864105]]],[[[-122.4944215,37.7816826],[-122.4934004,37.7817327],[-122.4933526,37.781735],[-122.4934107,37.7825617],[-122.4934102,37.782564],[-122.4934773,37.7834447],[-122.4934823,37.7835061],[-122.4936362,37.7854918],[-122.4937425,37.7864105]]],[[[-122.4946713,37.7816663],[-122.4944215,37.7816826]]],[[[-122.5010847,37.7813676],[-122.4982185,37.7814859],[-122.496812,37.7815497],[-122.495427,37.7816183],[-122.4946713,37.7816663]]]]}},{"type":"Feature","properties":{"property_id":"w43762856","property_name":"Mission Hills Park"},"geometry":{"type":"Polygon","coordinates":[[[-122.4408059,37.7079566],[-122.4411385,37.7073964],[-122.4411868,37.7073497],[-122.4412472,37.7073466],[-122.4413531,37.7073667],[-122.4414617,37.7073625],[-122.4415623,37.7073975],[-122.4417125,37.7076808],[-122.4408623,37.7079736],[-122.4408059,37.7079566]]]}},{"type":"Feature","properties":{"property_id":"w43762861","property_name":"Arden Park"},"geometry":{"type":"Polygon","coordinates":[[[-122.429424,37.7056602],[-122.4292128,37.7055844],[-122.4290952,37.7055238],[-122.4290093,37.7054262],[-122.4290281,37.7053689],[-122.4296772,37.7054602],[-122.429424,37.7056602]]]}},{"type":"Feature","properties":{"property_id":"w48435252","property_name":"Aptos Playground"},"geometry":{"type":"Polygon","coordinates":[[[-122.4668388,37.7275336],[-122.4672064,37.7278708],[-122.4673617,37.7280436],[-122.467418,37.7281072],[-122.4674301,37.7281429],[-122.4675511,37.7283173],[-122.4670911,37.7287533],[-122.4666428,37.729352],[-122.4654253,37.7291397],[-122.4658022,37.7285715],[-122.4662354,37.7280712],[-122.4663861,37.7279165],[-122.4663976,37.7278785],[-122.4668388,37.7275336]]]}},{"type":"Feature","properties":{"property_id":"w48435281","property_name":"Terrace Green Park"},"geometry":{"type":"Polygon","coordinates":[[[-122.4656078,37.7373126],[-122.4657808,37.7369531],[-122.4642466,37.7362075],[-122.4639931,37.7365013],[-122.4642796,37.7366843],[-122.465041,37.7370821],[-122.4656078,37.7373126]]]}},{"type":"Feature","properties":{"property_id":"w48569996","property_name":"Mission Bay Commons"},"geometry":{"type":"Polygon","coordinates":[[[-122.3893314,37.7707235],[-122.3865785,37.7708875],[-122.3865987,37.7709753],[-122.3866251,37.7710711],[-122.3866532,37.7711603],[-122.386686,37.7712444],[-122.3893645,37.7710789],[-122.3893314,37.7707235]]]}},{"type":"Feature","properties":{"property_id":"w52243885","property_name":"Rochambeau Playground"},"geometry":{"type":"Polygon","coordinates":[[[-122.4849884,37.7850262],[-122.4849599,37.7846243],[-122.4841293,37.7846611],[-122.484132,37.7846913],[-122.4841495,37.7848691],[-122.4841616,37.7850502],[-122.4841624,37.7850618],[-122.4844503,37.78505],[-122.4847581,37.7850364],[-122.4849884,37.7850262]]]}},{"type":"Feature","properties":{"property_id":"w68705976","property_name":"Allyne Park"},"geometry":{"type":"Polygon","coordinates":[[[-122.4279184,37.7972017],[-122.4279533,37.7973708],[-122.4279759,37.7974788],[-122.4280554,37.7974683],[-122.4280681,37.7975267],[-122.4280903,37.7976291],[-122.4273224,37.7977311],[-122.4272315,37.7972941],[-122.4279184,37.7972017]]]}},{"type":"Feature","properties":{"property_id":"w68854101","property_name":"Cayuga Park"},"geometry":{"type":"Polygon","coordinates":[[[-122.451339,37.7136609],[-122.4506738,37.7142041],[-122.4500515,37.7146964],[-122.4499812,37.7146405],[-122.4495821,37.7143208],[-122.449399,37.7141706],[-122.4497923,37.7138662],[-122.4496411,37.7137458],[-122.4500066,37.7135794],[-122.4501723,37.7134995],[-122.4505236,37.7133066],[-122.4506631,37.7132249],[-122.4507057,37.7132371],[-122.4507682,37.7132601],[-122.4508534,37.7132898],[-122.4509724,37.7133305],[-122.4510263,37.7133682],[-122.4512317,37.7135273],[-122.4511995,37.713557],[-122.451339,37.7136609]]]}},{"type":"Feature","properties":{"property_id":"w68881693","property_name":"Parque Ni\u00f1os Unidos"},"geometry":{"type":"Polygon","coordinates":[[[-122.4133271,37.7547708],[-122.4133084,37.7545703],[-122.4133025,37.7545112],[-122.4132815,37.7542809],[-122.4132812,37.7542755],[-122.4132824,37.7542701],[-122.4132844,37.7542652],[-122.4132881,37.7542602],[-122.4132929,37.7542569],[-122.4132988,37.7542538],[-122.4133052,37.7542518],[-122.4133134,37.7542504],[-122.4134973,37.7542387],[-122.4137884,37.7542224],[-122.4138176,37.7542186],[-122.4140741,37.7542025],[-122.4140928,37.7542057],[-122.4141022,37.7542152],[-122.4141049,37.7542279],[-122.4141089,37.7542428],[-122.4141036,37.7542576],[-122.4136131,37.7545549],[-122.4134559,37.7546696],[-122.4133901,37.754721],[-122.4133271,37.7547708]]]}},{"type":"Feature","properties":{"property_id":"w68883459","property_name":"Adam Rodgers Park"},"geometry":{"type":"Polygon","coordinates":[[[-122.3835247,37.7302681],[-122.384493,37.7308229],[-122.3846794,37.7309385],[-122.3844433,37.731209],[-122.3845064,37.7312779],[-122.3844549,37.7313052],[-122.3841362,37.7314741],[-122.3839927,37.7313394],[-122.3836978,37.7315226],[-122.383901,37.731726],[-122.3837929,37.731799],[-122.3835754,37.7315889],[-122.3832061,37.7314156],[-122.3832047,37.7312529],[-122.3833005,37.7310142],[-122.3832065,37.7309012],[-122.383349,37.730773],[-122.3834214,37.7307667],[-122.3834402,37.7307571],[-122.3835435,37.7306606],[-122.3835475,37.7306426],[-122.3835475,37.7306245],[-122.3835381,37.7306065],[-122.3835072,37.7305789],[-122.383416,37.7305121],[-122.3834,37.7305057],[-122.3833731,37.7305047],[-122.3833463,37.73051],[-122.3833222,37.7305216],[-122.383298,37.7305322],[-122.3832806,37.7305354],[-122.3832578,37.7305301],[-122.3832484,37.7305238],[-122.3835247,37.7302681]]]}},{"type":"Feature","properties":{"property_id":"w68886068","property_name":"Alice Chalmers Playground"},"geometry":{"type":"Polygon","coordinates":[[[-122.4473664,37.7099137],[-122.4470767,37.7093769],[-122.4459958,37.7097482],[-122.4462935,37.7102745],[-122.4473664,37.7099137]]]}},{"type":"Feature","properties":{"property_id":"w69020319","property_name":"Little Marina Green"},"geometry":{"type":"Polygon","coordinates":[[[-122.448252,37.8051773],[-122.4483367,37.8056224],[-122.4483515,37.805711],[-122.4484062,37.8059869],[-122.4483924,37.8060892],[-122.4483431,37.8061628],[-122.4482797,37.8062238],[-122.4481876,37.8062539],[-122.4479974,37.8063112],[-122.4480014,37.8063303],[-122.4476525,37.8064292],[-122.4473937,37.8052812],[-122.448252,37.8051773]]]}},{"type":"Feature","properties":{"property_id":"w69032470","property_name":"Angelo Rossi Park"},"geometry":{"type":"Polygon","coordinates":[[[-122.4569123,37.7781552],[-122.456304,37.7782381],[-122.4565464,37.7794853],[-122.4565552,37.7795117],[-122.4565773,37.7795312],[-122.456607,37.7795406],[-122.4566333,37.7795386],[-122.4566741,37.7795265],[-122.4567658,37.7795023],[-122.4569811,37.7794699],[-122.4577997,37.7793708],[-122.4585698,37.7792694],[-122.4584846,37.7781011],[-122.4580699,37.7781538],[-122.4577436,37.7781949],[-122.457554,37.7782197],[-122.4571751,37.7782728],[-122.4571401,37.7782758],[-122.4571058,37.7782752],[-122.45708,37.7782719],[-122.457051,37.7782654],[-122.4570235,37.7782568],[-122.4570003,37.7782471],[-122.4569768,37.7782354],[-122.4569548,37.7782193],[-122.4569382,37.7782014],[-122.4569234,37.7781822],[-122.4569123,37.7781552]]]}},{"type":"Feature","properties":{"property_id":"w69060030","property_name":"Helen Wills Park"},"geometry":{"type":"Polygon","coordinates":[[[-122.4211626,37.7959047],[-122.4210902,37.7955476],[-122.4201675,37.7956727],[-122.4202305,37.7959832],[-122.4209239,37.7959376],[-122.4209695,37.7959312],[-122.4211626,37.7959047]]]}},{"type":"Feature","properties":{"property_id":"w82207054","property_name":"Fort Mason"},"geometry":{"type":"Polygon","coordinates":[[[-122.4293014,37.8078969],[-122.4298406,37.8078249],[-122.430117,37.8091938],[-122.430141,37.8092192],[-122.4301758,37.809232],[-122.4306063,37.80918],[-122.4306425,37.809161],[-122.4306546,37.8091292],[-122.430318,37.8074572],[-122.430377,37.8073947],[-122.4309255,37.8073269],[-122.4309939,37.8073703],[-122.431335,37.8090582],[-122.4313654,37.8090751],[-122.4313949,37.8090857],[-122.4316913,37.8090444],[-122.4317342,37.8090264],[-122.4317476,37.8089893],[-122.4314016,37.8073152],[-122.4314539,37.807258],[-122.4320078,37.807187],[-122.4320829,37.8072304],[-122.4323498,37.8085464],[-122.4326287,37.8085093],[-122.4325217,37.8079662],[-122.4323551,37.8071203],[-122.4323327,37.8069626],[-122.4321276,37.8059729],[-122.4321133,37.8059086],[-122.4321115,37.8058993],[-122.4320376,37.8055685],[-122.431992,37.8053206],[-122.4319751,37.8052402],[-122.4319653,37.805192],[-122.4319476,37.8050159],[-122.4317736,37.8041598],[-122.4316431,37.8035144],[-122.4315554,37.8034374],[-122.4315044,37.8034292],[-122.4301842,37.8035952],[-122.4301748,37.8035964],[-122.4299817,37.8036219],[-122.4285717,37.8038093],[-122.4253643,37.8042355],[-122.42537,37.8042605],[-122.4255532,37.8051403],[-122.4257246,37.8059905],[-122.4258424,37.8065723],[-122.4259724,37.8067127],[-122.4260756,37.8068271],[-122.4262251,37.8067754],[-122.4262598,37.8068442],[-122.4263549,37.8068851],[-122.4264132,37.8069162],[-122.4265023,37.8069718],[-122.4265853,37.8070505],[-122.4266305,37.807117],[-122.4266506,37.8071593],[-122.4266674,37.8072226],[-122.4266613,37.8074112],[-122.4266645,37.8075502],[-122.4266925,37.8076881],[-122.4267315,37.8077769],[-122.4267785,37.8078649],[-122.4268481,37.8079794],[-122.4267148,37.8080352],[-122.4267388,37.8081526],[-122.4268689,37.8081244],[-122.4270283,37.8081142],[-122.4270648,37.8081125],[-122.4274435,37.8081592],[-122.4276586,37.8082286],[-122.4278919,37.8082392],[-122.428077,37.8083123],[-122.4281535,37.8083172],[-122.4283338,37.8082561],[-122.4285397,37.808201],[-122.4287543,37.808107],[-122.429001,37.8079827],[-122.4290506,37.8079743],[-122.4290989,37.8079944],[-122.4291807,37.8080135],[-122.4292411,37.8080114],[-122.4292773,37.80797],[-122.4293014,37.8078969]]]}},{"type":"Feature","properties":{"property_id":"w82480067","property_name":"Bayview Playground"},"geometry":{"type":"Polygon","coordinates":[[[-122.3935795,37.7252121],[-122.3940886,37.7254913],[-122.3938097,37.7261092],[-122.3938097,37.726132],[-122.3934987,37.7268138],[-122.3923986,37.7261959],[-122.3933631,37.7251316],[-122.3935795,37.7252121]]]}},{"type":"Feature","properties":{"property_id":"w82480273","property_name":"Crocker Amazon Playground"},"geometry":{"type":"Polygon","coordinates":[[[-122.4311478,37.7165055],[-122.430494,37.7163534],[-122.4302608,37.7162992],[-122.4293748,37.7160931],[-122.4292497,37.716064],[-122.4273374,37.7156193],[-122.4272613,37.7156084],[-122.4271482,37.7155754],[-122.4272612,37.7154239],[-122.4274385,37.7148655],[-122.4276187,37.7142979],[-122.4275605,37.7141645],[-122.4275488,37.714106],[-122.4275329,37.7140263],[-122.4276106,37.7138228],[-122.4277338,37.7135001],[-122.4277987,37.71333],[-122.4283165,37.7119945],[-122.4290312,37.7123175],[-122.4294504,37.7124047],[-122.4305407,37.7126391],[-122.4315188,37.712842],[-122.4328137,37.7131081],[-122.4329282,37.7131317],[-122.4331425,37.713176],[-122.4332648,37.7132014],[-122.4335288,37.7132569],[-122.4335317,37.7132586],[-122.4335342,37.7132604],[-122.4335376,37.7132645],[-122.4335393,37.7132686],[-122.4335397,37.7132727],[-122.4335398,37.7132769],[-122.433539,37.713281],[-122.4335377,37.7132847],[-122.4335355,37.7132884],[-122.4327592,37.7143796],[-122.4327494,37.7143925],[-122.432744,37.7143988],[-122.4327378,37.714405],[-122.4327314,37.7144111],[-122.4327242,37.7144169],[-122.4327093,37.7144284],[-122.4326914,37.7144443],[-122.4326827,37.7144527],[-122.4326745,37.7144613],[-122.4326663,37.7144702],[-122.432645,37.7144967],[-122.4326306,37.7145144],[-122.4320214,37.71532],[-122.4319884,37.7153648],[-122.4318658,37.7155312],[-122.4318587,37.7155408],[-122.4315641,37.7159406],[-122.4314783,37.716057],[-122.4311478,37.7165055]]]}},{"type":"Feature","properties":{"property_id":"w82480966","property_name":"Bayview Park"},"geometry":{"type":"Polygon","coordinates":[[[-122.3944935,37.7178951],[-122.3946545,37.7181072],[-122.394354,37.7183788],[-122.39367,37.718095],[-122.3930421,37.7174242],[-122.3925409,37.7170634],[-122.3917502,37.716686],[-122.391306,37.7164157],[-122.3909305,37.7162934],[-122.3883781,37.713312],[-122.3878524,37.7120304],[-122.3879918,37.7119116],[-122.3886034,37.7125227],[-122.3906955,37.7124039],[-122.3916504,37.7136176],[-122.3962638,37.7144154],[-122.3975298,37.7161552],[-122.3958883,37.7166645],[-122.395266,37.7175217],[-122.3944935,37.7178951]]]}},{"type":"Feature","properties":{"property_id":"w84821725","property_name":"Koret Quad"},"geometry":{"type":"Polygon","coordinates":[[[-122.3926892,37.7685314],[-122.3911279,37.7686247],[-122.3910499,37.7678037],[-122.3926134,37.7677087],[-122.3926892,37.7685314]]]}},{"type":"Feature","properties":{"property_id":"w85676254","property_name":"Edgehill Mountain Open Space"},"geometry":{"type":"Polygon","coordinates":[[[-122.4598324,37.7425771],[-122.4606478,37.7420086],[-122.4603903,37.7417202],[-122.4601114,37.741928],[-122.4598003,37.7416311],[-122.4599719,37.7414911],[-122.459414,37.741279],[-122.4592435,37.7417663],[-122.4590331,37.7423607],[-122.4591297,37.7423819],[-122.4593175,37.7424583],[-122.4598324,37.7425771]]]}},{"type":"Feature","properties":{"property_id":"w85684053","property_name":"Douglass Playground"},"geometry":{"type":"Polygon","coordinates":[[[-122.4383601,37.7485762],[-122.4382873,37.747906],[-122.4382049,37.7471221],[-122.4393845,37.7473748],[-122.4391282,37.7476719],[-122.4391796,37.7485692],[-122.4383601,37.7485762]]]}},{"type":"Feature","properties":{"property_id":"w85686582","property_name":"Dorothy W. Erskine Park"},"geometry":{"type":"Polygon","coordinates":[[[-122.4396928,37.7333279],[-122.4391483,37.7333279],[-122.4391431,37.7334018],[-122.4390252,37.73338],[-122.4387791,37.7341262],[-122.4398666,37.7345073],[-122.440039,37.734157],[-122.4397279,37.734053],[-122.4396928,37.7333279]]]}},{"type":"Feature","properties":{"property_id":"w85687774","property_name":"Noe Valley Courts"},"geometry":{"type":"Polygon","coordinates":[[[-122.4392495,37.7517001],[-122.4391876,37.7510768],[-122.4385932,37.7511137],[-122.4386551,37.751737],[-122.4392495,37.7517001]]]}},{"type":"Feature","properties":{"property_id":"w85689113","property_name":"Duncan-Castro Open Space"},"geometry":{"type":"Polygon","coordinates":[[[-122.4337089,37.746431],[-122.4336445,37.7457395],[-122.4334687,37.7457631],[-122.4331188,37.7457777],[-122.4331456,37.7462019],[-122.4334729,37.7461892],[-122.4334836,37.746431],[-122.4337089,37.746431]]]}},{"type":"Feature","properties":{"property_id":"w85796801","property_name":"Fulton Playground"},"geometry":{"type":"Polygon","coordinates":[[[-122.4873569,37.7731655],[-122.4873836,37.773569],[-122.4873387,37.7735715],[-122.4872451,37.773575],[-122.4870504,37.7735851],[-122.4867872,37.7735955],[-122.4867575,37.7735965],[-122.4865406,37.7736071],[-122.4865213,37.7736082],[-122.4864938,37.7732043],[-122.4873489,37.7731659],[-122.4873569,37.7731655]]]}},{"type":"Feature","properties":{"property_id":"w85796807","property_name":"Richmond Playground"},"geometry":{"type":"Polygon","coordinates":[[[-122.478523,37.7849189],[-122.4783137,37.7849278],[-122.477703,37.7849561],[-122.477717,37.7852501],[-122.4777227,37.7853602],[-122.4777436,37.7853597],[-122.4777851,37.785358],[-122.4779029,37.7853533],[-122.4780143,37.7853478],[-122.4784187,37.7853296],[-122.4784239,37.7853293],[-122.4784579,37.7853277],[-122.4785525,37.7853232],[-122.4785493,37.7852591],[-122.4785485,37.7852514],[-122.478523,37.7849189]]]}},{"type":"Feature","properties":{"property_id":"w85796808","property_name":"Richmond Recreation Center"},"geometry":{"type":"Polygon","coordinates":[[[-122.478416,37.7834572],[-122.4783866,37.7830817],[-122.4783785,37.7830507],[-122.4775575,37.7830851],[-122.4775592,37.7831091],[-122.4775707,37.7832666],[-122.477588,37.7834933],[-122.478416,37.7834572]]]}},{"type":"Feature","properties":{"property_id":"w85880982","property_name":"George Christopher Playground"},"geometry":{"type":"Polygon","coordinates":[[[-122.4417543,37.7434223],[-122.4406492,37.743838],[-122.4406429,37.7439404],[-122.440639,37.7440052],[-122.4405981,37.7446735],[-122.4402444,37.7446507],[-122.4401057,37.7448303],[-122.4399973,37.7448869],[-122.4399019,37.7447904],[-122.4398164,37.7447146],[-122.4397193,37.7446488],[-122.4396257,37.7445884],[-122.4400373,37.7446153],[-122.4401227,37.7438585],[-122.4401518,37.7435488],[-122.4399382,37.7435361],[-122.4399664,37.7432275],[-122.4388646,37.7431601],[-122.4379771,37.7433994],[-122.4380013,37.7433336],[-122.4382295,37.7432705],[-122.4382341,37.7431922],[-122.438295,37.7431761],[-122.4383081,37.7430984],[-122.438452,37.743025],[-122.438435,37.7430043],[-122.4386614,37.7429018],[-122.43874,37.7428842],[-122.4389983,37.7429074],[-122.4399626,37.7430235],[-122.4406168,37.7426897],[-122.4406908,37.7427042],[-122.4410073,37.7425851],[-122.4410272,37.7425085],[-122.4412178,37.742383],[-122.4414271,37.7426375],[-122.4417543,37.7434223]]]}},{"type":"Feature","properties":{"property_id":"w85888165","property_name":"29th & Diamond Open Space"},"geometry":{"type":"Polygon","coordinates":[[[-122.435487,37.7432472],[-122.4355098,37.7432776],[-122.4355297,37.743867],[-122.4355352,37.7440463],[-122.4354928,37.7440489],[-122.4351657,37.7440691],[-122.4351614,37.7440052],[-122.4351601,37.7439871],[-122.4351558,37.7439242],[-122.4350337,37.7439285],[-122.4350258,37.7438455],[-122.4350221,37.7438055],[-122.4349714,37.7432699],[-122.4351404,37.7432574],[-122.4354339,37.7432355],[-122.435487,37.7432472]]]}},{"type":"Feature","properties":{"property_id":"w85891396","property_name":"Walter Haas Playground"},"geometry":{"type":"Polygon","coordinates":[[[-122.4357029,37.7401552],[-122.4356518,37.7403128],[-122.4355593,37.7404994],[-122.4353953,37.7409159],[-122.4348875,37.7409357],[-122.4341526,37.7411818],[-122.4340078,37.7411054],[-122.4330491,37.740817],[-122.4332189,37.7405444],[-122.4336752,37.7402273],[-122.4341848,37.7402018],[-122.4343618,37.7401425],[-122.4354508,37.7400873],[-122.4355903,37.7401085],[-122.4357029,37.7401552]]]}},{"type":"Feature","properties":{"property_id":"w85891397","property_name":"Billy Goat Hill"},"geometry":{"type":"Polygon","coordinates":[[[-122.4340453,37.7415975],[-122.4339649,37.7415636],[-122.433246,37.7417629],[-122.4332246,37.7418605],[-122.4329832,37.7418944],[-122.4328008,37.7418605],[-122.4326238,37.7417545],[-122.4324688,37.741775],[-122.4322161,37.741572],[-122.4320498,37.7415169],[-122.4325057,37.7412963],[-122.4322468,37.7409434],[-122.4326105,37.7407521],[-122.432731,37.7408085],[-122.4330053,37.740931],[-122.4339367,37.741207],[-122.4341902,37.7413218],[-122.4343404,37.7414957],[-122.4340453,37.7415975]]]}},{"type":"Feature","properties":{"property_id":"w85891868","property_name":"Topaz Open Space"},"geometry":{"type":"Polygon","coordinates":[[[-122.4363522,37.7413262],[-122.436438,37.7416401],[-122.4365253,37.7418626],[-122.4362473,37.7420226],[-122.4360357,37.7421449],[-122.435805,37.7417334],[-122.4357192,37.7414959],[-122.4359723,37.741428],[-122.4363522,37.7413262]]]}},{"type":"Feature","properties":{"property_id":"w85929954","property_name":"White Crane Springs Community Garden"},"geometry":{"type":"Polygon","coordinates":[[[-122.4635596,37.7569709],[-122.4628625,37.7569849],[-122.4626586,37.7563911],[-122.4635384,37.7563063],[-122.4635596,37.7569709]]]}},{"type":"Feature","properties":{"property_id":"w86023454","property_name":"Fairmount Open Space"},"geometry":{"type":"Polygon","coordinates":[[[-122.4295394,37.7385187],[-122.4290646,37.7387891],[-122.4288286,37.7386322],[-122.428791,37.7383819],[-122.4292926,37.7380616],[-122.4293141,37.7383734],[-122.4295394,37.7385187]]]}},{"type":"Feature","properties":{"property_id":"w86124597","property_name":"Argonne Playground"},"geometry":{"type":"Polygon","coordinates":[[[-122.4781195,37.779203],[-122.4772744,37.7792365],[-122.4772997,37.7796336],[-122.4781448,37.7796001],[-122.4781195,37.779203]]]}},{"type":"Feature","properties":{"property_id":"w86124617","property_name":"Sunset Playground"},"geometry":{"type":"Polygon","coordinates":[[[-122.4873625,37.7574159],[-122.4864889,37.7574564],[-122.4863753,37.755773],[-122.4872415,37.7557375],[-122.4873625,37.7574159]]]}},{"type":"Feature","properties":{"property_id":"w86124618","property_name":"West Portal Playground"},"geometry":{"type":"Polygon","coordinates":[[[-122.4655976,37.7415462],[-122.4651929,37.7413349],[-122.4645142,37.7421479],[-122.4649189,37.7423592],[-122.4655976,37.7415462]]]}},{"type":"Feature","properties":{"property_id":"w86124624","property_name":"West Sunset Playground"},"geometry":{"type":"Polygon","coordinates":[[[-122.4964659,37.7478625],[-122.4973978,37.7478213],[-122.4974126,37.7478205],[-122.4983565,37.747779],[-122.4985464,37.7477759],[-122.498597,37.7477733],[-122.4994331,37.747736],[-122.4995531,37.7477259],[-122.499567,37.7479213],[-122.4996865,37.7496148],[-122.4996074,37.7496183],[-122.499233,37.7496348],[-122.4984268,37.7496704],[-122.4984266,37.7496794],[-122.4985407,37.7512846],[-122.4976965,37.7513288],[-122.4975778,37.7494056],[-122.4965899,37.7494579],[-122.495631,37.7495086],[-122.4956253,37.7494538],[-122.4965733,37.7494048],[-122.4965627,37.7492446],[-122.4964659,37.7478625]]]}},{"type":"Feature","properties":{"property_id":"w86303734","property_name":"Youngblood-Coleman Playground"},"geometry":{"type":"Polygon","coordinates":[[[-122.3855393,37.7398543],[-122.3860565,37.7392614],[-122.3843071,37.7382932],[-122.3845314,37.7380398],[-122.3841984,37.7378214],[-122.3840203,37.7376387],[-122.3839722,37.7376403],[-122.3839241,37.7376517],[-122.3838587,37.7376631],[-122.3837877,37.7376751],[-122.3837263,37.737677],[-122.3836806,37.7376779],[-122.3836217,37.7376789],[-122.3835579,37.7376732],[-122.3835206,37.7376656],[-122.3835423,37.7381745],[-122.3831463,37.7381812],[-122.3831593,37.7385511],[-122.3855393,37.7398543]]]}},{"type":"Feature","properties":{"property_id":"w91114607","property_name":"Presidio Tunnel Tops"},"geometry":{"type":"Polygon","coordinates":[[[-122.4576206,37.8036969],[-122.4544383,37.8041235],[-122.4543553,37.8040787],[-122.4542972,37.8040782],[-122.4542919,37.8040252],[-122.4542537,37.8039365],[-122.4543465,37.8035176],[-122.4544029,37.8032687],[-122.4546441,37.8023163],[-122.4547387,37.802295],[-122.455051,37.8024165],[-122.4553168,37.8024793],[-122.455573,37.8025207],[-122.4561934,37.8016668],[-122.4571286,37.8019414],[-122.4576029,37.8020541],[-122.4578113,37.8020187],[-122.4580341,37.8020354],[-122.4583316,37.8022059],[-122.4576069,37.8024362],[-122.4575922,37.8025181],[-122.4575983,37.8025558],[-122.457617,37.8025872],[-122.4576561,37.802636],[-122.4572256,37.8027524],[-122.4572701,37.8028391],[-122.4573106,37.8028896],[-122.4573316,37.8029033],[-122.457366,37.8029253],[-122.4573987,37.8029234],[-122.4575049,37.8028942],[-122.4575099,37.8031454],[-122.4576206,37.8036969]]]}},{"type":"Feature","properties":{"property_id":"w93703754","property_name":"George Sterling Park"},"geometry":{"type":"Polygon","coordinates":[[[-122.4211386,37.8017302],[-122.4209636,37.8008644],[-122.4206378,37.8009056],[-122.4206418,37.8009252],[-122.4205033,37.8009427],[-122.4205209,37.8010295],[-122.4195466,37.8011525],[-122.4197002,37.8019118],[-122.4211386,37.8017302]]]}},{"type":"Feature","properties":{"property_id":"w99687084","property_name":"Presidio Heights Playground"},"geometry":{"type":"Polygon","coordinates":[[[-122.4498091,37.7882649],[-122.4496733,37.7882819],[-122.4495974,37.7882914],[-122.4493521,37.7883221],[-122.4493751,37.7884365],[-122.449424,37.7886798],[-122.449425,37.788685],[-122.4498819,37.7886278],[-122.4498412,37.7884251],[-122.4498091,37.7882649]]]}},{"type":"Feature","properties":{"property_id":"w99687086","property_name":"Laurel Hill Playground"},"geometry":{"type":"Polygon","coordinates":[[[-122.4505297,37.7836764],[-122.4509468,37.7836243],[-122.4509563,37.7836727],[-122.4513781,37.783671],[-122.4515777,37.7836676],[-122.4515863,37.783715],[-122.4516005,37.7837855],[-122.4516058,37.7838116],[-122.4516211,37.7838881],[-122.4516258,37.7839117],[-122.4516463,37.7840144],[-122.4516526,37.7840431],[-122.4514413,37.7840759],[-122.4513001,37.7841038],[-122.4512008,37.7841236],[-122.4506805,37.784246],[-122.4503327,37.7843287],[-122.4503164,37.7843303],[-122.4502471,37.7843137],[-122.4502376,37.7843067],[-122.4502355,37.784297],[-122.4502376,37.7842847],[-122.4502457,37.7842675],[-122.4502695,37.7842219],[-122.4502933,37.7841864],[-122.4503143,37.7841601],[-122.4503381,37.7841301],[-122.4503619,37.7841124],[-122.4503904,37.7840952],[-122.4504155,37.7840754],[-122.450439,37.784048],[-122.4504626,37.7840147],[-122.4504882,37.7839734],[-122.4505011,37.7839446],[-122.4505113,37.7839212],[-122.4505201,37.7838968],[-122.4505276,37.7838697],[-122.4505337,37.7838385],[-122.4505385,37.7837886],[-122.4505392,37.7837403],[-122.4505351,37.7837065],[-122.4505297,37.7836764]]]}},{"type":"Feature","properties":{"property_id":"w103637554","property_name":"Sigmund Stern Recreation Grove"},"geometry":{"type":"Polygon","coordinates":[[[-122.4816401,37.7365081],[-122.4818072,37.7365034],[-122.4818596,37.7356676],[-122.4787283,37.7348284],[-122.4784898,37.7347643],[-122.4780774,37.7347897],[-122.4777678,37.7347972],[-122.4764196,37.7348268],[-122.4759661,37.7348357],[-122.4753673,37.7348303],[-122.4753271,37.7348618],[-122.4754552,37.7373899],[-122.4776078,37.7372965],[-122.479615,37.7372085],[-122.4797838,37.7372094],[-122.4799641,37.7372172],[-122.480141,37.737218],[-122.4813559,37.7371729],[-122.4814116,37.7371716],[-122.4814754,37.7371725],[-122.4815435,37.7371771],[-122.4816086,37.737185],[-122.4816707,37.7371963],[-122.4816401,37.7365081]]]}},{"type":"Feature","properties":{"property_id":"w103637565","property_name":"Pine Lake Park"},"geometry":{"type":"Polygon","coordinates":[[[-122.48486,37.7370669],[-122.4849442,37.7370618],[-122.4850122,37.7370486],[-122.4850807,37.7370191],[-122.485068,37.7367843],[-122.4852445,37.7366612],[-122.4855535,37.7365458],[-122.4859311,37.7364847],[-122.4863916,37.736552],[-122.4867681,37.736623],[-122.4868532,37.7366642],[-122.4869944,37.7366896],[-122.4871731,37.7367049],[-122.4874172,37.7367422],[-122.4878344,37.736775],[-122.4878764,37.7367665],[-122.4880229,37.7367879],[-122.4880239,37.7367653],[-122.4882008,37.736767],[-122.4882009,37.7367376],[-122.4883948,37.7367396],[-122.4883952,37.7367646],[-122.488605,37.7368011],[-122.4890014,37.7369164],[-122.4891454,37.7369852],[-122.4892386,37.7370415],[-122.4895545,37.7373581],[-122.4895349,37.7373703],[-122.489636,37.7374778],[-122.4897025,37.7375218],[-122.4897359,37.737544],[-122.4897493,37.7375657],[-122.48975,37.7375891],[-122.4897403,37.7376073],[-122.4896392,37.7377069],[-122.4897082,37.7377402],[-122.4897739,37.7377651],[-122.4898507,37.7377887],[-122.4899334,37.7378087],[-122.4900107,37.7378209],[-122.4900878,37.7378286],[-122.490154,37.7378309],[-122.4902246,37.7378293],[-122.4902963,37.7378208],[-122.4903748,37.7378025],[-122.4904539,37.7377809],[-122.4905436,37.7377475],[-122.4906317,37.7377089],[-122.4907137,37.7376656],[-122.4907566,37.7376417],[-122.4908028,37.7376135],[-122.4908442,37.7375854],[-122.4908893,37.737552],[-122.4909207,37.7375255],[-122.4909501,37.7374949],[-122.4909775,37.7374602],[-122.4910414,37.7373645],[-122.4911142,37.7372508],[-122.4911204,37.737227],[-122.4911185,37.7372077],[-122.4911105,37.7371866],[-122.4910697,37.7371343],[-122.4907208,37.7372272],[-122.4904895,37.7369714],[-122.4902851,37.7367164],[-122.4901237,37.7364576],[-122.4899791,37.7362158],[-122.4898015,37.735982],[-122.4895746,37.7358009],[-122.4893402,37.7356825],[-122.489029,37.7356102],[-122.4886326,37.7355675],[-122.4881217,37.7355769],[-122.4876088,37.7355629],[-122.4868355,37.7354698],[-122.4863042,37.7354186],[-122.485805,37.7354229],[-122.485794,37.7352534],[-122.4852359,37.7353172],[-122.4851157,37.7353308],[-122.4850814,37.7351543],[-122.4845063,37.7352358],[-122.4840153,37.7353942],[-122.4836633,37.7354806],[-122.4833184,37.7355213],[-122.4828869,37.7355235],[-122.4826085,37.7355024],[-122.4824268,37.7354675],[-122.4823275,37.7357684],[-122.4818596,37.7356676],[-122.4818072,37.7365034],[-122.4816401,37.7365081],[-122.4816707,37.7371963],[-122.4818967,37.7372063],[-122.4820898,37.7372997],[-122.4823526,37.7373803],[-122.4826101,37.73741],[-122.4828408,37.7373924],[-122.4828244,37.7371553],[-122.48486,37.7370669]]]}},{"type":"Feature","properties":{"property_id":"w103637793","property_name":"Parkside Square"},"geometry":{"type":"Polygon","coordinates":[[[-122.4828408,37.7373924],[-122.4828489,37.7375178],[-122.4828771,37.7379143],[-122.4829824,37.7379097],[-122.483051,37.7388969],[-122.4849813,37.738813],[-122.48486,37.7370669],[-122.4828244,37.7371553],[-122.4828408,37.7373924]]]}},{"type":"Feature","properties":{"property_id":"w103654951","property_name":"Robert Pender Park"},"geometry":{"type":"Polygon","coordinates":[[[-122.4777298,37.7175004],[-122.4776432,37.7175222],[-122.4775826,37.717544],[-122.477507,37.7175837],[-122.4774531,37.717619],[-122.4774034,37.7176612],[-122.4773587,37.7177105],[-122.477328,37.717753],[-122.4773003,37.7177996],[-122.4772822,37.7178437],[-122.4772737,37.7178788],[-122.4772677,37.7179183],[-122.4772658,37.7179634],[-122.4772685,37.7180006],[-122.4772743,37.7180338],[-122.477287,37.7180731],[-122.4773107,37.7181192],[-122.4773826,37.7182251],[-122.4774528,37.7183064],[-122.477538,37.7183817],[-122.477583,37.7184158],[-122.4776518,37.718465],[-122.4777272,37.7185065],[-122.4778012,37.718544],[-122.4778928,37.7185848],[-122.4779714,37.7186109],[-122.4780229,37.7186262],[-122.4780971,37.7186389],[-122.4781892,37.7186409],[-122.4782544,37.7186358],[-122.4783234,37.7186226],[-122.4783956,37.7185998],[-122.4784517,37.718577],[-122.4785021,37.7185498],[-122.4785487,37.7185204],[-122.4785936,37.7184845],[-122.4786304,37.7184475],[-122.4786631,37.7184066],[-122.4786893,37.7183636],[-122.478711,37.7183195],[-122.4787286,37.7182696],[-122.4787379,37.7182098],[-122.4787378,37.7181483],[-122.4787238,37.7180919],[-122.4786982,37.718038],[-122.4786664,37.7179853],[-122.4786306,37.7179339],[-122.4785857,37.7178807],[-122.4785242,37.7178187],[-122.4784618,37.717762],[-122.4784034,37.7177169],[-122.4783297,37.7176666],[-122.4782588,37.7176256],[-122.4782017,37.7175974],[-122.4781405,37.7175693],[-122.4780631,37.7175406],[-122.4779924,37.7175189],[-122.4779129,37.7175003],[-122.4778432,37.717492],[-122.4777844,37.7174927],[-122.4777298,37.7175004]]]}},{"type":"Feature","properties":{"property_id":"w106952544","property_name":"Kelloch-Velasco Park"},"geometry":{"type":"Polygon","coordinates":[[[-122.4138615,37.7084919],[-122.4130191,37.7082565],[-122.4129859,37.7082471],[-122.412658,37.7081545],[-122.4126239,37.708168],[-122.4125721,37.7081885],[-122.412423,37.7085228],[-122.4124365,37.7085458],[-122.4124507,37.7085683],[-122.4124664,37.708592],[-122.4131926,37.7087954],[-122.4132645,37.7088158],[-122.4136694,37.7089295],[-122.4136973,37.7089181],[-122.4137292,37.7089059],[-122.4137569,37.7088956],[-122.4139037,37.7085635],[-122.4138902,37.7085417],[-122.413877,37.7085184],[-122.4138615,37.7084919]]]}},{"type":"Feature","properties":{"property_id":"w111573499","property_name":"Rolph Nicol Jr Playground"},"geometry":{"type":"Polygon","coordinates":[[[-122.4795382,37.7310734],[-122.4795422,37.730788],[-122.4795399,37.7305313],[-122.4798448,37.7305248],[-122.4801366,37.7304014],[-122.4806795,37.7301718],[-122.4809912,37.7304551],[-122.4809146,37.7305745],[-122.4808941,37.7307272],[-122.480886,37.7310818],[-122.4795382,37.7310734]]]}},{"type":"Feature","properties":{"property_id":"w114151111","property_name":"Michelangelo Playground"},"geometry":{"type":"Polygon","coordinates":[[[-122.4167121,37.8013174],[-122.4166524,37.8009525],[-122.4170824,37.8008966],[-122.417144,37.8010988],[-122.4171766,37.8012578],[-122.4170368,37.8012757],[-122.4168835,37.8012939],[-122.4167121,37.8013174]]]}},{"type":"Feature","properties":{"property_id":"w114151121","property_name":"Ina Coolbrith Park"},"geometry":{"type":"Polygon","coordinates":[[[-122.4136478,37.7979245],[-122.4128366,37.7980296],[-122.4128663,37.798173],[-122.4130512,37.798149],[-122.4130819,37.7982971],[-122.4132335,37.7982774],[-122.4132856,37.7985286],[-122.4137604,37.7984671],[-122.4136478,37.7979245]]]}},{"type":"Feature","properties":{"property_id":"w116771007","property_name":"Potrero Hill Recreation Center"},"geometry":{"type":"Polygon","coordinates":[[[-122.3979306,37.7573861],[-122.3961971,37.7575008],[-122.3960764,37.7564808],[-122.3959101,37.7550746],[-122.3976678,37.7549558],[-122.3977767,37.7559627],[-122.3977994,37.7561792],[-122.3978363,37.7565199],[-122.3979306,37.7573861]]]}},{"type":"Feature","properties":{"property_id":"w120479804","property_name":"Rose Garden"},"geometry":{"type":"Polygon","coordinates":[[[-122.4715294,37.7726132],[-122.4713336,37.7722146],[-122.4710037,37.7717249],[-122.4708911,37.7715913],[-122.4710842,37.771498],[-122.4712559,37.7717376],[-122.4713122,37.7717185],[-122.4713658,37.7717143],[-122.4714168,37.7717185],[-122.471457,37.7717334],[-122.4714946,37.7717524],[-122.4715402,37.7717864],[-122.4715589,37.7718288],[-122.471567,37.7718712],[-122.471567,37.7719093],[-122.4715428,37.7719602],[-122.4714999,37.7719984],[-122.4714409,37.7720281],[-122.4716877,37.77245],[-122.4716957,37.7725115],[-122.4716743,37.7725517],[-122.4716314,37.772592],[-122.4715294,37.7726132]]]}},{"type":"Feature","properties":{"property_id":"w120480164","property_name":"San Francisco Botanical Garden"},"geometry":{"type":"Polygon","coordinates":[[[-122.4724217,37.7675529],[-122.4724619,37.7674975],[-122.4725906,37.7673311],[-122.4727784,37.7671183],[-122.4727925,37.7670949],[-122.4728085,37.7670711],[-122.4729655,37.766959],[-122.4731184,37.7668847],[-122.4733141,37.7668113],[-122.4739075,37.766648],[-122.4742489,37.766559],[-122.4747953,37.7663884],[-122.4749503,37.7663385],[-122.4749945,37.7663131],[-122.4751689,37.7662442],[-122.4753901,37.7661636],[-122.4755497,37.7661265],[-122.4756718,37.7661169],[-122.4759122,37.7661084],[-122.4763391,37.7660446],[-122.4765907,37.7660072],[-122.4766247,37.765926],[-122.4766042,37.7656631],[-122.47526,37.7657026],[-122.4748475,37.7657408],[-122.4745083,37.765802],[-122.4740661,37.7658332],[-122.473454,37.7658498],[-122.4734005,37.7658719],[-122.4721927,37.7658719],[-122.472188,37.7657836],[-122.4717389,37.7658038],[-122.4716562,37.7658139],[-122.4714456,37.7658213],[-122.4714445,37.7658047],[-122.4696653,37.7658893],[-122.4696664,37.7659077],[-122.4695058,37.7659142],[-122.4689974,37.7659386],[-122.468326,37.7659671],[-122.4676614,37.7659956],[-122.4674702,37.766002],[-122.4666757,37.7660288],[-122.4666401,37.7662378],[-122.4667609,37.7662701],[-122.4669684,37.7663263],[-122.4669953,37.7663336],[-122.4669346,37.7664736],[-122.4670198,37.7664961],[-122.4669446,37.7666798],[-122.4668412,37.7669162],[-122.4668265,37.7669537],[-122.4668111,37.7669898],[-122.4667863,37.767047],[-122.4667792,37.7670635],[-122.4667688,37.767061],[-122.4667315,37.767153],[-122.4667457,37.767201],[-122.466794,37.7673875],[-122.4668124,37.7674469],[-122.4668743,37.7675831],[-122.4669204,37.7676648],[-122.4669774,37.7677449],[-122.4670478,37.7678397],[-122.4671008,37.7678625],[-122.4670957,37.7678809],[-122.4671631,37.7679531],[-122.4672268,37.7679855],[-122.4672516,37.767978],[-122.4673183,37.7680478],[-122.4674501,37.7681227],[-122.46755,37.7681811],[-122.467661,37.7682374],[-122.4677296,37.768273],[-122.4677538,37.7682803],[-122.4677941,37.7682902],[-122.4679906,37.7682897],[-122.4680858,37.7683327],[-122.468189,37.7683735],[-122.4682957,37.7684153],[-122.4683104,37.7684365],[-122.4683762,37.768497],[-122.4688295,37.7686708],[-122.4688697,37.7686613],[-122.4690863,37.7687843],[-122.4693183,37.7689136],[-122.4694686,37.7689871],[-122.4695409,37.7690217],[-122.4696663,37.7690509],[-122.4698148,37.769065],[-122.4699446,37.7690747],[-122.470081,37.7690677],[-122.4702356,37.7690482],[-122.4702385,37.7690645],[-122.4702698,37.7690515],[-122.4703152,37.7690454],[-122.47033,37.7690456],[-122.4703522,37.769046],[-122.4703995,37.7690513],[-122.4704094,37.7690544],[-122.4704579,37.7690677],[-122.4704629,37.7690435],[-122.4705756,37.7690207],[-122.4707352,37.7689931],[-122.4709836,37.768959],[-122.4711509,37.7689454],[-122.4713199,37.7689454],[-122.4714902,37.7689423],[-122.4715184,37.7689391],[-122.4715398,37.7689295],[-122.4715812,37.768903],[-122.4716793,37.7688341],[-122.4717985,37.7687546],[-122.4719519,37.7686517],[-122.4719845,37.7686634],[-122.4720653,37.7686751],[-122.4721447,37.768603],[-122.4721823,37.7685546],[-122.4722882,37.7683941],[-122.4722251,37.768304],[-122.4722604,37.768199],[-122.4722718,37.7681256],[-122.4723254,37.7678117],[-122.4723525,37.7677231],[-122.4724217,37.7675529]]]}},{"type":"Feature","properties":{"property_id":"w120480366","property_name":"Conservatory Valley"},"geometry":{"type":"Polygon","coordinates":[[[-122.4607228,37.7720577],[-122.4607352,37.7720497],[-122.4607543,37.7720346],[-122.460771,37.7720179],[-122.460785,37.7719997],[-122.4607947,37.7719822],[-122.4608008,37.7719641],[-122.4608052,37.7719458],[-122.4608059,37.7719267],[-122.4608025,37.7719067],[-122.4607936,37.7718882],[-122.4607826,37.7718702],[-122.4607683,37.7718537],[-122.4607512,37.7718387],[-122.4607312,37.7718254],[-122.4607096,37.7718163],[-122.460686,37.7718104],[-122.4601895,37.7718553],[-122.4601745,37.7717462],[-122.4600297,37.7717584],[-122.4600449,37.7718684],[-122.4595603,37.7719122],[-122.4595383,37.7719212],[-122.459519,37.7719331],[-122.4595021,37.7719488],[-122.4594885,37.7719659],[-122.459478,37.7719841],[-122.4594711,37.7720034],[-122.4594663,37.7720227],[-122.4594672,37.7720429],[-122.4594721,37.7720617],[-122.4594803,37.7720791],[-122.4594903,37.7720961],[-122.4595037,37.772112],[-122.4595214,37.772128],[-122.4595414,37.7721423],[-122.4595634,37.7721546],[-122.4595866,37.7721635],[-122.4595942,37.7721663],[-122.4606888,37.7720724],[-122.4607096,37.7720644],[-122.4607228,37.7720577]]]}},{"type":"Feature","properties":{"property_id":"w120483945","property_name":"Queen Wilhelmina Tulip Garden"},"geometry":{"type":"Polygon","coordinates":[[[-122.5092869,37.7704252],[-122.5092845,37.7704573],[-122.5092595,37.7704637],[-122.5092313,37.7704663],[-122.509207,37.7704621],[-122.5091801,37.7704528],[-122.5091518,37.7704388],[-122.5091068,37.7704132],[-122.5090451,37.7703862],[-122.5090229,37.7703733],[-122.5090098,37.7703606],[-122.5090027,37.770348],[-122.5090035,37.7703325],[-122.5090578,37.7701932],[-122.5091328,37.7700808],[-122.5091462,37.7700679],[-122.5091957,37.7700463],[-122.5092172,37.7700494],[-122.5092686,37.7700667],[-122.5093193,37.7700888],[-122.5093562,37.7700879],[-122.509421,37.770105],[-122.5093808,37.7701877],[-122.5093647,37.7702386],[-122.509362,37.770281],[-122.5093995,37.7703213],[-122.5093513,37.770334],[-122.5093164,37.7703573],[-122.5092949,37.770387],[-122.5092869,37.7704252]]]}},{"type":"Feature","properties":{"property_id":"w128241105","property_name":"Golden Gate Heights Park"},"geometry":{"type":"Polygon","coordinates":[[[-122.4707004,37.750646],[-122.4705048,37.7504956],[-122.4704585,37.7504811],[-122.4703727,37.7504743],[-122.4703133,37.7504779],[-122.4702667,37.7504882],[-122.4701632,37.7505605],[-122.4700459,37.7506439],[-122.469948,37.7506894],[-122.4698632,37.75071],[-122.4697122,37.7507273],[-122.4686984,37.750774],[-122.4686018,37.7506552],[-122.4685318,37.7505],[-122.4684731,37.750282],[-122.4684881,37.7500459],[-122.468495,37.7499367],[-122.4684977,37.7497642],[-122.4684638,37.7496867],[-122.4684436,37.7496406],[-122.4684301,37.749524],[-122.4684516,37.7494252],[-122.4684794,37.7493642],[-122.4685267,37.7493149],[-122.4686662,37.7492131],[-122.4689818,37.749143],[-122.4693033,37.7492618],[-122.4693987,37.7492432],[-122.4696617,37.7493705],[-122.4698513,37.7493575],[-122.4700564,37.7493777],[-122.470295,37.7494359],[-122.4704686,37.7496118],[-122.4705653,37.749738],[-122.4706359,37.7498618],[-122.4706588,37.7501729],[-122.4707004,37.750646]]]}},{"type":"Feature","properties":{"property_id":"w133399685","property_name":"Islais Landing"},"geometry":{"type":"Polygon","coordinates":[[[-122.3881405,37.7469961],[-122.3882277,37.7469918],[-122.3882625,37.7468402],[-122.3887519,37.7468224],[-122.3887495,37.7467897],[-122.3882471,37.7465072],[-122.3881508,37.7466437],[-122.3880386,37.746645],[-122.387828,37.7468911],[-122.3874569,37.7469193],[-122.3874642,37.7470195],[-122.3878734,37.7469153],[-122.388086,37.7468965],[-122.3881405,37.7469961]]]}},{"type":"Feature","properties":{"property_id":"w138662530","property_name":"Seward Mini Park"},"geometry":{"type":"Polygon","coordinates":[[[-122.4397877,37.7580133],[-122.4398196,37.7579764],[-122.439863,37.7579261],[-122.4399907,37.757788],[-122.4401222,37.7577206],[-122.4402292,37.7576277],[-122.4403963,37.7574972],[-122.4404338,37.7574679],[-122.4404888,37.7574251],[-122.4404352,37.7573864],[-122.4403648,37.7573415],[-122.4402339,37.757259],[-122.4401906,37.7573053],[-122.4399179,37.7576045],[-122.4398526,37.7576782],[-122.4397622,37.7577803],[-122.4397414,37.7577924],[-122.439674,37.7578622],[-122.439655,37.7578852],[-122.4395335,37.7579139],[-122.4395195,37.7579441],[-122.4397877,37.7580133]]]}},{"type":"Feature","properties":{"property_id":"w147777246","property_name":"Mission Playground"},"geometry":{"type":"Polygon","coordinates":[[[-122.4228375,37.7599309],[-122.4227657,37.7593068],[-122.4227196,37.7588242],[-122.4218155,37.7588781],[-122.4218321,37.759067],[-122.4214781,37.7590864],[-122.4215086,37.7593453],[-122.4221509,37.7592991],[-122.4221904,37.7596575],[-122.4223745,37.7596469],[-122.4224913,37.7599534],[-122.4228375,37.7599309]]]}},{"type":"Feature","properties":{"property_id":"w148288769","property_name":"Rooftop Park"},"geometry":{"type":"Polygon","coordinates":[[[-122.397826,37.7891369],[-122.3978063,37.7891513],[-122.3978016,37.7891555],[-122.3977775,37.789176],[-122.3975637,37.7890099],[-122.3978141,37.788812],[-122.3979994,37.7889701],[-122.3980234,37.7889517],[-122.3982243,37.7891137],[-122.3980121,37.7892858],[-122.397826,37.7891369]]]}},{"type":"Feature","properties":{"property_id":"w151183378","property_name":"Quesada Gardens"},"geometry":{"type":"Polygon","coordinates":[[[-122.3931968,37.7344366],[-122.3929064,37.7342778],[-122.3929583,37.7342264],[-122.3915493,37.7334273],[-122.3915391,37.7334179],[-122.3915365,37.7334095],[-122.3915378,37.733399],[-122.3915431,37.733392],[-122.3915515,37.7333846],[-122.3915604,37.7333808],[-122.3915714,37.7333794],[-122.3915825,37.7333811],[-122.3915931,37.7333857],[-122.3932844,37.7343425],[-122.3931968,37.7344366]]]}},{"type":"Feature","properties":{"property_id":"w153905784","property_name":"Koshland Park"},"geometry":{"type":"Polygon","coordinates":[[[-122.4272251,37.7733844],[-122.4266333,37.7734566],[-122.4263137,37.7734956],[-122.4262404,37.7731202],[-122.4265585,37.7730832],[-122.426768,37.7730589],[-122.4269395,37.7730391],[-122.4271564,37.7730133],[-122.4271805,37.7731435],[-122.4272251,37.7733844]]]}},{"type":"Feature","properties":{"property_id":"w158602261","property_name":"Golden Gate Park"},"geometry":{"type":"Polygon","coordinates":[[[-122.5104899,37.7686094],[-122.5104261,37.7683256],[-122.5104479,37.7681866],[-122.5103947,37.7679569],[-122.510342,37.7677179],[-122.5103064,37.7675234],[-122.5102704,37.7672955],[-122.5102435,37.7670537],[-122.5102166,37.7667719],[-122.510198,37.7665538],[-122.5101911,37.7664028],[-122.5101907,37.7662674],[-122.5101886,37.7661006],[-122.5101888,37.7659755],[-122.5101916,37.7658292],[-122.5101924,37.765702],[-122.510197,37.7655756],[-122.5102033,37.765438],[-122.510258,37.7647943],[-122.5102638,37.7646969],[-122.5102695,37.7646025],[-122.5102706,37.7644836],[-122.5102691,37.76438],[-122.5102582,37.7641804],[-122.510228,37.7641529],[-122.5096558,37.7641817],[-122.5092846,37.7641458],[-122.509264,37.7641446],[-122.5088718,37.764142],[-122.4653945,37.7660635],[-122.4644551,37.7661154],[-122.4642405,37.7661262],[-122.4632543,37.7661705],[-122.4622144,37.7662068],[-122.4606465,37.7662755],[-122.4596535,37.7663331],[-122.4595717,37.7663378],[-122.4585803,37.7663812],[-122.4579805,37.7661986],[-122.4579293,37.7661916],[-122.4577608,37.7661146],[-122.4576511,37.7660653],[-122.4575509,37.7660356],[-122.4574532,37.7660111],[-122.457331,37.7659901],[-122.4571988,37.7659736],[-122.4570677,37.7659688],[-122.4569624,37.765972],[-122.4568532,37.7659813],[-122.4567499,37.7659909],[-122.4566749,37.7659994],[-122.4539944,37.7663506],[-122.4540389,37.7665736],[-122.4534896,37.7666091],[-122.4531806,37.7666291],[-122.45318,37.7666388],[-122.4531818,37.7666596],[-122.4533274,37.7673763],[-122.4534352,37.7679306],[-122.4535504,37.7684335],[-122.4535755,37.7685734],[-122.4535782,37.768618],[-122.4537146,37.7693002],[-122.4536766,37.7693046],[-122.4539971,37.7709044],[-122.4540694,37.7712404],[-122.45415,37.7715597],[-122.4541688,37.7715933],[-122.4541961,37.7717618],[-122.454208,37.7718383],[-122.4542053,37.7718927],[-122.4543055,37.772412],[-122.4543393,37.7725844],[-122.454745,37.7745911],[-122.4547532,37.7746294],[-122.4548065,37.7746518],[-122.454833,37.77465],[-122.4549018,37.7746396],[-122.455194,37.774592],[-122.4582085,37.7742153],[-122.4612354,37.7738591],[-122.4626013,37.7736803],[-122.463336,37.7735927],[-122.4652858,37.7733457],[-122.4660891,37.7733069],[-122.484062,37.7724867],[-122.4841446,37.7724829],[-122.4842585,37.7724777],[-122.4843657,37.7724728],[-122.50948,37.7713267],[-122.5105242,37.7712791],[-122.5106094,37.7712731],[-122.5108673,37.7712477],[-122.5108196,37.7709267],[-122.5108208,37.7708875],[-122.5108538,37.7708167],[-122.5108207,37.7705584],[-122.5108045,37.7703026],[-122.5106871,37.7694316],[-122.510664,37.7692686],[-122.5106366,37.7691054],[-122.5106014,37.768932],[-122.5105584,37.7687348],[-122.5104899,37.7686094]]]}},{"type":"Feature","properties":{"property_id":"w160025743","property_name":"Sutro Heights Park"},"geometry":{"type":"Polygon","coordinates":[[[-122.5098885,37.7752411],[-122.5099089,37.7755071],[-122.5098193,37.7755122],[-122.5098167,37.7757987],[-122.5097437,37.7758665],[-122.5097514,37.7762726],[-122.5092774,37.7762928],[-122.5092792,37.7763201],[-122.5093503,37.7773841],[-122.5093762,37.7777461],[-122.50941,37.7781138],[-122.5094432,37.7785192],[-122.5094614,37.7788242],[-122.5094712,37.7788886],[-122.5094802,37.7790372],[-122.5095186,37.7790382],[-122.5095288,37.7792184],[-122.5095007,37.7792215],[-122.5095175,37.7795029],[-122.509532,37.7796532],[-122.5095646,37.7797091],[-122.5096166,37.77974],[-122.5101088,37.779723],[-122.5104777,37.7797007],[-122.5106442,37.7796835],[-122.51078,37.7796562],[-122.510903,37.7796076],[-122.5111643,37.779476],[-122.5115524,37.7792715],[-122.5119072,37.7790953],[-122.5121635,37.7790209],[-122.5124606,37.7789617],[-122.5126643,37.7789667],[-122.5129061,37.7789746],[-122.5129621,37.7789752],[-122.5130278,37.7789724],[-122.5130808,37.7789675],[-122.5131345,37.7789597],[-122.5131861,37.7789496],[-122.5132362,37.7789361],[-122.5132822,37.7789196],[-122.5133302,37.7788976],[-122.5133725,37.7788745],[-122.5134132,37.778847],[-122.5134474,37.778819],[-122.5134737,37.7787912],[-122.5134953,37.7787585],[-122.5135152,37.7787236],[-122.5135298,37.7786886],[-122.5135404,37.7786506],[-122.5135456,37.7786078],[-122.5135426,37.7785638],[-122.5135289,37.7785156],[-122.513508,37.7784657],[-122.5133295,37.7781071],[-122.5132804,37.7780343],[-122.513233,37.7779735],[-122.5131652,37.7779016],[-122.5130947,37.7778581],[-122.5129922,37.7777852],[-122.5129179,37.7777315],[-122.5128206,37.7776546],[-122.5127642,37.7775918],[-122.5126745,37.7774875],[-122.5126118,37.7774146],[-122.5125336,37.7773265],[-122.5124324,37.7772273],[-122.5123351,37.7771423],[-122.5122283,37.7770581],[-122.5120899,37.7769571],[-122.5119599,37.7768609],[-122.5118611,37.7767909],[-122.5117946,37.7767413],[-122.5117036,37.7766573],[-122.5116062,37.77655],[-122.5115294,37.7764477],[-122.5114781,37.7763768],[-122.5114192,37.7762776],[-122.5113641,37.7761642],[-122.5113231,37.7760792],[-122.5112988,37.7759982],[-122.5112559,37.7758193],[-122.5112058,37.7757895],[-122.5111758,37.7755047],[-122.5111346,37.775203],[-122.5110794,37.7751824],[-122.5103079,37.7752212],[-122.5103094,37.775233],[-122.5100863,37.7752437],[-122.5100854,37.7752336],[-122.5098885,37.7752411]]]}},{"type":"Feature","properties":{"property_id":"w161843741","property_name":"Fay Park"},"geometry":{"type":"Polygon","coordinates":[[[-122.4179757,37.8026993],[-122.4180509,37.8030722],[-122.4180374,37.8030739],[-122.418003,37.8030782],[-122.4178742,37.8030944],[-122.4178479,37.8030977],[-122.4177792,37.8031064],[-122.4177041,37.8027335],[-122.4179757,37.8026993]]]}},{"type":"Feature","properties":{"property_id":"w162056252","property_name":"Woh Hei Yuen Recreation Center"},"geometry":{"type":"Polygon","coordinates":[[[-122.4106571,37.7959447],[-122.4104986,37.7959647],[-122.4104362,37.7959725],[-122.4101766,37.7960052],[-122.4101085,37.7960138],[-122.410094,37.7959416],[-122.4100634,37.7957901],[-122.4102634,37.7957641],[-122.4103125,37.7957677],[-122.4103357,37.7957855],[-122.4103824,37.7957904],[-122.4103957,37.7957859],[-122.4104138,37.7957797],[-122.4104636,37.7957715],[-122.4104672,37.7958075],[-122.4106241,37.7957913],[-122.4106571,37.7959447]]]}},{"type":"Feature","properties":{"property_id":"w162518012","property_name":"Cabrillo Playground"},"geometry":{"type":"Polygon","coordinates":[[[-122.4982914,37.7726698],[-122.499161,37.7726357],[-122.4991859,37.7730328],[-122.4987503,37.7730498],[-122.4987552,37.7731268],[-122.4983211,37.7731438],[-122.4982914,37.7726698]]]}},{"type":"Feature","properties":{"property_id":"w162651463","property_name":"Merced Heights Playground"},"geometry":{"type":"Polygon","coordinates":[[[-122.4706423,37.7172061],[-122.4706488,37.7178023],[-122.4699206,37.7178073],[-122.4699141,37.7172111],[-122.4706423,37.7172061]]]}},{"type":"Feature","properties":{"property_id":"w162651466","property_name":"Ocean View Park"},"geometry":{"type":"Polygon","coordinates":[[[-122.4561974,37.7150049],[-122.4589772,37.7149854],[-122.4589898,37.7160091],[-122.4589963,37.7165363],[-122.4567051,37.7165471],[-122.4564583,37.7165491],[-122.4562126,37.716551],[-122.4561974,37.7150049]]]}},{"type":"Feature","properties":{"property_id":"w193055100","property_name":"Brooks Park"},"geometry":{"type":"Polygon","coordinates":[[[-122.4661763,37.7178571],[-122.4661759,37.7178304],[-122.4661752,37.7176932],[-122.4661604,37.7176932],[-122.4661565,37.7175756],[-122.4658139,37.7175762],[-122.4658064,37.7169759],[-122.4659315,37.7169686],[-122.4660612,37.7169206],[-122.466053,37.7168969],[-122.4666275,37.7166575],[-122.4670781,37.7168718],[-122.4676008,37.7168694],[-122.4676074,37.7168782],[-122.467979,37.7168771],[-122.4679793,37.7170894],[-122.4679812,37.717143],[-122.467611,37.7171472],[-122.4676103,37.7174998],[-122.4676585,37.7174997],[-122.4676605,37.7175657],[-122.4677003,37.7175663],[-122.467698,37.7176533],[-122.4672563,37.7176644],[-122.4672551,37.7178605],[-122.4671696,37.7178584],[-122.466767,37.7178605],[-122.4667562,37.7175974],[-122.4663652,37.7175964],[-122.4663665,37.7178601],[-122.4661763,37.7178571]]]}},{"type":"Feature","properties":{"property_id":"w207811319","property_name":"Brannan Street Wharf"},"geometry":{"type":"Polygon","coordinates":[[[-122.3879349,37.7832231],[-122.3878458,37.7832654],[-122.3875616,37.7833999],[-122.3873737,37.7834121],[-122.3873921,37.7835387],[-122.387423,37.7839259],[-122.3874877,37.7839259],[-122.387632,37.785459],[-122.3877343,37.7854621],[-122.3878173,37.7846144],[-122.3879349,37.7832231]]]}},{"type":"Feature","properties":{"property_id":"w215139414","property_name":"Pier 94 Wetlands"},"geometry":{"type":"Polygon","coordinates":[[[-122.3757641,37.7443948],[-122.3759166,37.744554],[-122.3763876,37.745046],[-122.3764139,37.7454883],[-122.3764465,37.745486],[-122.3765086,37.7455407],[-122.3765007,37.7455926],[-122.3764878,37.7456777],[-122.3763456,37.7456892],[-122.37647,37.7467391],[-122.376704,37.7471187],[-122.3765667,37.7471594],[-122.3764491,37.7471373],[-122.376335,37.7471391],[-122.3756453,37.7470226],[-122.3752341,37.7468542],[-122.3749812,37.7466455],[-122.374883,37.7465428],[-122.3748355,37.7463976],[-122.3748501,37.7460871],[-122.3749188,37.7459038],[-122.3742092,37.7450175],[-122.3739764,37.7449494],[-122.3739464,37.7447577],[-122.3755739,37.7444941],[-122.3757641,37.7443948]]]}},{"type":"Feature","properties":{"property_id":"w217583813","property_name":"Little Hollywood Park"},"geometry":{"type":"Polygon","coordinates":[[[-122.3985183,37.7103698],[-122.3988067,37.7096012],[-122.3986773,37.7096389],[-122.3978602,37.7097585],[-122.3978113,37.7098859],[-122.3977056,37.7098603],[-122.3975916,37.7101533],[-122.3985183,37.7103698]]]}},{"type":"Feature","properties":{"property_id":"w218917064","property_name":"Sunnyside Conservatory"},"geometry":{"type":"Polygon","coordinates":[[[-122.4405452,37.7323195],[-122.4406366,37.7323197],[-122.4406378,37.7319991],[-122.4410153,37.732],[-122.4410141,37.7317245],[-122.4407837,37.7317263],[-122.4407377,37.7317267],[-122.4407362,37.7318638],[-122.4405726,37.7318664],[-122.4405724,37.7319212],[-122.4405468,37.7319211],[-122.4405452,37.7323195]]]}},{"type":"Feature","properties":{"property_id":"w223360164","property_name":"123 Mission Plaza"},"geometry":{"type":"Polygon","coordinates":[[[-122.3944775,37.7920641],[-122.3944577,37.792079],[-122.3944456,37.7920887],[-122.3943203,37.7921897],[-122.3943082,37.7921994],[-122.3943007,37.7922054],[-122.3942878,37.7921951],[-122.3941203,37.7920628],[-122.3940843,37.7920349],[-122.3940322,37.7919933],[-122.3940168,37.7919811],[-122.3939847,37.7919555],[-122.394114,37.7918562],[-122.393746,37.7915754],[-122.3937939,37.7915374],[-122.3938037,37.7915296],[-122.3938168,37.7915364],[-122.3938449,37.791552],[-122.3941515,37.7917939],[-122.3941913,37.7917624],[-122.394251,37.7918091],[-122.3942017,37.7918485],[-122.3944775,37.7920641]]]}},{"type":"Feature","properties":{"property_id":"w224941774","property_name":"Pioneer Park"},"geometry":{"type":"Polygon","coordinates":[[[-122.4052351,37.8019678],[-122.4053403,37.8018741],[-122.4054792,37.8018112],[-122.4057958,37.8017725],[-122.4061452,37.8017248],[-122.406184,37.8017829],[-122.4062269,37.8018225],[-122.4062667,37.8018443],[-122.4062933,37.8018475],[-122.4063188,37.8018628],[-122.406328,37.8018766],[-122.4063556,37.8018798],[-122.4064804,37.802508],[-122.4065461,37.8026303],[-122.4066588,37.8026197],[-122.4066975,37.802968],[-122.4066773,37.8031023],[-122.4065444,37.8032166],[-122.4062752,37.8033575],[-122.4062062,37.8034293],[-122.4061911,37.803537],[-122.4062436,37.8035931],[-122.4047509,37.8037696],[-122.4046583,37.8032458],[-122.4054811,37.8031501],[-122.4053987,37.802754],[-122.4053438,37.8024899],[-122.4052351,37.8019678]]]}},{"type":"Feature","properties":{"property_id":"w225182880","property_name":"Corona Heights Park"},"geometry":{"type":"Polygon","coordinates":[[[-122.4374679,37.7633932],[-122.4373436,37.7633981],[-122.4373771,37.7638862],[-122.4373369,37.7640786],[-122.4371689,37.7641008],[-122.4367446,37.7642675],[-122.4370223,37.7647692],[-122.4369144,37.7648092],[-122.4370672,37.7650823],[-122.4371759,37.7652883],[-122.4369003,37.7653796],[-122.4369739,37.7655126],[-122.4369937,37.7655495],[-122.4372463,37.7654662],[-122.437386,37.7656239],[-122.4378862,37.7657625],[-122.4377798,37.76598],[-122.4383249,37.7661395],[-122.4384322,37.7659115],[-122.4385697,37.7659551],[-122.4387228,37.7659977],[-122.4390548,37.7660965],[-122.4392204,37.7661441],[-122.43933,37.7661852],[-122.4394316,37.7661074],[-122.4397389,37.7658771],[-122.440057,37.7656416],[-122.4402503,37.7655018],[-122.4404681,37.765338],[-122.440532,37.7653436],[-122.4405655,37.7653199],[-122.4406391,37.7653302],[-122.440649,37.7653211],[-122.4409384,37.7653548],[-122.441003,37.765299],[-122.4410516,37.7653064],[-122.4410511,37.7652755],[-122.4410413,37.7652534],[-122.4407067,37.7649026],[-122.4404039,37.7647332],[-122.4400667,37.7645541],[-122.4393903,37.7642585],[-122.4381899,37.7647831],[-122.4379172,37.7648144],[-122.4378319,37.7647338],[-122.4377333,37.7646073],[-122.4375864,37.7643841],[-122.4377734,37.7642319],[-122.4380304,37.7641161],[-122.4382469,37.7640429],[-122.4388081,37.7640044],[-122.4391287,37.7635738],[-122.4391209,37.7635607],[-122.4390535,37.7635468],[-122.4390678,37.7635287],[-122.438938,37.7635057],[-122.4385161,37.7634285],[-122.4383277,37.7633939],[-122.4380984,37.7633622],[-122.4380327,37.7633534],[-122.437797,37.7633707],[-122.4374679,37.7633932]]]}},{"type":"Feature","properties":{"property_id":"w225526801","property_name":"Harvey Milk Plaza"},"geometry":{"type":"Polygon","coordinates":[[[-122.4361377,37.7620923],[-122.4361203,37.7620695],[-122.4360584,37.7620726],[-122.4358659,37.7620833],[-122.435867,37.7620969],[-122.4358374,37.7621098],[-122.435561,37.7622334],[-122.435403,37.7623038],[-122.4353932,37.7623073],[-122.435382,37.76231],[-122.435372,37.7623107],[-122.435361,37.7623102],[-122.4353508,37.7623083],[-122.4353416,37.7623056],[-122.4353332,37.7623014],[-122.4353253,37.7622958],[-122.4353182,37.7622888],[-122.4353116,37.7622803],[-122.4353062,37.7622705],[-122.4353029,37.7622602],[-122.4352689,37.7622617],[-122.4352453,37.7622626],[-122.4352604,37.76241],[-122.435263,37.7624356],[-122.4352742,37.7624537],[-122.435293,37.7624695],[-122.4353183,37.7624799],[-122.435329,37.762481],[-122.4353488,37.7624811],[-122.4353752,37.7624757],[-122.4353977,37.7624667],[-122.4353876,37.7624542],[-122.4360949,37.7621129],[-122.4361377,37.7620923]]]}},{"type":"Feature","properties":{"property_id":"w226290099","property_name":"Sunnyside Playground"},"geometry":{"type":"Polygon","coordinates":[[[-122.4484411,37.7338151],[-122.4482283,37.7338396],[-122.4481445,37.7338472],[-122.4479522,37.7338563],[-122.4476789,37.7338618],[-122.4470543,37.7338816],[-122.4470176,37.7338807],[-122.4468282,37.7338108],[-122.4466214,37.7339656],[-122.4465274,37.7338938],[-122.4465356,37.7331371],[-122.4466966,37.733144],[-122.4466966,37.7334624],[-122.4483753,37.7334596],[-122.448378,37.7331434],[-122.4484773,37.7331412],[-122.4484635,37.7335425],[-122.4484411,37.7338151]]]}},{"type":"Feature","properties":{"property_id":"w233459930","property_name":"India Basin Open Space"},"geometry":{"type":"Polygon","coordinates":[[[-122.3698442,37.7324663],[-122.37041,37.7327618],[-122.3707081,37.7330212],[-122.3707245,37.7330247],[-122.3709981,37.7330822],[-122.3713524,37.7333502],[-122.371475,37.7335017],[-122.3719064,37.733948],[-122.3721548,37.7341132],[-122.372472,37.7340066],[-122.3727721,37.7337384],[-122.3728935,37.733505],[-122.3728556,37.7334335],[-122.3729186,37.7334493],[-122.3729811,37.733408],[-122.3730865,37.7333389],[-122.3733097,37.7331932],[-122.3737732,37.7328116],[-122.3739974,37.7326663],[-122.3743988,37.7325321],[-122.3744304,37.7324372],[-122.3742768,37.7323516],[-122.3740727,37.7322378],[-122.3738446,37.7323707],[-122.3736357,37.7324865],[-122.3733789,37.7326213],[-122.3732132,37.7327485],[-122.3730332,37.732927],[-122.3728747,37.7330713],[-122.3725771,37.7331795],[-122.3722163,37.7334227],[-122.3720178,37.7333006],[-122.371959,37.7333067],[-122.3719024,37.7332955],[-122.3718374,37.7332698],[-122.3717947,37.7332424],[-122.3717581,37.7332022],[-122.3717337,37.7331588],[-122.3717256,37.7331122],[-122.3717377,37.733072],[-122.3709896,37.7327177],[-122.3706495,37.7325456],[-122.3704755,37.7324018],[-122.3703332,37.7323893],[-122.3698789,37.7321379],[-122.3697498,37.7322795],[-122.3696678,37.7323706],[-122.3696439,37.7323984],[-122.3697202,37.7324245],[-122.3698442,37.7324663]]]}},{"type":"Feature","properties":{"property_id":"w243571693","property_name":"The Parks at 5M"},"geometry":{"type":"Polygon","coordinates":[[[-122.4067284,37.7816455],[-122.4063315,37.781336],[-122.4065782,37.7811368],[-122.4067606,37.7812851],[-122.4067442,37.7812998],[-122.4069462,37.7814547],[-122.4067284,37.7816455]]]}},{"type":"Feature","properties":{"property_id":"w257161335","property_name":"Potrero Del Sol Community Garden"},"geometry":{"type":"Polygon","coordinates":[[[-122.405381,37.7498605],[-122.4052007,37.7499197],[-122.4052248,37.7499706],[-122.4049,37.750065],[-122.404755,37.7498008],[-122.4052579,37.7496284],[-122.405381,37.7498605]]]}},{"type":"Feature","properties":{"property_id":"w257177970","property_name":"Bernal Heights Community Garden"},"geometry":{"type":"Polygon","coordinates":[[[-122.4134502,37.7423039],[-122.4128615,37.7422149],[-122.4128705,37.7421172],[-122.4128889,37.7419175],[-122.4134387,37.7419377],[-122.4134502,37.7423039]]]}},{"type":"Feature","properties":{"property_id":"w257181229","property_name":"Adam Rodgers Park Community Garden"},"geometry":{"type":"Polygon","coordinates":[[[-122.3839927,37.7313394],[-122.3836978,37.7315226],[-122.3836269,37.7315601],[-122.3834705,37.7314376],[-122.3834316,37.7313729],[-122.3834182,37.7312986],[-122.3834369,37.7312583],[-122.3834959,37.7311947],[-122.3835724,37.7311565],[-122.383685,37.7311586],[-122.3839238,37.7311766],[-122.3839927,37.7313394]]]}},{"type":"Feature","properties":{"property_id":"w257182717","property_name":"Visitacion Valley Greenway Community Garden"},"geometry":{"type":"Polygon","coordinates":[[[-122.4057475,37.7142689],[-122.4055235,37.7141829],[-122.4056791,37.7139336],[-122.4056093,37.7139028],[-122.4057555,37.7136663],[-122.4059674,37.7137426],[-122.4058869,37.7138721],[-122.4058789,37.7139527],[-122.4058655,37.7140662],[-122.4057475,37.7142689]]]}},{"type":"Feature","properties":{"property_id":"w257182718","property_name":"Brooks Park Community Garden"},"geometry":{"type":"Polygon","coordinates":[[[-122.4661565,37.7175756],[-122.4661507,37.7172447],[-122.4661419,37.7171714],[-122.4662103,37.717032],[-122.4660612,37.7169206],[-122.4659315,37.7169686],[-122.4658064,37.7169759],[-122.4658139,37.7175762],[-122.4661565,37.7175756]]]}},{"type":"Feature","properties":{"property_id":"w257183576","property_name":"Golden Gate Park Community Garden"},"geometry":{"type":"Polygon","coordinates":[[[-122.4577608,37.7661146],[-122.4577764,37.7662983],[-122.4577774,37.7663378],[-122.4577821,37.7663728],[-122.4575399,37.7663632],[-122.4572709,37.766351],[-122.4568696,37.7660973],[-122.4569174,37.766016],[-122.4569363,37.7659948],[-122.4569624,37.765972],[-122.4570677,37.7659688],[-122.4571988,37.7659736],[-122.457331,37.7659901],[-122.4574532,37.7660111],[-122.4575509,37.7660356],[-122.4576511,37.7660653],[-122.4577608,37.7661146]]]}},{"type":"Feature","properties":{"property_id":"w257183688","property_name":"Brewster-Rutledge (Miller Memorial) Community Garden"},"geometry":{"type":"Polygon","coordinates":[[[-122.4068661,37.7450901],[-122.4074432,37.7452342],[-122.4075332,37.7450445],[-122.4069465,37.7449034],[-122.4068661,37.7450901]]]}},{"type":"Feature","properties":{"property_id":"w257344295","property_name":"Agua Vista Park"},"geometry":{"type":"Polygon","coordinates":[[[-122.386362,37.7655992],[-122.3859319,37.7663128],[-122.3858809,37.7665298],[-122.3857576,37.7667348],[-122.3859624,37.7667876],[-122.3864955,37.7656585],[-122.386362,37.7655992]]]}},{"type":"Feature","properties":{"property_id":"w259849026","property_name":"Argonne Community Garden"},"geometry":{"type":"Polygon","coordinates":[[[-122.4745281,37.7741458],[-122.47452,37.7740406],[-122.4745196,37.774035],[-122.4737761,37.7740706],[-122.4737549,37.7737939],[-122.473621,37.7738003],[-122.4736291,37.7739062],[-122.473648,37.7741527],[-122.4736507,37.7741879],[-122.4745281,37.7741458]]]}},{"type":"Feature","properties":{"property_id":"w261129576","property_name":"Midtown Terrace Park and Sutro Recreation Center"},"geometry":{"type":"Polygon","coordinates":[[[-122.4550037,37.7514265],[-122.4551918,37.751447],[-122.4556249,37.7514555],[-122.4559481,37.7514608],[-122.4561292,37.7514757],[-122.4561775,37.7515022],[-122.4561735,37.7515488],[-122.4560326,37.7516899],[-122.4558797,37.7519348],[-122.4558543,37.7520451],[-122.4558502,37.752079],[-122.4557634,37.7520653],[-122.4548659,37.7518701],[-122.4547988,37.7517344],[-122.4545856,37.7517015],[-122.4545963,37.7516379],[-122.4547536,37.7516474],[-122.4549628,37.7516714],[-122.4549917,37.7514986],[-122.4550037,37.7514265]]]}},{"type":"Feature","properties":{"property_id":"w261988292","property_name":"Transamerica Redwood Park"},"geometry":{"type":"Polygon","coordinates":[[[-122.4023736,37.7955598],[-122.4024812,37.7955463],[-122.402499,37.7955441],[-122.4025403,37.7955035],[-122.4025293,37.7954472],[-122.4025002,37.7953026],[-122.4023665,37.7953202],[-122.4023251,37.7951147],[-122.4024591,37.7950985],[-122.4024573,37.7950894],[-122.4024317,37.7949621],[-122.4024647,37.794958],[-122.4024526,37.7949022],[-122.4024006,37.7948827],[-122.4022305,37.7949006],[-122.4019647,37.7949288],[-122.4019435,37.794931],[-122.4019977,37.7952197],[-122.4020148,37.7953109],[-122.4020532,37.7955155],[-122.4020135,37.7955204],[-122.4020301,37.7956029],[-122.4023736,37.7955598]]]}},{"type":"Feature","properties":{"property_id":"w272711313","property_name":"Hippie Hill"},"geometry":{"type":"Polygon","coordinates":[[[-122.4582779,37.7700148],[-122.4582341,37.7700621],[-122.4581663,37.7701041],[-122.4580318,37.7701643],[-122.4578447,37.7702342],[-122.4577606,37.7702586],[-122.4575434,37.7700481],[-122.4573249,37.769918],[-122.4576623,37.7697127],[-122.4578607,37.7695808],[-122.4580145,37.7695238],[-122.4582006,37.769469],[-122.4583297,37.7694507],[-122.4584311,37.7694536],[-122.4583717,37.7695103],[-122.458319,37.7695856],[-122.4582943,37.7696448],[-122.4582782,37.769733],[-122.4582728,37.7698706],[-122.4582846,37.7699556],[-122.4582779,37.7700148]]]}},{"type":"Feature","properties":{"property_id":"w284764947","property_name":"Civic Center Plaza"},"geometry":{"type":"Polygon","coordinates":[[[-122.418067,37.7786194],[-122.4167772,37.7787832],[-122.4169687,37.7797101],[-122.4170838,37.7798329],[-122.4171093,37.7798931],[-122.4171663,37.7801949],[-122.4170617,37.7802087],[-122.4170803,37.7803002],[-122.4171435,37.7803353],[-122.4171869,37.7803597],[-122.4174824,37.7803231],[-122.4174654,37.7802392],[-122.417959,37.7801791],[-122.4180011,37.7801789],[-122.4180425,37.7801845],[-122.4181255,37.7802066],[-122.4181743,37.7802179],[-122.4182246,37.7802186],[-122.4183848,37.7801982],[-122.4184427,37.7801243],[-122.4181512,37.778669],[-122.418067,37.7786194]]]}},{"type":"Feature","properties":{"property_id":"w303422138","property_name":"Rocky Outcrop"},"geometry":{"type":"Polygon","coordinates":[[[-122.4709184,37.7547545],[-122.4709942,37.7547304],[-122.4710133,37.7547091],[-122.4710278,37.7546747],[-122.4710354,37.7545814],[-122.4710399,37.7545242],[-122.4710353,37.7544688],[-122.4710225,37.7544107],[-122.4710106,37.754346],[-122.4710052,37.7542897],[-122.4710048,37.754238],[-122.4710159,37.7541878],[-122.4710238,37.7541389],[-122.4710346,37.7540893],[-122.4710531,37.7540342],[-122.4711094,37.7538919],[-122.4711313,37.7538309],[-122.4711519,37.7537642],[-122.4711661,37.7536978],[-122.4711747,37.7536247],[-122.4711756,37.7535536],[-122.4711723,37.7534842],[-122.4711606,37.7534132],[-122.4711483,37.7533471],[-122.4711253,37.7532685],[-122.4709761,37.7528442],[-122.4706383,37.7530053],[-122.4708164,37.7533302],[-122.4707942,37.7537087],[-122.4705174,37.7544342],[-122.4706187,37.7544408],[-122.470588,37.7547364],[-122.4708241,37.7547519],[-122.4709184,37.7547545]]]}},{"type":"Feature","properties":{"property_id":"w306787829","property_name":"Starr King Open Space"},"geometry":{"type":"Polygon","coordinates":[[[-122.4004362,37.7529942],[-122.4005274,37.7531003],[-122.400561,37.7533473],[-122.4004,37.7534915],[-122.4004108,37.7537147],[-122.4000752,37.7537555],[-122.4001401,37.7543954],[-122.3999702,37.7544116],[-122.3999722,37.7545858],[-122.399822,37.7545954],[-122.3997858,37.7544628],[-122.3997295,37.7543684],[-122.3997764,37.7543409],[-122.399704,37.7542412],[-122.399653,37.754255],[-122.3994814,37.7526327],[-122.3996222,37.752578],[-122.3999387,37.7525584],[-122.3999481,37.7528702],[-122.3999977,37.7532402],[-122.4000715,37.7532477],[-122.4001962,37.7532105],[-122.4003477,37.7531904],[-122.4004362,37.7529942]]]}},{"type":"Feature","properties":{"property_id":"w330694199","property_name":"Palou Community Garden"},"geometry":{"type":"Polygon","coordinates":[[[-122.3953837,37.7369876],[-122.3955795,37.736767],[-122.3949626,37.7364138],[-122.3947547,37.7366482],[-122.3952361,37.7366864],[-122.3953153,37.736732],[-122.3953609,37.7367723],[-122.3953984,37.7368518],[-122.3953837,37.7369876]]]}},{"type":"Feature","properties":{"property_id":"w330695712","property_name":"Palou Phelps Mini Park"},"geometry":{"type":"Polygon","coordinates":[[[-122.3946098,37.7360289],[-122.3947975,37.735821],[-122.3944035,37.7355725],[-122.3944635,37.735502],[-122.3935538,37.7349716],[-122.3937543,37.7347627],[-122.3944923,37.7351675],[-122.3957256,37.7352271],[-122.3959509,37.7353543],[-122.3956505,37.7356386],[-122.3956964,37.735687],[-122.39566,37.7357266],[-122.3956129,37.7357658],[-122.3953983,37.7359907],[-122.3953393,37.7360628],[-122.3954734,37.7361349],[-122.3952589,37.7363683],[-122.3946098,37.7360289]]]}},{"type":"Feature","properties":{"property_id":"w330697238","property_name":"Florence Fang Asian Community Garden"},"geometry":{"type":"Polygon","coordinates":[[[-122.3955623,37.7310636],[-122.3957191,37.7303882],[-122.3956208,37.7303731],[-122.3956528,37.7302578],[-122.3962448,37.7303398],[-122.3961647,37.7306934],[-122.3961433,37.7307291],[-122.3961204,37.7307476],[-122.3960639,37.7307834],[-122.395913,37.7307653],[-122.3958997,37.7308225],[-122.3958347,37.7311014],[-122.3955623,37.7310636]]]}},{"type":"Feature","properties":{"property_id":"w352690312","property_name":"Mariposa Park"},"geometry":{"type":"Polygon","coordinates":[[[-122.3922604,37.7649115],[-122.3908743,37.7649938],[-122.3908531,37.7649872],[-122.3908389,37.7649787],[-122.3908304,37.7649676],[-122.3908285,37.7649501],[-122.3908327,37.7649333],[-122.3909138,37.7647612],[-122.3909485,37.7646458],[-122.3909636,37.764548],[-122.3909599,37.7644325],[-122.3909559,37.7643435],[-122.3909589,37.7643276],[-122.3909717,37.764318],[-122.3909928,37.7643045],[-122.3922309,37.7642478],[-122.3922437,37.7642999],[-122.3922767,37.7644345],[-122.3922604,37.7649115]]]}},{"type":"Feature","properties":{"property_id":"w353551814","property_name":"J.P. Murphy Playground"},"geometry":{"type":"Polygon","coordinates":[[[-122.4653433,37.7513823],[-122.4653953,37.7521272],[-122.4647444,37.7521445],[-122.464487,37.7521567],[-122.4644365,37.7520762],[-122.4645533,37.7520049],[-122.4646412,37.7519195],[-122.4648463,37.7513979],[-122.4653433,37.7513823]]]}},{"type":"Feature","properties":{"property_id":"w367545863","property_name":"Shakespeare Garden"},"geometry":{"type":"Polygon","coordinates":[[[-122.4670847,37.7691415],[-122.4664731,37.7688478],[-122.4667223,37.7685235],[-122.4673339,37.7688172],[-122.4672852,37.7688806],[-122.4672263,37.7689572],[-122.4671846,37.7690114],[-122.4670847,37.7691415]]]}},{"type":"Feature","properties":{"property_id":"w375747149","property_name":"Mission Bay Kids Park"},"geometry":{"type":"Polygon","coordinates":[[[-122.3933233,37.7718993],[-122.3921946,37.7727804],[-122.3921614,37.772434],[-122.3921518,37.7723366],[-122.3921146,37.771951],[-122.3933102,37.7718725],[-122.3933233,37.7718993]]]}},{"type":"Feature","properties":{"property_id":"w379766779","property_name":"Broderick-Terry Duel Landmark Park"},"geometry":{"type":"Polygon","coordinates":[[[-122.4832914,37.7072385],[-122.4833143,37.7072531],[-122.4834992,37.7073262],[-122.4837025,37.7073798],[-122.4838095,37.7074039],[-122.4838231,37.7076329],[-122.4838671,37.7077335],[-122.483908,37.707821],[-122.4839948,37.7079631],[-122.4841716,37.7081011],[-122.4843087,37.7081922],[-122.4841148,37.7081835],[-122.4839011,37.708174],[-122.4828283,37.7081261],[-122.4825958,37.7079703],[-122.4820251,37.7076305],[-122.4821805,37.7076382],[-122.4823469,37.7076382],[-122.4825625,37.7076041],[-122.4827289,37.7075651],[-122.4829138,37.7074871],[-122.4830308,37.7074188],[-122.4831418,37.707336],[-122.4832914,37.7072385]]]}},{"type":"Feature","properties":{"property_id":"w381074858","property_name":"Bernal Recreation Center"},"geometry":{"type":"Polygon","coordinates":[[[-122.4164351,37.7381582],[-122.4163965,37.7387994],[-122.4159189,37.738742],[-122.4159766,37.73813],[-122.4164351,37.7381582]]]}},{"type":"Feature","properties":{"property_id":"w382085366","property_name":"Progress Park"},"geometry":{"type":"Polygon","coordinates":[[[-122.3909628,37.7540835],[-122.3909299,37.7536702],[-122.3910711,37.7536665],[-122.3911316,37.7536328],[-122.3912454,37.7535697],[-122.3911839,37.7534317],[-122.3912736,37.7534029],[-122.3913166,37.7535996],[-122.3914775,37.7540636],[-122.3909628,37.7540835]]]}},{"type":"Feature","properties":{"property_id":"w389262420","property_name":"Yik Oi Huang Peace and Friendship Park"},"geometry":{"type":"Polygon","coordinates":[[[-122.4091649,37.7129876],[-122.4084456,37.712789],[-122.4088866,37.7117889],[-122.409606,37.7119875],[-122.4091649,37.7129876]]]}},{"type":"Feature","properties":{"property_id":"w389262854","property_name":"Visitacion Valley Greenway"},"geometry":{"type":"Polygon","coordinates":[[[-122.4060248,37.715177],[-122.4061532,37.714887],[-122.405922,37.7148057],[-122.4060411,37.7144862],[-122.4057142,37.7143717],[-122.4055531,37.7146709],[-122.4058683,37.7147928],[-122.4057399,37.7150976],[-122.4060248,37.715177]]]}},{"type":"Feature","properties":{"property_id":"w389991180","property_name":"Hayes Valley Playground"},"geometry":{"type":"Polygon","coordinates":[[[-122.4270467,37.7762827],[-122.4269819,37.7759538],[-122.4277303,37.7758524],[-122.4277844,37.7761396],[-122.4277438,37.7761909],[-122.4270467,37.7762827]]]}},{"type":"Feature","properties":{"property_id":"w390516128","property_name":"Bayshore Heights Park"},"geometry":{"type":"Polygon","coordinates":[[[-122.4190747,37.7015957],[-122.4193039,37.7016589],[-122.4193726,37.7016795],[-122.4193079,37.7018372],[-122.4195141,37.7018919],[-122.4195749,37.7018938],[-122.4196415,37.7019023],[-122.4197296,37.7019173],[-122.4198058,37.7019343],[-122.419851,37.7019559],[-122.4198879,37.7019823],[-122.4199082,37.702003],[-122.4199296,37.7020417],[-122.4199474,37.7020765],[-122.4200093,37.7020916],[-122.4200588,37.7021008],[-122.4202595,37.7015849],[-122.4200768,37.7011533],[-122.419365,37.7009305],[-122.4190094,37.7008741],[-122.4188415,37.7013229],[-122.4189256,37.7013473],[-122.4189074,37.70139],[-122.4190609,37.7014373],[-122.4190809,37.7014511],[-122.4190917,37.7014741],[-122.4190908,37.7014964],[-122.4190792,37.7015233],[-122.4190747,37.7015957]]]}},{"type":"Feature","properties":{"property_id":"w390544553","property_name":"Edgewood Park"},"geometry":{"type":"Polygon","coordinates":[[[-122.4595108,37.7003278],[-122.4595291,37.7006635],[-122.4595461,37.7010164],[-122.4595655,37.7013587],[-122.4597588,37.7013789],[-122.4598268,37.7011173],[-122.4598791,37.7009885],[-122.4599654,37.7008539],[-122.4601222,37.700725],[-122.4602595,37.7006635],[-122.4603385,37.7006625],[-122.460499,37.7008337],[-122.4605439,37.7007971],[-122.4605008,37.7006155],[-122.4604856,37.700199],[-122.4604904,37.7000634],[-122.4603543,37.7000586],[-122.460285,37.7001288],[-122.4602716,37.7001716],[-122.4602632,37.700199],[-122.4601696,37.7002903],[-122.4600164,37.7003105],[-122.4595108,37.7003278]]]}},{"type":"Feature","properties":{"property_id":"w396637684","property_name":"Lakeview and Ashton Mini Park"},"geometry":{"type":"Polygon","coordinates":[[[-122.4624309,37.7182865],[-122.4624312,37.7182534],[-122.4623238,37.7182529],[-122.4623236,37.7181759],[-122.4623266,37.7178802],[-122.4626145,37.7178771],[-122.462769,37.7178754],[-122.4627695,37.717902],[-122.4627714,37.7179818],[-122.4628479,37.7179822],[-122.4628475,37.7179989],[-122.4628546,37.7182142],[-122.4630038,37.7182141],[-122.4630058,37.7182737],[-122.4628017,37.7182745],[-122.4628012,37.718286],[-122.4627402,37.718288],[-122.4626296,37.7182875],[-122.4624309,37.7182865]]]}},{"type":"Feature","properties":{"property_id":"w401354283","property_name":"Mountain Lake Park"},"geometry":{"type":"Polygon","coordinates":[[[-122.4721477,37.7874465],[-122.4722963,37.7874167],[-122.472321,37.7873522],[-122.4723671,37.7872262],[-122.47241,37.7870989],[-122.4724482,37.786973],[-122.4724835,37.7868446],[-122.4725144,37.7867164],[-122.4725409,37.7865873],[-122.4725663,37.786433],[-122.4725765,37.7863233],[-122.4724681,37.7863282],[-122.4722023,37.7863403],[-122.4722101,37.7864439],[-122.4722206,37.786592],[-122.472224,37.7866502],[-122.4721069,37.7866543],[-122.466322,37.7869274],[-122.4664043,37.7881713],[-122.4687817,37.7876996],[-122.4709873,37.7872621],[-122.4710167,37.7876685],[-122.4721477,37.7874465]]]}},{"type":"Feature","properties":{"property_id":"w401508551","property_name":"Miraloma Playground"},"geometry":{"type":"Polygon","coordinates":[[[-122.4495729,37.7392369],[-122.4492427,37.7392252],[-122.4488832,37.7392124],[-122.4488322,37.7392061],[-122.4488188,37.7391637],[-122.4489878,37.7384085],[-122.4490039,37.7381646],[-122.4490173,37.7381201],[-122.4490575,37.7380904],[-122.4490951,37.7380883],[-122.4493472,37.7381073],[-122.4494921,37.7380989],[-122.4496637,37.7380734],[-122.4498304,37.7380247],[-122.4498586,37.7381069],[-122.4498613,37.738171],[-122.4498572,37.7382495],[-122.449807,37.7383731],[-122.4496697,37.7388773],[-122.4495729,37.7392369]]]}},{"type":"Feature","properties":{"property_id":"w402061421","property_name":"Grand View Park"},"geometry":{"type":"Polygon","coordinates":[[[-122.4718703,37.7555872],[-122.4719672,37.7556391],[-122.4720466,37.7556849],[-122.4721168,37.7557301],[-122.4721793,37.7557754],[-122.4722362,37.7558217],[-122.4722926,37.7558715],[-122.4723475,37.7559234],[-122.4723862,37.7559642],[-122.4724235,37.7560059],[-122.472467,37.7560571],[-122.4725088,37.756107],[-122.4725479,37.7561555],[-122.4725781,37.7561974],[-122.4725998,37.7562345],[-122.4726165,37.7562713],[-122.4726259,37.7563083],[-122.4726287,37.7563389],[-122.4726278,37.7563733],[-122.4726233,37.7564043],[-122.4726166,37.7564356],[-122.4726034,37.756467],[-122.472588,37.7564982],[-122.4725672,37.7565311],[-122.4725423,37.7565618],[-122.4725134,37.756592],[-122.4724332,37.7566748],[-122.4723695,37.7567478],[-122.4723075,37.7568274],[-122.4722549,37.7569025],[-122.4722027,37.7569827],[-122.4721516,37.7570697],[-122.4721038,37.7571614],[-122.4720582,37.7572543],[-122.4720461,37.7572816],[-122.4720278,37.7573002],[-122.4720078,37.7573108],[-122.4719821,37.7573132],[-122.4719566,37.7573069],[-122.4719318,37.7572952],[-122.4715033,37.7571181],[-122.4714475,37.7570935],[-122.4713919,37.7570645],[-122.4713438,37.7570355],[-122.4712922,37.7570001],[-122.4712482,37.7569633],[-122.4712087,37.7569256],[-122.4711747,37.756886],[-122.4711415,37.7568379],[-122.4711144,37.7567921],[-122.4710911,37.7567447],[-122.4710746,37.7567002],[-122.47106,37.7566492],[-122.4710526,37.7566004],[-122.4710503,37.7565513],[-122.4710521,37.7564824],[-122.4710741,37.7560499],[-122.4714421,37.7560934],[-122.4714909,37.7560673],[-122.4715227,37.7559954],[-122.4715489,37.7559461],[-122.4715664,37.755834],[-122.4716216,37.755864],[-122.4716807,37.7558757],[-122.4717275,37.7558882],[-122.4717795,37.7557387],[-122.4718703,37.7555872]]]}},{"type":"Feature","properties":{"property_id":"w402978882","property_name":"Larsen Park"},"geometry":{"type":"Polygon","coordinates":[[[-122.4756964,37.7411193],[-122.4765664,37.7410814],[-122.4763224,37.7374923],[-122.4754532,37.7375284],[-122.4756964,37.7411193]]]}},{"type":"Feature","properties":{"property_id":"w404847043","property_name":"Lake Merced Park"},"geometry":{"type":"Polygon","coordinates":[[[-122.4854864,37.7101525],[-122.4852879,37.7093159],[-122.4852725,37.7092355],[-122.4852669,37.7091581],[-122.4852723,37.7090773],[-122.4852922,37.7089929],[-122.4853188,37.7089212],[-122.4853665,37.708837],[-122.4854187,37.7087678],[-122.485479,37.7087052],[-122.4855393,37.7086532],[-122.4856005,37.7086116],[-122.4856665,37.7085726],[-122.4857321,37.7085407],[-122.48579,37.7085174],[-122.4858544,37.7084973],[-122.4859223,37.7084832],[-122.4859924,37.7084736],[-122.4860704,37.708468],[-122.4861561,37.708471],[-122.4862464,37.7084798],[-122.4863387,37.7084966],[-122.48642,37.7085193],[-122.4864995,37.7085512],[-122.4866227,37.7086097],[-122.4866621,37.7086266],[-122.4867237,37.7086421],[-122.486761,37.7086547],[-122.4872321,37.7089249],[-122.4873396,37.7089954],[-122.4874267,37.7090629],[-122.4875005,37.7091313],[-122.4875723,37.7092074],[-122.487648,37.7092995],[-122.4877144,37.7093914],[-122.4877759,37.7094907],[-122.4878347,37.7095889],[-122.4878912,37.7096873],[-122.4879453,37.7097877],[-122.487997,37.70989],[-122.488047,37.7099944],[-122.4887397,37.7115219],[-122.4887871,37.7116122],[-122.4888457,37.7116991],[-122.4889173,37.7117875],[-122.4890997,37.7119717],[-122.4891733,37.7120359],[-122.489258,37.7120963],[-122.4895461,37.7122881],[-122.4896819,37.7123883],[-122.4898404,37.7125094],[-122.4899813,37.7126127],[-122.4908514,37.7131794],[-122.4909572,37.7132521],[-122.4910618,37.7133314],[-122.4911568,37.7134136],[-122.4912402,37.7135041],[-122.4913046,37.7135878],[-122.4919523,37.7144327],[-122.4920325,37.7145338],[-122.492107,37.7146229],[-122.4921883,37.7147125],[-122.4922784,37.7148013],[-122.4923675,37.7148862],[-122.4924611,37.7149685],[-122.4925629,37.7150511],[-122.4926647,37.7151281],[-122.4927642,37.7152019],[-122.4928724,37.7152751],[-122.4929862,37.7153473],[-122.4930947,37.7154118],[-122.4932136,37.7154767],[-122.4933332,37.7155381],[-122.4934511,37.7155932],[-122.49358,37.7156482],[-122.4937026,37.7156971],[-122.493825,37.7157408],[-122.4939461,37.7157829],[-122.4940748,37.7158248],[-122.4942052,37.7158652],[-122.4974349,37.7168296],[-122.4975846,37.7168766],[-122.4977048,37.7169207],[-122.4978333,37.7169733],[-122.497951,37.7170248],[-122.4980751,37.7170838],[-122.4981854,37.7171411],[-122.4982943,37.7172041],[-122.4984067,37.7172743],[-122.4985081,37.7173414],[-122.4986158,37.7174176],[-122.4987205,37.7174995],[-122.4988135,37.7175802],[-122.4989022,37.7176633],[-122.4990008,37.7177626],[-122.4990933,37.717864],[-122.4991807,37.717971],[-122.4992621,37.718081],[-122.499343,37.7182],[-122.4997112,37.718766],[-122.4997641,37.7188489],[-122.4998101,37.7189262],[-122.499853,37.7190073],[-122.4998888,37.7190825],[-122.4999197,37.7191551],[-122.4999532,37.7192469],[-122.4999836,37.7193399],[-122.5000071,37.7194253],[-122.5000247,37.719501],[-122.5000409,37.7195805],[-122.5001425,37.7201101],[-122.5001657,37.7202187],[-122.5001903,37.7203194],[-122.500222,37.7204272],[-122.5002543,37.7205205],[-122.5003097,37.7206505],[-122.5003714,37.7207796],[-122.5004403,37.7209052],[-122.5005186,37.7210276],[-122.5006048,37.7211482],[-122.5006912,37.7212565],[-122.5007854,37.7213638],[-122.5020693,37.7227728],[-122.502167,37.722883],[-122.5022552,37.72299],[-122.5023393,37.7231012],[-122.5024238,37.7232184],[-122.502505,37.7233484],[-122.5025694,37.7234626],[-122.5026261,37.7235807],[-122.5026775,37.7237046],[-122.5027232,37.7238286],[-122.5027658,37.7239539],[-122.5028048,37.7240948],[-122.5028339,37.7242131],[-122.5028567,37.724326],[-122.5028748,37.7244328],[-122.5028892,37.7245421],[-122.5028992,37.724653],[-122.502904,37.7247687],[-122.5029036,37.7248805],[-122.5028984,37.7249972],[-122.5028882,37.7251153],[-122.5028755,37.7252351],[-122.5028604,37.7253294],[-122.5028426,37.7254218],[-122.5028211,37.725515],[-122.502793,37.7256131],[-122.5027648,37.7256933],[-122.502732,37.7257784],[-122.5026912,37.7258807],[-122.5023074,37.7268114],[-122.5022232,37.7269601],[-122.5021979,37.7270146],[-122.5021353,37.7271675],[-122.5021048,37.7273067],[-122.5018024,37.7280415],[-122.5017114,37.7282007],[-122.5016459,37.728359],[-122.501616,37.7284728],[-122.5015667,37.7285599],[-122.5015104,37.7286534],[-122.5014249,37.7287891],[-122.5013343,37.7289275],[-122.5012337,37.7290719],[-122.5011335,37.7292089],[-122.5010347,37.7293356],[-122.5009244,37.7294706],[-122.5008111,37.7296066],[-122.5006933,37.7297398],[-122.500573,37.7298694],[-122.5004439,37.7300025],[-122.5003112,37.730133],[-122.4991769,37.7312328],[-122.4991214,37.731278],[-122.4990604,37.7313163],[-122.4989939,37.731348],[-122.4989305,37.7313703],[-122.4988568,37.7313862],[-122.4987803,37.7313947],[-122.4986999,37.7313957],[-122.4986216,37.7313891],[-122.4985357,37.7313742],[-122.4984665,37.7313536],[-122.4984043,37.7313245],[-122.4983478,37.7312874],[-122.4982938,37.7312444],[-122.4982452,37.7311963],[-122.4982063,37.7311475],[-122.4981768,37.7310998],[-122.4974894,37.7296866],[-122.4974415,37.7296008],[-122.4973862,37.7295174],[-122.4973229,37.7294367],[-122.4972479,37.729358],[-122.4971693,37.7292891],[-122.4970868,37.7292267],[-122.4969951,37.7291687],[-122.4968968,37.7291148],[-122.4967898,37.7290674],[-122.4966836,37.7290276],[-122.4965748,37.7289946],[-122.4964696,37.7289703],[-122.4963637,37.7289526],[-122.4962599,37.728941],[-122.4961498,37.7289348],[-122.4960376,37.7289366],[-122.4959344,37.728944],[-122.4958312,37.7289579],[-122.4957269,37.7289761],[-122.4956248,37.7289988],[-122.4942068,37.7293406],[-122.4939326,37.7293982],[-122.493858,37.7294115],[-122.4937838,37.7294184],[-122.493705,37.7294194],[-122.4936241,37.7294099],[-122.4935416,37.7293948],[-122.4934707,37.7293766],[-122.4934153,37.7293608],[-122.4933598,37.7293344],[-122.4926955,37.7289718],[-122.4926169,37.7289319],[-122.4925261,37.7288899],[-122.4924321,37.7288535],[-122.4923256,37.7288243],[-122.4922198,37.7288024],[-122.4921158,37.7287865],[-122.492025,37.728779],[-122.4919192,37.7287752],[-122.4918621,37.7287771],[-122.4918016,37.7287792],[-122.4916952,37.7287904],[-122.4915914,37.7288081],[-122.4914833,37.7288312],[-122.4913678,37.7288681],[-122.4912606,37.7289108],[-122.4911616,37.7289572],[-122.4910628,37.7290154],[-122.4909814,37.7290733],[-122.4909052,37.7291378],[-122.4908394,37.7292029],[-122.4901283,37.7299545],[-122.4900547,37.7300216],[-122.4899934,37.7300674],[-122.4899252,37.7301112],[-122.4898545,37.7301499],[-122.4897791,37.7301851],[-122.4897018,37.7302139],[-122.48962,37.7302382],[-122.4895379,37.7302567],[-122.4894456,37.7302696],[-122.4893606,37.7302763],[-122.4892783,37.7302789],[-122.4891923,37.7302773],[-122.489102,37.7302683],[-122.4890204,37.7302541],[-122.4889339,37.7302339],[-122.4888435,37.730208],[-122.4883469,37.7300557],[-122.4882248,37.7300149],[-122.4876081,37.7297991],[-122.4874823,37.7297581],[-122.4867642,37.7295375],[-122.4865396,37.7294771],[-122.4860958,37.7293609],[-122.4859936,37.729331],[-122.4859018,37.729299],[-122.4858082,37.7292583],[-122.4857111,37.7292088],[-122.4856252,37.7291528],[-122.4855387,37.7290886],[-122.4854609,37.7290189],[-122.4853908,37.7289437],[-122.4852577,37.7287782],[-122.4851212,37.7286127],[-122.4842912,37.7275594],[-122.484242,37.7274923],[-122.4841994,37.7274233],[-122.4841607,37.7273483],[-122.4841304,37.7272782],[-122.4841084,37.7272052],[-122.4840905,37.7271302],[-122.4840783,37.7270553],[-122.4840746,37.72699],[-122.4840755,37.7269236],[-122.4840818,37.7268523],[-122.4840941,37.7267785],[-122.4841174,37.7266901],[-122.4841463,37.7266109],[-122.4842007,37.7264861],[-122.4844049,37.7260023],[-122.4850945,37.724354],[-122.4851418,37.7242371],[-122.4851796,37.7241186],[-122.4852054,37.7240092],[-122.4852244,37.7238775],[-122.4852352,37.723746],[-122.4852398,37.7235992],[-122.4852121,37.7217137],[-122.4852103,37.7210404],[-122.4851933,37.7176709],[-122.4851986,37.717465],[-122.4852472,37.7164879],[-122.4852607,37.7162831],[-122.4853189,37.7156535],[-122.4853504,37.7153464],[-122.4854051,37.7148234],[-122.4854214,37.7145848],[-122.4854301,37.7144438],[-122.4854462,37.713908],[-122.4854473,37.7137701],[-122.4854306,37.7130497],[-122.485431,37.7128954],[-122.4854833,37.7117223],[-122.4855336,37.7107585],[-122.4855352,37.7106552],[-122.4855352,37.7105642],[-122.485533,37.7104648],[-122.4855241,37.7103645],[-122.4855081,37.7102609],[-122.4854864,37.7101525]]]}},{"type":"Feature","properties":{"property_id":"w404851503","property_name":"Fort Funston"},"geometry":{"type":"Polygon","coordinates":[[[-122.5039031,37.7117576],[-122.5040528,37.7122852],[-122.5042435,37.7134825],[-122.5043998,37.7140735],[-122.5047875,37.7151795],[-122.5052679,37.7166865],[-122.5056327,37.717596],[-122.505754,37.7180314],[-122.5062922,37.7196379],[-122.5063961,37.7203234],[-122.5064141,37.7206097],[-122.5065877,37.7216852],[-122.5070212,37.7235595],[-122.5072469,37.7248357],[-122.5073341,37.7257915],[-122.5074028,37.7269455],[-122.5073996,37.7272602],[-122.5064011,37.7272612],[-122.5062567,37.7272578],[-122.5061975,37.7271565],[-122.506132,37.7270552],[-122.5060378,37.7269235],[-122.5059388,37.726795],[-122.5058418,37.7266797],[-122.5057421,37.72657],[-122.505625,37.7264566],[-122.5054927,37.7263477],[-122.5053427,37.7262396],[-122.5052029,37.7261418],[-122.5050547,37.7260466],[-122.5048377,37.725913],[-122.5042187,37.7255565],[-122.5038454,37.7253378],[-122.5035981,37.7251751],[-122.5035367,37.7251333],[-122.5034977,37.7251029],[-122.5034603,37.725067],[-122.5034261,37.7250261],[-122.5033981,37.724983],[-122.5033751,37.7249378],[-122.5033574,37.7248906],[-122.5033462,37.724837],[-122.5033151,37.7246721],[-122.503284,37.7245205],[-122.5032544,37.7244027],[-122.503225,37.724284],[-122.503186,37.7241526],[-122.5031484,37.72403],[-122.5030972,37.7238798],[-122.5030453,37.7237473],[-122.5029891,37.7236167],[-122.5029297,37.7234876],[-122.502864,37.7233638],[-122.5027919,37.7232394],[-122.5027118,37.7231102],[-122.5026182,37.7229745],[-122.502524,37.7228509],[-122.5024313,37.7227381],[-122.5023315,37.7226247],[-122.5016644,37.7218925],[-122.5015536,37.7217686],[-122.5014565,37.7216563],[-122.5013677,37.7215501],[-122.5012781,37.7214393],[-122.5011982,37.7213369],[-122.501112,37.72122],[-122.5010304,37.7211064],[-122.5009554,37.7209968],[-122.5008807,37.7208821],[-122.5008157,37.7207733],[-122.5007565,37.7206594],[-122.5007054,37.7205505],[-122.5006594,37.7204354],[-122.5006161,37.7203012],[-122.5005833,37.7201878],[-122.5005567,37.7200671],[-122.5005404,37.7199534],[-122.5005286,37.7198263],[-122.5004537,37.7185694],[-122.5004422,37.7184239],[-122.5004214,37.7182868],[-122.5004108,37.7182258],[-122.5003965,37.7181379],[-122.5003619,37.7179972],[-122.5003239,37.7178539],[-122.5002741,37.7177167],[-122.5002077,37.7175674],[-122.5001457,37.7174392],[-122.5000729,37.7173104],[-122.4999889,37.7171829],[-122.4999006,37.7170654],[-122.4991188,37.7160386],[-122.4990378,37.715929],[-122.4989635,37.7158233],[-122.4988967,37.7157137],[-122.4988347,37.7155973],[-122.4987785,37.7154823],[-122.4987293,37.7153715],[-122.4986871,37.7152613],[-122.4986516,37.7151492],[-122.4986203,37.7150299],[-122.4985927,37.714903],[-122.4985713,37.7147736],[-122.4985552,37.7146095],[-122.4985415,37.7144082],[-122.4985023,37.713837],[-122.498371,37.7119008],[-122.5011898,37.7117574],[-122.5039031,37.7117576]]]}},{"type":"Feature","properties":{"property_id":"w412695135","property_name":"Emerald Park"},"geometry":{"type":"Polygon","coordinates":[[[-122.3918375,37.7867312],[-122.3918303,37.7867257],[-122.3917888,37.7866931],[-122.3917392,37.7866677],[-122.3917137,37.7866566],[-122.391766,37.7866401],[-122.3916963,37.7865612],[-122.3914227,37.7866444],[-122.391365,37.7866862],[-122.3913348,37.7867376],[-122.3912089,37.7868288],[-122.3912839,37.7868889],[-122.3913161,37.786957],[-122.3914055,37.7870363],[-122.3915006,37.7869623],[-122.3915665,37.7870152],[-122.3916469,37.7869496],[-122.391843,37.7867902],[-122.391836,37.7867782],[-122.3918334,37.7867588],[-122.3918375,37.7867312]]]}},{"type":"Feature","properties":{"property_id":"w414033716","property_name":"Hilltop Park"},"geometry":{"type":"Polygon","coordinates":[[[-122.3823187,37.7334843],[-122.3822511,37.7334481],[-122.3821573,37.7333546],[-122.3825296,37.7330755],[-122.3825761,37.7330395],[-122.3825799,37.7330367],[-122.3825918,37.7330219],[-122.382726,37.7328253],[-122.3830167,37.7323296],[-122.3831247,37.7323426],[-122.3832306,37.7322897],[-122.3832489,37.7322974],[-122.3842372,37.7327076],[-122.3845165,37.7328303],[-122.3847398,37.7329707],[-122.3848292,37.7330742],[-122.3848302,37.7330899],[-122.3845876,37.7333025],[-122.3845305,37.733321],[-122.3844909,37.7333175],[-122.3840028,37.733169],[-122.3837131,37.7331393],[-122.3834288,37.7331732],[-122.3829674,37.7332793],[-122.3825775,37.7334059],[-122.3824085,37.7334608],[-122.3823616,37.7334814],[-122.3823187,37.7334843]]]}},{"type":"Feature","properties":{"property_id":"w414035525","property_name":"Shoreview Park"},"geometry":{"type":"Polygon","coordinates":[[[-122.3811695,37.7315062],[-122.3810386,37.7315182],[-122.3806384,37.7319686],[-122.3806631,37.7320464],[-122.3809576,37.732168],[-122.3810622,37.732168],[-122.3811856,37.7321786],[-122.3812776,37.7321465],[-122.3815405,37.7317647],[-122.381486,37.7317904],[-122.3814297,37.7317798],[-122.3813975,37.7317459],[-122.3813895,37.7316992],[-122.3811695,37.7315062]]]}},{"type":"Feature","properties":{"property_id":"w414887522","property_name":"In Chan Kaajal Park"},"geometry":{"type":"Polygon","coordinates":[[[-122.4161758,37.7637438],[-122.4161906,37.7640026],[-122.4161947,37.7640465],[-122.4161989,37.7640908],[-122.4160293,37.7641011],[-122.4159837,37.7641038],[-122.4159601,37.7641052],[-122.4154982,37.7641332],[-122.4153504,37.7641421],[-122.4153366,37.763986],[-122.415324,37.7638441],[-122.4153193,37.7637913],[-122.4154256,37.7637857],[-122.4160457,37.7637507],[-122.4161758,37.7637438]]]}},{"type":"Feature","properties":{"property_id":"w436484314","property_name":"50 Beale Street Plaza"},"geometry":{"type":"Polygon","coordinates":[[[-122.3966158,37.7916075],[-122.3969311,37.7913588],[-122.3969486,37.791345],[-122.3969659,37.7913314],[-122.3972636,37.791567],[-122.3973408,37.7916282],[-122.3973018,37.7916589],[-122.3972238,37.7917205],[-122.3969907,37.7919043],[-122.3969155,37.7918449],[-122.3966701,37.7916506],[-122.3966232,37.7916134],[-122.3966158,37.7916075]]]}},{"type":"Feature","properties":{"property_id":"w443135450","property_name":"Bayview Gateway"},"geometry":{"type":"Polygon","coordinates":[[[-122.3870221,37.7462628],[-122.3862885,37.7458471],[-122.3861832,37.7458513],[-122.3862475,37.7467834],[-122.386615,37.7467624],[-122.3866157,37.7467815],[-122.3870288,37.7467599],[-122.3870865,37.7467569],[-122.3870834,37.74672],[-122.3866925,37.7467385],[-122.3866137,37.7467134],[-122.3865922,37.7464859],[-122.3866673,37.7464212],[-122.3868658,37.746452],[-122.3870665,37.7465152],[-122.3870482,37.7462941],[-122.3870221,37.7462628]]]}},{"type":"Feature","properties":{"property_id":"w446183018","property_name":"Parklab"},"geometry":{"type":"Polygon","coordinates":[[[-122.3897955,37.7710407],[-122.3897363,37.7710337],[-122.3897067,37.7710029],[-122.3896979,37.7709112],[-122.3896858,37.7707859],[-122.3897164,37.7707516],[-122.389747,37.7707173],[-122.3903332,37.7706817],[-122.3905941,37.7706658],[-122.3910174,37.7706401],[-122.3913669,37.77062],[-122.3915561,37.7706085],[-122.3918355,37.7705916],[-122.3924995,37.7705512],[-122.3926992,37.7705391],[-122.3930236,37.7705247],[-122.3942936,37.7704463],[-122.394335,37.7704458],[-122.3943749,37.7704554],[-122.3944208,37.7704531],[-122.3944437,37.7704688],[-122.3944691,37.7707189],[-122.3944683,37.770725],[-122.3944661,37.7707307],[-122.3944625,37.770735],[-122.3944571,37.7707393],[-122.3944308,37.7707537],[-122.3943425,37.7707631],[-122.3930994,37.7708392],[-122.3930922,37.7708395],[-122.3927979,37.7708431],[-122.3925255,37.7708523],[-122.3918666,37.7708933],[-122.3915824,37.770911],[-122.3913654,37.7709245],[-122.3910477,37.7709646],[-122.3910169,37.7709665],[-122.3905034,37.7709977],[-122.3904232,37.7710025],[-122.3900217,37.7710269],[-122.3897955,37.7710407]]]}},{"type":"Feature","properties":{"property_id":"w462144467","property_name":"Mullen & Peralta Mini Park"},"geometry":{"type":"Polygon","coordinates":[[[-122.4089197,37.7458736],[-122.4088902,37.7458856],[-122.4085317,37.7460313],[-122.4086344,37.7462004],[-122.4084918,37.7462482],[-122.4085111,37.7462731],[-122.4087396,37.7462998],[-122.4089161,37.7463878],[-122.4089958,37.746382],[-122.4090321,37.7463705],[-122.4090378,37.7462935],[-122.4090407,37.7460282],[-122.409041,37.7459968],[-122.4089924,37.7458826],[-122.4089197,37.7458736]]]}},{"type":"Feature","properties":{"property_id":"w479424639","property_name":"Bosworth Street Open Space"},"geometry":{"type":"Polygon","coordinates":[[[-122.4349615,37.7339978],[-122.4350259,37.7338153],[-122.438427,37.7344814],[-122.439827,37.7350203],[-122.4397412,37.7352366],[-122.4392653,37.7350878],[-122.4386333,37.7347167],[-122.4379478,37.7345748],[-122.4370488,37.7343619],[-122.4368981,37.7343244],[-122.4349615,37.7339978]]]}},{"type":"Feature","properties":{"property_id":"w534610947","property_name":"Tunnel Top Park"},"geometry":{"type":"Polygon","coordinates":[[[-122.3930636,37.7524787],[-122.3930538,37.7522904],[-122.3930875,37.751992],[-122.3931085,37.7518056],[-122.3928216,37.7517884],[-122.3926968,37.7517809],[-122.3927472,37.7525013],[-122.3930636,37.7524787]]]}},{"type":"Feature","properties":{"property_id":"w534677321","property_name":"Daggett Park"},"geometry":{"type":"Polygon","coordinates":[[[-122.3961152,37.7672314],[-122.3969773,37.7665522],[-122.3964291,37.7665864],[-122.396292,37.7667672],[-122.396062,37.7668827],[-122.39591,37.7670729],[-122.3961152,37.7672314]]]}},{"type":"Feature","properties":{"property_id":"w545363150","property_name":"Fillmore & Turk Mini Park"},"geometry":{"type":"Polygon","coordinates":[[[-122.4317034,37.7803385],[-122.4316995,37.7803307],[-122.4316994,37.7803278],[-122.4316968,37.7803279],[-122.4316913,37.7803289],[-122.431684,37.7803296],[-122.431675,37.7803273],[-122.4316696,37.7803244],[-122.4316665,37.7803211],[-122.4316642,37.7803173],[-122.4316641,37.7803104],[-122.4316643,37.7803033],[-122.4316654,37.7802975],[-122.4316665,37.7802914],[-122.4316659,37.7802828],[-122.4316627,37.7802769],[-122.4316577,37.7802706],[-122.4316543,37.7802566],[-122.4316455,37.7802563],[-122.4316381,37.7802549],[-122.4316328,37.7802523],[-122.4316297,37.7802491],[-122.4316242,37.7802398],[-122.4316204,37.7802325],[-122.4316168,37.7802189],[-122.4316146,37.7802099],[-122.4316159,37.780198],[-122.4316174,37.7801906],[-122.4316216,37.780181],[-122.4316256,37.7801762],[-122.4316371,37.7801721],[-122.4316359,37.7801673],[-122.4316342,37.7801629],[-122.4316349,37.7801583],[-122.4316364,37.7801487],[-122.4316358,37.7801409],[-122.4316339,37.7801338],[-122.4316312,37.7801281],[-122.4316257,37.7801175],[-122.4316239,37.7801088],[-122.4316268,37.7801015],[-122.4316315,37.7800968],[-122.4316548,37.7800913],[-122.4316538,37.7800885],[-122.4319021,37.7800514],[-122.4318914,37.7799988],[-122.4320524,37.779981],[-122.4321145,37.7802892],[-122.4319994,37.7803021],[-122.4317034,37.7803385]]]}},{"type":"Feature","properties":{"property_id":"w545408838","property_name":"Raymond Kimbell Playground"},"geometry":{"type":"Polygon","coordinates":[[[-122.4358521,37.7837603],[-122.4356935,37.783785],[-122.4356449,37.7837917],[-122.4351533,37.7838549],[-122.4350367,37.7838699],[-122.4348427,37.7838959],[-122.4346423,37.7839322],[-122.434546,37.7835417],[-122.434538,37.7835055],[-122.4344695,37.7831538],[-122.4344484,37.7830601],[-122.4342943,37.7822308],[-122.4350854,37.7821228],[-122.435744,37.7820487],[-122.4359154,37.782418],[-122.4359898,37.7827864],[-122.4359976,37.7828083],[-122.4360113,37.7828298],[-122.4360345,37.7828482],[-122.4360654,37.7828598],[-122.4360971,37.7828636],[-122.4361103,37.7829414],[-122.4361147,37.7829679],[-122.4358264,37.7830031],[-122.4359008,37.78337],[-122.4357631,37.7833874],[-122.4357994,37.7835381],[-122.4358491,37.7837474],[-122.4358521,37.7837603]]]}},{"type":"Feature","properties":{"property_id":"w546510348","property_name":"Japan Town Peace Plaza"},"geometry":{"type":"Polygon","coordinates":[[[-122.4300825,37.7854349],[-122.4300651,37.7854374],[-122.4298858,37.7854599],[-122.4297885,37.7854722],[-122.4297008,37.7854832],[-122.4295627,37.7855006],[-122.4295462,37.7855019],[-122.4295183,37.7853672],[-122.4294453,37.7850018],[-122.4294439,37.7849949],[-122.4294423,37.784987],[-122.4294985,37.7849789],[-122.4295039,37.7849964],[-122.4296272,37.7849789],[-122.4296484,37.784976],[-122.4296514,37.7849874],[-122.4296561,37.7850054],[-122.429764,37.7849842],[-122.4297726,37.7849782],[-122.4297823,37.7849728],[-122.4297932,37.7849683],[-122.4298046,37.7849643],[-122.42982,37.78496],[-122.4298354,37.784957],[-122.4298501,37.7849553],[-122.4298648,37.7849544],[-122.4298787,37.7849546],[-122.4298928,37.7849562],[-122.4299045,37.7849589],[-122.4299196,37.784964],[-122.4299219,37.7849601],[-122.4299062,37.7849543],[-122.4299836,37.7849436],[-122.4299824,37.7849373],[-122.430014,37.7850959],[-122.4300298,37.7851752],[-122.4300377,37.7852144],[-122.4300455,37.7852538],[-122.4300543,37.7852976],[-122.4300605,37.7853301],[-122.4300825,37.7854349]]]}},{"type":"Feature","properties":{"property_id":"w565996157","property_name":"Hillpoint Park"},"geometry":{"type":"Polygon","coordinates":[[[-122.3667985,37.727576],[-122.3660941,37.7274679],[-122.3661334,37.7267651],[-122.3663315,37.7266331],[-122.3664642,37.7265009],[-122.3666682,37.7263746],[-122.3668083,37.7263065],[-122.3669509,37.7262696],[-122.3671106,37.7263415],[-122.3672483,37.7264971],[-122.3674867,37.7267614],[-122.3667985,37.727576]]]}},{"type":"Feature","properties":{"property_id":"w570773694","property_name":"Redwood Grove"},"geometry":{"type":"Polygon","coordinates":[[[-122.4039588,37.7720726],[-122.4037308,37.7722534],[-122.4037098,37.7722368],[-122.4037208,37.7722283],[-122.4035138,37.7720656],[-122.4038078,37.7718321],[-122.4040398,37.7720143],[-122.4039894,37.7720253],[-122.4039588,37.7720726]]]}},{"type":"Feature","properties":{"property_id":"w580080143","property_name":"East Garden"},"geometry":{"type":"Polygon","coordinates":[[[-122.4016321,37.7857679],[-122.4013405,37.7855353],[-122.40136,37.7855186],[-122.4015565,37.7853665],[-122.401679,37.785269],[-122.4016898,37.7852604],[-122.4017258,37.7852886],[-122.4019805,37.7854886],[-122.4019565,37.7855072],[-122.401672,37.7857337],[-122.4016321,37.7857679]]]}},{"type":"Feature","properties":{"property_id":"w585640043","property_name":"Tenderloin Children's Playground"},"geometry":{"type":"Polygon","coordinates":[[[-122.4150607,37.7846822],[-122.4150755,37.7847573],[-122.415132,37.785045],[-122.4155294,37.7849962],[-122.4155252,37.7849746],[-122.4155417,37.7849726],[-122.4154795,37.7846563],[-122.4154746,37.7846314],[-122.4154234,37.7846377],[-122.4150607,37.7846822]]]}},{"type":"Feature","properties":{"property_id":"w605504214","property_name":"Rossi Playground Edward St Annex"},"geometry":{"type":"Polygon","coordinates":[[[-122.4576131,37.7777772],[-122.4576224,37.7778231],[-122.4576729,37.7780719],[-122.4580421,37.7780169],[-122.4579912,37.7777666],[-122.4579822,37.7777222],[-122.4576131,37.7777772]]]}},{"type":"Feature","properties":{"property_id":"w606005383","property_name":"Grace Marchant Garden"},"geometry":{"type":"Polygon","coordinates":[[[-122.4044704,37.8020652],[-122.404449,37.801952],[-122.4044468,37.8019409],[-122.404443,37.8019234],[-122.4039418,37.8019901],[-122.4034041,37.8020616],[-122.4034337,37.8022009],[-122.4042596,37.8020911],[-122.4044704,37.8020652]]]}},{"type":"Feature","properties":{"property_id":"w609637441","property_name":"Sunset Community Garden"},"geometry":{"type":"Polygon","coordinates":[[[-122.4965733,37.7494048],[-122.4956253,37.7494538],[-122.4956213,37.7494129],[-122.4956104,37.7492871],[-122.4964406,37.74925],[-122.4965627,37.7492446],[-122.4965733,37.7494048]]]}},{"type":"Feature","properties":{"property_id":"w609650218","property_name":"Sunset Dunes"},"geometry":{"type":"Polygon","coordinates":[[[-122.5062816,37.7356473],[-122.5064827,37.7356458],[-122.5066167,37.7356624],[-122.5069005,37.7356976],[-122.5069269,37.7361622],[-122.5069561,37.7366776],[-122.5078716,37.7436415],[-122.507982,37.744511],[-122.5097082,37.7578441],[-122.5100196,37.7604071],[-122.5104964,37.7638782],[-122.5104405,37.7638798],[-122.5103344,37.7638828],[-122.5102225,37.7638866],[-122.5100842,37.7638879],[-122.5099215,37.7638783],[-122.5097894,37.7627972],[-122.5095493,37.7608627],[-122.5093219,37.7590099],[-122.5090587,37.7568693],[-122.5087716,37.7546992],[-122.5085005,37.7526295],[-122.507988,37.7487551],[-122.5073123,37.7438136],[-122.507072,37.7419439],[-122.5062462,37.7356996],[-122.5062602,37.7356537],[-122.5062816,37.7356473]]]}},{"type":"Feature","properties":{"property_id":"w641734127","property_name":"UCSF Mission Bay Park"},"geometry":{"type":"Polygon","coordinates":[[[-122.3920155,37.7691161],[-122.391766,37.7691373],[-122.3916534,37.7686624],[-122.3926297,37.7686051],[-122.3926404,37.7686942],[-122.3923535,37.7687175],[-122.3921737,37.7687832],[-122.3920933,37.7688299],[-122.3920155,37.7691161]]]}},{"type":"Feature","properties":{"property_id":"w1428380754","property_name":"Waterfront Plaza"},"geometry":{"type":"Polygon","coordinates":[[[-122.3728533,37.8180042],[-122.3730467,37.8177981],[-122.3718951,37.8161208],[-122.3717466,37.8161741],[-122.3714947,37.8157797],[-122.371434,37.8157889],[-122.3713778,37.8157974],[-122.3728533,37.8180042]]]}},{"type":"Feature","properties":{"property_id":"w681436080","property_name":"Margaret S. Hayward Playground"},"geometry":{"type":"Polygon","coordinates":[[[-122.4241153,37.7814314],[-122.4240317,37.7813835],[-122.4239511,37.7809889],[-122.4239004,37.7807362],[-122.4239365,37.7806926],[-122.4268986,37.7803145],[-122.4269521,37.7803435],[-122.4270948,37.7810682],[-122.4266842,37.7811201],[-122.4266146,37.7807849],[-122.4258764,37.7808626],[-122.4259445,37.7811986],[-122.425435,37.7812634],[-122.4253161,37.7812786],[-122.4251713,37.781297],[-122.4241153,37.7814314]]]}},{"type":"Feature","properties":{"property_id":"w681436082","property_name":"Jefferson Square"},"geometry":{"type":"Polygon","coordinates":[[[-122.4271112,37.7812309],[-122.4272644,37.7819956],[-122.4242264,37.7823755],[-122.4240733,37.7816108],[-122.4271112,37.7812309]]]}},{"type":"Feature","properties":{"property_id":"w690982876","property_name":"Eureka Valley Recreation Center"},"geometry":{"type":"Polygon","coordinates":[[[-122.4360975,37.7593158],[-122.4363025,37.7593022],[-122.4367865,37.7592705],[-122.4367886,37.7592939],[-122.4367935,37.7592936],[-122.4369057,37.7592866],[-122.4369138,37.7593756],[-122.436927,37.759521],[-122.4369821,37.7595187],[-122.4370092,37.7598003],[-122.4370143,37.7598671],[-122.4370001,37.7598694],[-122.4365847,37.7598947],[-122.4365954,37.7600045],[-122.4366068,37.7601215],[-122.4366322,37.7603824],[-122.4366417,37.7604786],[-122.4366423,37.7604947],[-122.4362065,37.7605206],[-122.4361233,37.7596307],[-122.4361103,37.7594978],[-122.4360975,37.7593158]]]}},{"type":"Feature","properties":{"property_id":"w692740286","property_name":"Gilman Playground"},"geometry":{"type":"Polygon","coordinates":[[[-122.3881432,37.7180965],[-122.3870809,37.7174825],[-122.3870663,37.71746],[-122.3870769,37.7174304],[-122.3872103,37.7172948],[-122.3871748,37.7172749],[-122.3879112,37.7164543],[-122.3879541,37.7164278],[-122.3880011,37.7164092],[-122.3880896,37.7163965],[-122.3881749,37.7164032],[-122.3891918,37.7169762],[-122.3891811,37.716989],[-122.3881432,37.7180965]]]}},{"type":"Feature","properties":{"property_id":"w745183964","property_name":"Alamo Square"},"geometry":{"type":"Polygon","coordinates":[[[-122.4360656,37.7753628],[-122.4360631,37.7753502],[-122.4360467,37.775341],[-122.4360298,37.7753304],[-122.4359914,37.7753382],[-122.4345656,37.7755171],[-122.434493,37.7755257],[-122.4330481,37.7757097],[-122.4330051,37.775715],[-122.4330143,37.7757579],[-122.4331688,37.7765292],[-122.4331803,37.7765784],[-122.4333317,37.7773485],[-122.4333757,37.7773908],[-122.4348235,37.7772034],[-122.4348826,37.7771959],[-122.4363421,37.77701],[-122.4363823,37.7770041],[-122.4363876,37.7769597],[-122.4362306,37.7761906],[-122.4362246,37.776162],[-122.4362201,37.776141],[-122.4360656,37.7753628]]]}},{"type":"Feature","properties":{"property_id":"w772905204","property_name":"Francisco Park"},"geometry":{"type":"Polygon","coordinates":[[[-122.421622,37.8040334],[-122.4216464,37.8039702],[-122.4216308,37.8038391],[-122.4216221,37.8037729],[-122.4216054,37.8036823],[-122.4216,37.8035572],[-122.4215901,37.8035087],[-122.421585,37.8034979],[-122.4214524,37.80322],[-122.420043,37.803401],[-122.4200888,37.8036215],[-122.4201015,37.8036826],[-122.420134,37.8038388],[-122.4201848,37.8040834],[-122.4201999,37.8041559],[-122.420203,37.8041774],[-122.4202171,37.8042469],[-122.4202199,37.8042536],[-122.4203019,37.8046998],[-122.4217164,37.8044976],[-122.4216244,37.8040453],[-122.421622,37.8040334]]]}},{"type":"Feature","properties":{"property_id":"w853562207","property_name":"Crane Cove Park"},"geometry":{"type":"Polygon","coordinates":[[[-122.3876093,37.7619188],[-122.3875676,37.7618912],[-122.3875117,37.7618818],[-122.3874395,37.7618824],[-122.387317,37.7618627],[-122.3872614,37.761849],[-122.3871783,37.761825],[-122.3871016,37.7617998],[-122.3870398,37.7617739],[-122.3869806,37.7617443],[-122.3868777,37.7616903],[-122.3868535,37.7616785],[-122.386646,37.7616089],[-122.3867057,37.7620427],[-122.3867126,37.7620828],[-122.3867446,37.7621311],[-122.3861525,37.7633456],[-122.3864283,37.7634108],[-122.3863392,37.7636125],[-122.386715,37.7639243],[-122.3867223,37.7640598],[-122.3876775,37.7640107],[-122.3877857,37.7640037],[-122.3877797,37.7639148],[-122.3873338,37.7639424],[-122.3873174,37.7637125],[-122.3876162,37.7636227],[-122.3876164,37.7636634],[-122.3877392,37.7636603],[-122.3877299,37.763582],[-122.3877218,37.7629717],[-122.3876367,37.7620199],[-122.3876269,37.7619544],[-122.3876093,37.7619188]]]}},{"type":"Feature","properties":{"property_id":"w881786125","property_name":"Hunters Point Community Youth Park"},"geometry":{"type":"Polygon","coordinates":[[[-122.3802793,37.7347025],[-122.3795412,37.734287],[-122.3795889,37.7342004],[-122.3802124,37.7335024],[-122.3809623,37.7339212],[-122.3809531,37.733952],[-122.3802793,37.7347025]]]}},{"type":"Feature","properties":{"property_id":"w908050668","property_name":"Ella Hill Hutch Community Center"},"geometry":{"type":"Polygon","coordinates":[[[-122.4300495,37.7797174],[-122.4300278,37.7797274],[-122.4287925,37.7798842],[-122.4287231,37.7795602],[-122.4287184,37.7795388],[-122.4287164,37.7795293],[-122.4285435,37.7795509],[-122.4285434,37.7795347],[-122.4285431,37.7795055],[-122.4285507,37.7794712],[-122.4285729,37.7794283],[-122.4285943,37.7794033],[-122.4286148,37.7793837],[-122.428635,37.7793598],[-122.4286476,37.7793356],[-122.4286543,37.7793148],[-122.4286576,37.7792929],[-122.4286581,37.779273],[-122.4286565,37.7792651],[-122.4286316,37.7791385],[-122.4298758,37.7789804],[-122.4299027,37.7789838],[-122.429916,37.7790005],[-122.430053,37.7796987],[-122.4300495,37.7797174]]]}},{"type":"Feature","properties":{"property_id":"w934681747","property_name":"Fort Point Coast Guard Station Historic District"},"geometry":{"type":"Polygon","coordinates":[[[-122.466944,37.8050331],[-122.4668655,37.8051211],[-122.4668143,37.8051899],[-122.4665844,37.8054219],[-122.4663644,37.8056316],[-122.4656758,37.8065438],[-122.4661225,37.8067563],[-122.4674152,37.8061963],[-122.4676708,37.8059229],[-122.4678425,37.8057245],[-122.4679284,37.8056451],[-122.4678876,37.8056163],[-122.4674877,37.8053565],[-122.4673011,37.8052458],[-122.466944,37.8050331]]]}},{"type":"Feature","properties":{"property_id":"w941913562","property_name":"War Memorial Court"},"geometry":{"type":"Polygon","coordinates":[[[-122.4214321,37.7791462],[-122.4213749,37.778866],[-122.421292,37.7788765],[-122.4211732,37.7788908],[-122.4209112,37.7789231],[-122.420832,37.778934],[-122.4208032,37.7789428],[-122.4207722,37.7789585],[-122.4207524,37.7789734],[-122.4207373,37.7789894],[-122.4207244,37.7790054],[-122.4207167,37.7790194],[-122.4207435,37.7791587],[-122.4207495,37.7791679],[-122.4207719,37.7791832],[-122.4208033,37.7791981],[-122.4208339,37.7792077],[-122.4208649,37.7792128],[-122.4208911,37.7792128],[-122.4213494,37.7791563],[-122.4213651,37.7791547],[-122.4214321,37.7791462]]]}},{"type":"Feature","properties":{"property_id":"w968634201","property_name":"Point Bonita Light Station"},"geometry":{"type":"Polygon","coordinates":[[[-122.5314434,37.8200077],[-122.5308789,37.8204733],[-122.5307209,37.8204687],[-122.5306709,37.8204672],[-122.5306521,37.8204667],[-122.5289451,37.8204162],[-122.5286198,37.8192615],[-122.5280821,37.8177249],[-122.5274439,37.8153132],[-122.5276413,37.8150827],[-122.5294105,37.8151641],[-122.5299984,37.815337],[-122.5307366,37.817327],[-122.5315691,37.8188899],[-122.531964,37.819673],[-122.5314434,37.8200077]]]}},{"type":"Feature","properties":{"property_id":"w1052927678","property_name":"Yosemite Slough"},"geometry":{"type":"Polygon","coordinates":[[[-122.3804875,37.7234576],[-122.3810426,37.7228409],[-122.3813265,37.7225275],[-122.3816,37.7222271],[-122.3816818,37.7223043],[-122.3816751,37.7225697],[-122.381541,37.7227518],[-122.381451,37.7229411],[-122.381467,37.7231696],[-122.381623,37.723453],[-122.3817024,37.7235691],[-122.381873,37.7237615],[-122.382138,37.7238693],[-122.382377,37.7238629],[-122.3825483,37.7237678],[-122.382686,37.7236652],[-122.383062,37.7234659],[-122.3831609,37.723246],[-122.3833649,37.723117],[-122.383586,37.7230755],[-122.3838273,37.7232756],[-122.3838933,37.7234909],[-122.3838468,37.7236216],[-122.3837475,37.7237446],[-122.3837189,37.7239209],[-122.3837998,37.724146],[-122.3841347,37.7243384],[-122.3844844,37.7244934],[-122.3847287,37.724493],[-122.3852335,37.7242027],[-122.3853383,37.7242036],[-122.3843309,37.7253819],[-122.3841254,37.7253655],[-122.383609,37.7259191],[-122.3821168,37.7250979],[-122.3825313,37.7246311],[-122.3823613,37.7245303],[-122.3817552,37.7241767],[-122.3806788,37.7235585],[-122.3804875,37.7234576]]]}},{"type":"Feature","properties":{"property_id":"w1061916354","property_name":"Ancient Plant Garden"},"geometry":{"type":"Polygon","coordinates":[[[-122.4702868,37.7688135],[-122.4702868,37.7688323],[-122.4702754,37.7688541],[-122.4702373,37.7688883],[-122.470167,37.7689278],[-122.4700918,37.7689556],[-122.4699996,37.7689834],[-122.4699244,37.7689954],[-122.4698341,37.7689887],[-122.4697808,37.7689699],[-122.4696933,37.7689263],[-122.4695954,37.7688616],[-122.4695317,37.7688173],[-122.4694718,37.7687692],[-122.4694109,37.7687203],[-122.4693766,37.7686767],[-122.4693785,37.7686647],[-122.4693973,37.7686601],[-122.469415,37.7686508],[-122.4694281,37.7686248],[-122.4694306,37.7685955],[-122.4694361,37.7685657],[-122.4694442,37.7685569],[-122.469463,37.768547],[-122.469526,37.7685211],[-122.4695436,37.7685109],[-122.4695496,37.7684951],[-122.4695665,37.7684958],[-122.4695694,37.768518],[-122.469584,37.7685474],[-122.4695835,37.7685566],[-122.4695602,37.7685785],[-122.4695633,37.7685858],[-122.4695895,37.7685834],[-122.4696244,37.7685816],[-122.4696675,37.7685806],[-122.4696937,37.7685692],[-122.4697086,37.7685584],[-122.4697374,37.7685512],[-122.4697658,37.7685451],[-122.4697801,37.7685477],[-122.4697986,37.7685569],[-122.4698082,37.7685562],[-122.4698267,37.7685537],[-122.4698504,37.7685501],[-122.4698676,37.7685463],[-122.4698769,37.7685376],[-122.4698793,37.7685221],[-122.4698892,37.7685099],[-122.4698942,37.7685169],[-122.4699078,37.7685188],[-122.4699212,37.7685094],[-122.4699319,37.7685006],[-122.4699411,37.7684839],[-122.4699545,37.7684733],[-122.4699577,37.7684771],[-122.4699668,37.7684876],[-122.469963,37.7685098],[-122.4699492,37.768526],[-122.4699368,37.7685421],[-122.4699416,37.7685624],[-122.4699568,37.7685805],[-122.4699739,37.7686023],[-122.4699844,37.7686293],[-122.4699874,37.7686623],[-122.469997,37.7686898],[-122.4700329,37.7687496],[-122.4700557,37.7687827],[-122.4700774,37.7687981],[-122.4700908,37.7688044],[-122.470124,37.7688126],[-122.4701649,37.7688155],[-122.470194,37.768815],[-122.4702239,37.7688102],[-122.470249,37.7688047],[-122.4702658,37.7687965],[-122.4702792,37.7688049],[-122.4702868,37.7688135]]]}},{"type":"Feature","properties":{"property_id":"w1062131979","property_name":"California Native Garden"},"geometry":{"type":"Polygon","coordinates":[[[-122.469703,37.7661421],[-122.4696721,37.7661771],[-122.4695901,37.7662079],[-122.4695303,37.7662372],[-122.4694963,37.7662562],[-122.4694431,37.766286],[-122.4693971,37.766345],[-122.4694005,37.7663826],[-122.4694347,37.7664412],[-122.4695222,37.7665233],[-122.4696066,37.7666115],[-122.4696737,37.7666697],[-122.4697419,37.7667029],[-122.4698262,37.7667332],[-122.469912,37.7667554],[-122.4699201,37.766812],[-122.4699227,37.7668582],[-122.4700032,37.766874],[-122.4701591,37.7668914],[-122.4702438,37.7668954],[-122.4703302,37.7668901],[-122.4704081,37.7668726],[-122.4704509,37.7668877],[-122.470479,37.7669189],[-122.4704866,37.7669595],[-122.4705414,37.7669884],[-122.470588,37.7669777],[-122.4705823,37.766964],[-122.4705809,37.7669041],[-122.4705682,37.7668352],[-122.470536,37.766744],[-122.4705608,37.7666205],[-122.470593,37.7665537],[-122.4706547,37.7665156],[-122.4707792,37.7664767],[-122.4708022,37.7664053],[-122.470776,37.7662396],[-122.4708057,37.7662217],[-122.4708273,37.7661877],[-122.4708045,37.7661187],[-122.4707664,37.7660504],[-122.470674,37.7660129],[-122.4705665,37.7659942],[-122.4704318,37.7660009],[-122.4702878,37.766027],[-122.470215,37.766033],[-122.4701455,37.7660196],[-122.4699533,37.7659754],[-122.4698491,37.7659821],[-122.4697754,37.7660116],[-122.4697576,37.7660504],[-122.469739,37.7661187],[-122.469703,37.7661421]]]}},{"type":"Feature","properties":{"property_id":"w1062532259","property_name":"Celebration Garden"},"geometry":{"type":"Polygon","coordinates":[[[-122.4673426,37.7672643],[-122.4673461,37.7672653],[-122.4674709,37.7672969],[-122.4675031,37.767387],[-122.4675299,37.7674681],[-122.4675936,37.7675593],[-122.4676171,37.7675874],[-122.4676701,37.7676361],[-122.4678008,37.7677273],[-122.4678377,37.7677475],[-122.4678612,37.7678201],[-122.4678645,37.7678402],[-122.4678531,37.7678784],[-122.4678719,37.7679431],[-122.4678364,37.7680321],[-122.4677707,37.7681784],[-122.4677296,37.768273],[-122.467661,37.7682374],[-122.46755,37.7681811],[-122.4674501,37.7681227],[-122.4673183,37.7680478],[-122.4672516,37.767978],[-122.4672268,37.7679855],[-122.4671631,37.7679531],[-122.4670957,37.7678809],[-122.4671008,37.7678625],[-122.4670478,37.7678397],[-122.4669774,37.7677449],[-122.4669204,37.7676648],[-122.4668743,37.7675831],[-122.4668124,37.7674469],[-122.466794,37.7673875],[-122.4667457,37.767201],[-122.4667315,37.767153],[-122.4670874,37.7672399],[-122.467104,37.7672053],[-122.4672802,37.767249],[-122.4673426,37.7672643]]]}},{"type":"Feature","properties":{"property_id":"w1062555888","property_name":"New Zealand Garden"},"geometry":{"type":"Polygon","coordinates":[[[-122.4700765,37.767914],[-122.470066,37.7679595],[-122.4700502,37.7680489],[-122.4700588,37.7680648],[-122.470069,37.7680809],[-122.4700914,37.7681066],[-122.4701075,37.7681304],[-122.4701246,37.7681557],[-122.4701275,37.7681591],[-122.4701468,37.7681461],[-122.4701497,37.7681293],[-122.4701463,37.7681212],[-122.4701519,37.768114],[-122.4701454,37.768107],[-122.470144,37.7681032],[-122.4701429,37.7680989],[-122.4701455,37.7680954],[-122.4701514,37.7680951],[-122.4701607,37.768087],[-122.4701687,37.7680832],[-122.4701801,37.7680793],[-122.4701889,37.7680841],[-122.4701965,37.7680823],[-122.4702047,37.7680834],[-122.4702204,37.7680839],[-122.4702269,37.7680884],[-122.4702349,37.7680909],[-122.4702389,37.7680947],[-122.4702393,37.7681018],[-122.4702429,37.7681064],[-122.4702505,37.7681067],[-122.4702625,37.7681075],[-122.4702679,37.7681098],[-122.4702711,37.7681136],[-122.4702704,37.7681173],[-122.4702679,37.7681207],[-122.4702682,37.7681259],[-122.4702719,37.7681279],[-122.470278,37.7681282],[-122.4702817,37.7681313],[-122.470278,37.7681359],[-122.4702719,37.7681365],[-122.4702708,37.7681413],[-122.4702695,37.7681472],[-122.4702767,37.7681536],[-122.4702777,37.768162],[-122.4702758,37.7681719],[-122.4702746,37.7681801],[-122.4702739,37.7681847],[-122.4702754,37.7681926],[-122.4702783,37.7682014],[-122.4702717,37.7682145],[-122.4702658,37.7682272],[-122.4702579,37.7682373],[-122.4702452,37.7682411],[-122.4702318,37.7682449],[-122.4702236,37.7682475],[-122.4702101,37.7682558],[-122.470214,37.7682604],[-122.4702861,37.7683224],[-122.4702993,37.7683385],[-122.4703062,37.7683467],[-122.4703195,37.7683624],[-122.4703222,37.7683804],[-122.4703551,37.7683967],[-122.4703998,37.7684128],[-122.4704187,37.7684222],[-122.4704503,37.7684377],[-122.4704773,37.7684489],[-122.4705022,37.7684578],[-122.4705345,37.7684725],[-122.4706401,37.7685104],[-122.4707259,37.7685373],[-122.4707708,37.7685474],[-122.4708129,37.76855],[-122.4708515,37.7685428],[-122.4708847,37.7685335],[-122.4709082,37.768524],[-122.4709206,37.7685153],[-122.4709323,37.7685044],[-122.4709503,37.7684859],[-122.4709624,37.7684451],[-122.4709827,37.7684127],[-122.4709752,37.7683623],[-122.4709458,37.7683108],[-122.470931,37.7682849],[-122.4708988,37.7682447],[-122.470901,37.7682128],[-122.4708853,37.7682112],[-122.4708249,37.7681873],[-122.4707902,37.7681591],[-122.4707762,37.7681388],[-122.4707761,37.7681174],[-122.4707901,37.7680994],[-122.4708103,37.7680719],[-122.4708331,37.768056],[-122.4708344,37.7680273],[-122.4708197,37.7680125],[-122.4708143,37.7679987],[-122.4708197,37.7679542],[-122.4708384,37.7679393],[-122.4708505,37.7679213],[-122.470852,37.7679164],[-122.4708478,37.7679054],[-122.4708523,37.7678942],[-122.4708418,37.7678747],[-122.4708308,37.7678393],[-122.4707387,37.7677687],[-122.4706935,37.7676702],[-122.4707451,37.7676747],[-122.470796,37.7676574],[-122.4708028,37.7676185],[-122.4708231,37.7675998],[-122.4708885,37.7675603],[-122.4709349,37.7675462],[-122.4709827,37.7675444],[-122.4710105,37.7675393],[-122.4710433,37.7675154],[-122.4710621,37.7674715],[-122.4711001,37.7674123],[-122.4711269,37.767358],[-122.4711213,37.7673092],[-122.4710743,37.7672617],[-122.4710264,37.7672396],[-122.4709764,37.7672076],[-122.4709961,37.7671909],[-122.4709946,37.7671678],[-122.4709797,37.767141],[-122.4708811,37.767153],[-122.4707879,37.7671592],[-122.4707045,37.7671592],[-122.4706209,37.7671822],[-122.470513,37.7672223],[-122.4705018,37.7672287],[-122.4704754,37.7672439],[-122.4703975,37.7672886],[-122.4703453,37.7673079],[-122.4702705,37.7673173],[-122.4701997,37.7673334],[-122.4701138,37.7673665],[-122.4701902,37.7674214],[-122.4702251,37.7674607],[-122.4702743,37.7675162],[-122.4703165,37.7675848],[-122.4703549,37.7676469],[-122.4703819,37.767704],[-122.4703425,37.7677153],[-122.4702254,37.7677604],[-122.4701777,37.767791],[-122.4701683,37.7677971],[-122.4701243,37.7678289],[-122.4700983,37.7678599],[-122.4700765,37.767914]]]}},{"type":"Feature","properties":{"property_id":"w1062785131","property_name":"Rhododendron Garden"},"geometry":{"type":"Polygon","coordinates":[[[-122.4684335,37.7682379],[-122.4683768,37.7682491],[-122.4683886,37.768276],[-122.468189,37.7683735],[-122.4682957,37.7684153],[-122.4683104,37.7684365],[-122.4683762,37.768497],[-122.4688295,37.7686708],[-122.4688697,37.7686613],[-122.4690863,37.7687843],[-122.4693183,37.7689136],[-122.4693256,37.7689039],[-122.4693442,37.7689133],[-122.4693642,37.7689165],[-122.4693775,37.7689249],[-122.4694227,37.7689302],[-122.4694678,37.7689291],[-122.4695018,37.7689164],[-122.4695346,37.7689221],[-122.4695731,37.7689147],[-122.4696068,37.7688919],[-122.4694884,37.768807],[-122.4694401,37.7687645],[-122.469378,37.7687099],[-122.4693635,37.7686864],[-122.4693636,37.7686649],[-122.4693637,37.7686481],[-122.4693708,37.7686213],[-122.469383,37.7685887],[-122.4693929,37.7685644],[-122.4694123,37.768517],[-122.4694451,37.7684426],[-122.4694791,37.7683694],[-122.4694915,37.7683076],[-122.4694802,37.7682584],[-122.4694554,37.7682101],[-122.4694258,37.7681758],[-122.4694004,37.7682189],[-122.4693724,37.7682783],[-122.469152,37.7682675],[-122.4691071,37.7682669],[-122.4690239,37.7682765],[-122.4689958,37.7682733],[-122.4689931,37.7682627],[-122.4689971,37.7682383],[-122.4690067,37.7682222],[-122.4689743,37.7682198],[-122.4688521,37.7682563],[-122.4688455,37.7682669],[-122.4688201,37.7682881],[-122.4687879,37.7683024],[-122.4687503,37.7683115],[-122.4686994,37.7683242],[-122.4686611,37.7683321],[-122.4686189,37.7683369],[-122.4685733,37.7683433],[-122.4685404,37.7683077],[-122.4684828,37.7682473],[-122.4684791,37.7682383],[-122.4684794,37.7682287],[-122.4684335,37.7682379]]]}},{"type":"Feature","properties":{"property_id":"w1062787288","property_name":"Mediterranean Garden"},"geometry":{"type":"Polygon","coordinates":[[[-122.4697364,37.7682877],[-122.4697575,37.7682563],[-122.469783,37.7682425],[-122.4698286,37.7682033],[-122.4697729,37.7682028],[-122.469736,37.7681948],[-122.4696998,37.7681747],[-122.4696589,37.7681434],[-122.4696261,37.7681095],[-122.4696361,37.7680899],[-122.4695946,37.7680909],[-122.4695617,37.7680909],[-122.4695402,37.7680925],[-122.4695248,37.7680936],[-122.469496,37.7680899],[-122.4694678,37.7680777],[-122.4694189,37.768046],[-122.4693895,37.7680099],[-122.4693508,37.7679779],[-122.4693134,37.7679463],[-122.4692702,37.7679156],[-122.4692473,37.7679019],[-122.469235,37.7678945],[-122.4691985,37.7678878],[-122.4691572,37.7678797],[-122.4691222,37.7678827],[-122.4690898,37.7678881],[-122.4690521,37.7679011],[-122.4690215,37.7679165],[-122.4689802,37.767944],[-122.4689542,37.7679621],[-122.4689305,37.7679723],[-122.468901,37.76798],[-122.4688768,37.7679808],[-122.4688537,37.7679777],[-122.4688489,37.7679897],[-122.4688415,37.768004],[-122.4688288,37.7680279],[-122.4688046,37.7680655],[-122.4688127,37.7680777],[-122.4688348,37.7680904],[-122.468869,37.7680989],[-122.4689213,37.7681005],[-122.4689314,37.7681058],[-122.4689488,37.7681355],[-122.468922,37.7681715],[-122.4688898,37.7682097],[-122.4688657,37.7682341],[-122.4688521,37.7682563],[-122.4689743,37.7682198],[-122.4690067,37.7682222],[-122.4689971,37.7682383],[-122.4689931,37.7682627],[-122.4689958,37.7682733],[-122.4690239,37.7682765],[-122.4691071,37.7682669],[-122.469152,37.7682675],[-122.4693724,37.7682783],[-122.4694004,37.7682189],[-122.4694258,37.7681758],[-122.4694554,37.7682101],[-122.4694802,37.7682584],[-122.4694915,37.7683076],[-122.4694791,37.7683694],[-122.4694451,37.7684426],[-122.4694123,37.768517],[-122.4693929,37.7685644],[-122.469383,37.7685887],[-122.4693708,37.7686213],[-122.4693637,37.7686481],[-122.4693636,37.7686649],[-122.4693785,37.7686647],[-122.4693973,37.7686601],[-122.469415,37.7686508],[-122.4694281,37.7686248],[-122.4694306,37.7685955],[-122.4694361,37.7685657],[-122.4694442,37.7685569],[-122.469463,37.768547],[-122.469526,37.7685211],[-122.4695436,37.7685109],[-122.4695496,37.7684951],[-122.4695665,37.7684958],[-122.4695781,37.7684743],[-122.4695873,37.7684614],[-122.4696005,37.7684501],[-122.4696121,37.7684425],[-122.4696273,37.7684352],[-122.469645,37.768426],[-122.4696555,37.7684154],[-122.4696595,37.7684003],[-122.4696555,37.7683871],[-122.4696541,37.7683716],[-122.4696541,37.7683616],[-122.4696639,37.7683536],[-122.4696726,37.7683433],[-122.4696751,37.7683318],[-122.4696888,37.768327],[-122.4697034,37.7683213],[-122.469713,37.7683176],[-122.4697252,37.7683168],[-122.4697354,37.768312],[-122.469741,37.7683005],[-122.4697364,37.7682877]]]}},{"type":"Feature","properties":{"property_id":"w1063087368","property_name":"South Africa Garden"},"geometry":{"type":"Polygon","coordinates":[[[-122.4693319,37.7675797],[-122.4694173,37.7676076],[-122.4694855,37.7676425],[-122.4695407,37.7676747],[-122.4695949,37.7677098],[-122.4696225,37.7677296],[-122.4696389,37.7677515],[-122.4696444,37.7677704],[-122.4697166,37.767792],[-122.4697427,37.7677952],[-122.4697709,37.767792],[-122.469793,37.7677957],[-122.4698085,37.7678121],[-122.4698313,37.7678174],[-122.4698916,37.7678227],[-122.4699613,37.7678259],[-122.4699774,37.7678344],[-122.4700002,37.7678514],[-122.4700204,37.7678641],[-122.4700405,37.7678651],[-122.4700592,37.7678588],[-122.4700983,37.7678599],[-122.4701243,37.7678289],[-122.4701683,37.7677971],[-122.4701777,37.767791],[-122.4702254,37.7677604],[-122.4703425,37.7677153],[-122.4703819,37.767704],[-122.4703549,37.7676469],[-122.4703165,37.7675848],[-122.4702743,37.7675162],[-122.4702251,37.7674607],[-122.4701902,37.7674214],[-122.4701138,37.7673665],[-122.4701997,37.7673334],[-122.4702705,37.7673173],[-122.4703453,37.7673079],[-122.4703975,37.7672886],[-122.4704754,37.7672439],[-122.4705018,37.7672287],[-122.470513,37.7672223],[-122.4706209,37.7671822],[-122.4707045,37.7671592],[-122.4707879,37.7671592],[-122.4708811,37.767153],[-122.4709797,37.767141],[-122.4709521,37.7670718],[-122.4709385,37.7670209],[-122.470957,37.7670127],[-122.470949,37.7670003],[-122.470921,37.7670117],[-122.470825,37.7670287],[-122.470698,37.7670271],[-122.470608,37.7670064],[-122.470588,37.7669777],[-122.4705414,37.7669884],[-122.4704866,37.7669595],[-122.470479,37.7669189],[-122.4704509,37.7668877],[-122.4704081,37.7668726],[-122.4703302,37.7668901],[-122.4702438,37.7668954],[-122.4701591,37.7668914],[-122.4700032,37.766874],[-122.4699227,37.7668582],[-122.4699289,37.7669081],[-122.4699367,37.7669316],[-122.4699449,37.7669564],[-122.4699702,37.7670097],[-122.4700148,37.7670493],[-122.4700691,37.7670807],[-122.4700907,37.7670883],[-122.4700686,37.7671283],[-122.4700499,37.7671485],[-122.4700043,37.7671803],[-122.4699748,37.7672089],[-122.469964,37.7672269],[-122.4699578,37.7672724],[-122.4699456,37.7672715],[-122.4699131,37.7672534],[-122.4698836,37.7672402],[-122.4698252,37.767229],[-122.4698173,37.7672449],[-122.4696804,37.7671927],[-122.4696073,37.7671726],[-122.4696001,37.7671646],[-122.4695646,37.767125],[-122.4694598,37.7671485],[-122.4694437,37.7671845],[-122.4694383,37.7672312],[-122.4694236,37.7672513],[-122.4693847,37.7672566],[-122.4693592,37.7672503],[-122.4693029,37.7672651],[-122.4692311,37.7672922],[-122.4692533,37.7673089],[-122.4692827,37.7673356],[-122.469329,37.7673727],[-122.4693658,37.7673971],[-122.4694182,37.7674263],[-122.469443,37.7674384],[-122.4694718,37.7674485],[-122.4695027,37.7674527],[-122.4695194,37.767448],[-122.4695349,37.7674337],[-122.4695604,37.7674591],[-122.4695607,37.7674654],[-122.4695614,37.7674809],[-122.4695432,37.7674936],[-122.4695118,37.7675034],[-122.4694804,37.767508],[-122.4694467,37.7675073],[-122.4694183,37.7675058],[-122.4693978,37.7675009],[-122.4693801,37.7674982],[-122.4693675,37.7674958],[-122.4693319,37.7675797]]]}},{"type":"Feature","properties":{"property_id":"w1063379488","property_name":"Succulent Garden"},"geometry":{"type":"Polygon","coordinates":[[[-122.4721238,37.7670307],[-122.4720958,37.7670674],[-122.4720749,37.7671167],[-122.4720697,37.7671689],[-122.4720846,37.7672136],[-122.4721071,37.767229],[-122.4721299,37.7672322],[-122.4721465,37.7672334],[-122.4721695,37.7672301],[-122.4721849,37.7672227],[-122.4722399,37.7671877],[-122.4722815,37.7671591],[-122.4723257,37.7671273],[-122.4723512,37.7671124],[-122.4724679,37.7670547],[-122.4724827,37.7670581],[-122.4725491,37.7670379],[-122.472649,37.7670098],[-122.4727015,37.7670059],[-122.4727433,37.7669589],[-122.472771,37.7669068],[-122.472794,37.7668261],[-122.4728018,37.7667708],[-122.4727683,37.7667626],[-122.4727535,37.7667435],[-122.4727458,37.7667284],[-122.4727455,37.7667043],[-122.4727431,37.766682],[-122.4727398,37.7666756],[-122.4727126,37.7666688],[-122.4726841,37.7666701],[-122.4726637,37.7666776],[-122.4726536,37.766664],[-122.4726228,37.7666322],[-122.4725913,37.7666168],[-122.4725772,37.7666009],[-122.4725772,37.7665696],[-122.4725792,37.7665484],[-122.4725571,37.7665071],[-122.472541,37.7665315],[-122.4725242,37.7665468],[-122.4725048,37.7665553],[-122.472482,37.7665627],[-122.4724699,37.766576],[-122.4724217,37.7665793],[-122.4724256,37.7666078],[-122.4724275,37.7666442],[-122.4724182,37.7667138],[-122.4724054,37.766758],[-122.472378,37.7668111],[-122.4723682,37.7668279],[-122.4723614,37.7668396],[-122.4723471,37.7668643],[-122.4722947,37.7669222],[-122.4722493,37.7669614],[-122.4722015,37.7669895],[-122.4721896,37.7669956],[-122.4721678,37.767008],[-122.4721238,37.7670307]]]}},{"type":"Feature","properties":{"property_id":"w1117035593","property_name":"Grandview Open Space"},"geometry":{"type":"Polygon","coordinates":[[[-122.4722471,37.7554167],[-122.4725636,37.7552694],[-122.4725398,37.7552389],[-122.4727534,37.7550543],[-122.4725939,37.7549349],[-122.4724376,37.7548179],[-122.4722802,37.7546779],[-122.4721545,37.754513],[-122.4721284,37.7546224],[-122.4721071,37.7547581],[-122.4721028,37.7548925],[-122.472106,37.7549969],[-122.472117,37.7551013],[-122.4721445,37.7552261],[-122.4722082,37.7553677],[-122.4722471,37.7554167]]]}},{"type":"Feature","properties":{"property_id":"w1192766844","property_name":"Commander Isaiah Nelson Memorial Hanging Gardens"},"geometry":{"type":"Polygon","coordinates":[[[-122.3930222,37.7627194],[-122.3930992,37.7627116],[-122.3930107,37.7622865],[-122.3927465,37.7603031],[-122.3926284,37.7603081],[-122.3927697,37.7613104],[-122.3929418,37.7622968],[-122.3930222,37.7627194]]]}},{"type":"Feature","properties":{"property_id":"w1193456304","property_name":"Pier 29 Public Shore"},"geometry":{"type":"Polygon","coordinates":[[[-122.401319,37.8067939],[-122.401305,37.8068061],[-122.4012804,37.8068273],[-122.4012682,37.806838],[-122.40125,37.8068539],[-122.4013009,37.8068903],[-122.4012159,37.8072872],[-122.4009019,37.8075493],[-122.4008969,37.8076149],[-122.4009232,37.807634],[-122.4009373,37.8076391],[-122.4009532,37.8076405],[-122.4009679,37.8076393],[-122.4009802,37.8076338],[-122.4016724,37.8070432],[-122.4015778,37.8069715],[-122.4015713,37.8069775],[-122.401319,37.8067939]]]}},{"type":"Feature","properties":{"property_id":"w1215665327","property_name":"George and Judy Marcus Garden of Enchantment"},"geometry":{"type":"Polygon","coordinates":[[[-122.4679007,37.7723246],[-122.4679701,37.7719051],[-122.4676115,37.7715518],[-122.467413,37.7716985],[-122.4675088,37.7719378],[-122.467621,37.7719969],[-122.4675824,37.7723229],[-122.4679007,37.7723246]]]}},{"type":"Feature","properties":{"property_id":"w1219279180","property_name":"Hunters Point Naval Shipyard"},"geometry":{"type":"Polygon","coordinates":[[[-122.3579016,37.7286522],[-122.3573211,37.7287935],[-122.3580725,37.7292639],[-122.3588803,37.7297699],[-122.3590427,37.7298629],[-122.3609359,37.7294465],[-122.361184,37.7293919],[-122.3625485,37.7290918],[-122.362649,37.728374],[-122.3617185,37.7278382],[-122.3599494,37.7281539],[-122.3579016,37.7286522]]]}},{"type":"Feature","properties":{"property_id":"w1222935270","property_name":"Senior Officers Quarters Historic District"},"geometry":{"type":"Polygon","coordinates":[[[-122.3633012,37.8124972],[-122.3633608,37.8124252],[-122.3635569,37.8123846],[-122.3638126,37.8124123],[-122.3640347,37.8124745],[-122.3643075,37.8125486],[-122.3644149,37.8125952],[-122.3644057,37.8126208],[-122.3643648,37.8126853],[-122.3644711,37.812772],[-122.3646287,37.812915],[-122.3646754,37.8129915],[-122.3646684,37.813176],[-122.3646287,37.8132719],[-122.3645154,37.8134149],[-122.3643975,37.8135357],[-122.3642843,37.8136141],[-122.3641045,37.8136962],[-122.363927,37.8137359],[-122.3636545,37.8137669],[-122.3635883,37.8137665],[-122.3635163,37.8137486],[-122.3634498,37.8137074],[-122.3634406,37.8135619],[-122.3634342,37.81331],[-122.363244,37.8130974],[-122.3629381,37.8127827],[-122.3633012,37.8124972]]]}},{"type":"Feature","properties":{"property_id":"w1232534973","property_name":"Buckeye Grove"},"geometry":{"type":"Polygon","coordinates":[[[-122.3707964,37.811774],[-122.370683,37.8118521],[-122.370468,37.8119605],[-122.3701435,37.8121126],[-122.3702438,37.8122377],[-122.3702886,37.8123215],[-122.3704819,37.8128644],[-122.3705418,37.8129558],[-122.3706131,37.8130211],[-122.3709748,37.813133],[-122.3710533,37.8131158],[-122.3711557,37.8125917],[-122.371319,37.8119685],[-122.3708618,37.811711],[-122.3707964,37.811774]]]}},{"type":"Feature","properties":{"property_id":"w1232534975","property_name":"Panorama Park"},"geometry":{"type":"Polygon","coordinates":[[[-122.3676023,37.8104943],[-122.3676586,37.8104748],[-122.3676659,37.8104881],[-122.3677919,37.8104759],[-122.3680363,37.8105094],[-122.3683019,37.8105808],[-122.3687872,37.8107298],[-122.3692933,37.8108909],[-122.3693526,37.8109025],[-122.3694002,37.8109001],[-122.3694633,37.8108744],[-122.369809,37.8106431],[-122.3698514,37.810561],[-122.3698329,37.8104898],[-122.3697714,37.8104561],[-122.3685135,37.8101906],[-122.3677313,37.8102434],[-122.3676463,37.8102724],[-122.367599,37.8103103],[-122.3675641,37.8103793],[-122.3675652,37.8104374],[-122.3676023,37.8104943]]]}},{"type":"Feature","properties":{"property_id":"w1232534976","property_name":"Clipper Cove Beach"},"geometry":{"type":"Polygon","coordinates":[[[-122.3703306,37.8129119],[-122.3699024,37.8131069],[-122.3700444,37.8132536],[-122.3698215,37.8133537],[-122.3700334,37.8135936],[-122.3702169,37.8138318],[-122.3704485,37.8142253],[-122.3707151,37.8150175],[-122.3708724,37.8149226],[-122.3708024,37.8141477],[-122.3708068,37.8138646],[-122.370951,37.8132899],[-122.3707762,37.8132398],[-122.3704922,37.8130862],[-122.3703306,37.8129119]]]}},{"type":"Feature","properties":{"property_id":"w1232563108","property_name":"Rincon Place"},"geometry":{"type":"Polygon","coordinates":[[[-122.3918853,37.788168],[-122.3917773,37.7880772],[-122.3911026,37.788608],[-122.3912024,37.7886912],[-122.3918853,37.788168]]]}},{"type":"Feature","properties":{"property_id":"w1293746848","property_name":"Sunset Reservoir Park"},"geometry":{"type":"Polygon","coordinates":[[[-122.4859102,37.7518756],[-122.4818037,37.7520581],[-122.4816071,37.7485452],[-122.485611,37.7483148],[-122.4857858,37.7500987],[-122.4859102,37.7518756]]]}},{"type":"Feature","properties":{"property_id":"w1329130170","property_name":"Bayfront Park"},"geometry":{"type":"Polygon","coordinates":[[[-122.3862312,37.7695963],[-122.386155,37.7696449],[-122.38569,37.7696693],[-122.3854569,37.7696743],[-122.3850346,37.7687659],[-122.3853462,37.7679098],[-122.3853527,37.7673664],[-122.3857576,37.7667348],[-122.3859624,37.7667876],[-122.3862312,37.7695963]]]}},{"type":"Feature","properties":{"property_id":"w1350611178","property_name":"San Francisco Maritime National Historical Park"},"geometry":{"type":"Polygon","coordinates":[[[-122.4278559,37.8138395],[-122.4276451,37.8139354],[-122.42692,37.8141757],[-122.4264285,37.8142893],[-122.4233329,37.814648],[-122.4230926,37.8110196],[-122.4215987,37.8099163],[-122.4212412,37.8092411],[-122.4210732,37.8090073],[-122.4210562,37.8090092],[-122.4210535,37.8089941],[-122.4208858,37.8090246],[-122.4206219,37.8084681],[-122.4207755,37.808449],[-122.4207727,37.8084349],[-122.4208135,37.8084298],[-122.4207588,37.8081566],[-122.420729,37.8079998],[-122.4207067,37.8078855],[-122.4207158,37.8078846],[-122.4207101,37.8078551],[-122.4206854,37.8077294],[-122.4206808,37.8077054],[-122.4206447,37.8075214],[-122.4200193,37.807603],[-122.4199204,37.8076164],[-122.4198351,37.8072218],[-122.419826,37.8071783],[-122.419816,37.8071419],[-122.4198032,37.807104],[-122.4197865,37.8070641],[-122.4197612,37.8070136],[-122.4197135,37.8069414],[-122.4196597,37.8068753],[-122.4198659,37.8068491],[-122.4204787,37.8067705],[-122.4207368,37.8067263],[-122.4221042,37.8065523],[-122.4243747,37.8062637],[-122.4248983,37.8061965],[-122.424894,37.8061748],[-122.4248794,37.8061035],[-122.4253174,37.8060442],[-122.4257246,37.8059905],[-122.4258424,37.8065723],[-122.4260756,37.8068271],[-122.4262251,37.8067754],[-122.4262598,37.8068442],[-122.4263549,37.8068851],[-122.4264132,37.8069162],[-122.4265023,37.8069718],[-122.4265853,37.8070505],[-122.4266305,37.807117],[-122.4266506,37.8071593],[-122.4266674,37.8072226],[-122.4266613,37.8074112],[-122.4266645,37.8075502],[-122.4266925,37.8076881],[-122.4267315,37.8077769],[-122.4267785,37.8078649],[-122.4268481,37.8079794],[-122.4267148,37.8080352],[-122.4267388,37.8081526],[-122.4268325,37.8086288],[-122.4278559,37.8138395]]]}},{"type":"Feature","properties":{"property_id":"w1428380753","property_name":"Cityside Park"},"geometry":{"type":"Polygon","coordinates":[[[-122.3743242,37.8213517],[-122.375002,37.82085],[-122.3730467,37.8177981],[-122.3728533,37.8180042],[-122.3733301,37.8187114],[-122.3729387,37.8191449],[-122.3743242,37.8213517]]]}},{"type":"Feature","properties":{"property_id":"w1428380755","property_name":"Causeway Park"},"geometry":{"type":"Polygon","coordinates":[[[-122.3717466,37.8161741],[-122.3718951,37.8161208],[-122.3713058,37.8152715],[-122.3711484,37.8150121],[-122.3710539,37.8146993],[-122.3710629,37.8149588],[-122.3711753,37.815307],[-122.3713328,37.815634],[-122.371434,37.8157889],[-122.3714947,37.8157797],[-122.3717466,37.8161741]]]}},{"type":"Feature","properties":{"property_id":"w1428380756","property_name":"Hilltop East"},"geometry":{"type":"Polygon","coordinates":[[[-122.3672988,37.8104345],[-122.3673236,37.8103326],[-122.367368,37.8102318],[-122.3672942,37.8101683],[-122.3671057,37.8101274],[-122.367066,37.8101332],[-122.3670388,37.8101181],[-122.3669014,37.8100616],[-122.3668361,37.8100555],[-122.366582,37.8099211],[-122.3665552,37.8098789],[-122.3664949,37.8098583],[-122.366282,37.8097963],[-122.3663279,37.8097816],[-122.3661806,37.8097378],[-122.3660315,37.8097225],[-122.3659643,37.8096825],[-122.3658738,37.8096335],[-122.3657503,37.8096307],[-122.3656091,37.8096447],[-122.3655491,37.8097646],[-122.3655597,37.8098566],[-122.3656585,37.8099681],[-122.3655773,37.8102079],[-122.3658809,37.8102999],[-122.3662832,37.8104533],[-122.3666114,37.8105565],[-122.367095,37.8105788],[-122.367275,37.810576],[-122.3672644,37.810484],[-122.3672988,37.8104345]]]}},{"type":"Feature","properties":{"property_id":"w1428380762","property_name":"Cultural Park"},"geometry":{"type":"Polygon","coordinates":[[[-122.371765,37.8188473],[-122.3727388,37.81793],[-122.3723868,37.8174481],[-122.3711276,37.8179547],[-122.371765,37.8188473]]]}},{"type":"Feature","properties":{"property_id":"w1428380764","property_name":"Clipper Cove"},"geometry":{"type":"Polygon","coordinates":[[[-122.371303,37.8160259],[-122.3712218,37.8158909],[-122.3691577,37.8167956],[-122.3692347,37.8169307],[-122.369427,37.8168193],[-122.3694868,37.8168598],[-122.3696748,37.8167653],[-122.3696748,37.8167112],[-122.371303,37.8160259]]]}},{"type":"Feature","properties":{"property_id":"w1485542870","property_name":"Outpost Meadow"},"geometry":{"type":"Polygon","coordinates":[[[-122.4575099,37.8031454],[-122.4576206,37.8036969],[-122.4580113,37.8036438],[-122.4580185,37.8036789],[-122.4587001,37.8035921],[-122.4585952,37.8030982],[-122.4577064,37.8031906],[-122.4575099,37.8031454]]]}},{"type":"Feature","properties":{"property_id":"r2142026","property_name":"Lands End"},"geometry":{"type":"MultiPolygon","coordinates":[[[[-122.5147128,37.7811281],[-122.5147121,37.7810948],[-122.5146858,37.7810841],[-122.5146541,37.7811027],[-122.5146459,37.7810991],[-122.5146921,37.7810104],[-122.5146704,37.780961],[-122.5146514,37.7809238],[-122.5146606,37.780891],[-122.514626,37.7808557],[-122.5146202,37.780853],[-122.5145384,37.7808147],[-122.5144946,37.780785],[-122.5143423,37.7806736],[-122.5142241,37.7806496],[-122.5141945,37.7806057],[-122.51417,37.7804005],[-122.5141407,37.7801035],[-122.5141467,37.7799118],[-122.514138,37.7797632],[-122.5141337,37.7796823],[-122.5141444,37.7796153],[-122.5141734,37.779516],[-122.5141452,37.7793918],[-122.5141269,37.7792816],[-122.5142478,37.7790916]]],[[[-122.5142478,37.7790916],[-122.5136744,37.7791138],[-122.5130467,37.7792029],[-122.5129571,37.779209],[-122.51296,37.7793002],[-122.5126804,37.7793346],[-122.5126368,37.7791928],[-122.5125395,37.7791908],[-122.5122269,37.7792434],[-122.5120348,37.7792941],[-122.5116838,37.7794722],[-122.51166,37.7794847]]],[[[-122.51166,37.7794847],[-122.5115019,37.7795674],[-122.5112636,37.7797031],[-122.5110843,37.7797881],[-122.5108435,37.7798752],[-122.5106769,37.7799157],[-122.5105258,37.7799339],[-122.5103546,37.7799402],[-122.5097441,37.7799774],[-122.5097283,37.7799891],[-122.5097147,37.780007],[-122.509712,37.7800284],[-122.5097211,37.7800549],[-122.5099276,37.7804422],[-122.5100597,37.7806659],[-122.5096468,37.7807134],[-122.5096587,37.7809122],[-122.5096648,37.7809959],[-122.5076815,37.7810841]]],[[[-122.5076815,37.7810841],[-122.507817,37.7823848],[-122.5076696,37.7824594]]],[[[-122.5076696,37.7824594],[-122.5077891,37.7825815],[-122.5077908,37.782985],[-122.5076562,37.7830068],[-122.5076362,37.7830421],[-122.5070031,37.7833571]]],[[[-122.5070031,37.7833571],[-122.5069934,37.7833957],[-122.5069338,37.7836342],[-122.506814,37.7837004],[-122.5065167,37.7835189],[-122.5063303,37.7835418],[-122.5062962,37.7835393],[-122.5061245,37.7835534],[-122.506039,37.783551],[-122.5059737,37.7835447],[-122.5058923,37.7835312],[-122.5057887,37.7835063],[-122.5057285,37.7834894],[-122.5056756,37.7834568],[-122.5055466,37.7833822],[-122.5052398,37.7831751],[-122.504568,37.7831629],[-122.5045244,37.7831969],[-122.504468,37.7831733],[-122.5044261,37.7831746],[-122.5043697,37.7831604],[-122.5042956,37.7831778],[-122.5039131,37.7834415],[-122.5038387,37.7835428],[-122.5037953,37.78357],[-122.5037477,37.7836865],[-122.5036941,37.7837187],[-122.5036238,37.7837513],[-122.5035573,37.7837757],[-122.5034523,37.783803],[-122.5033649,37.7838183],[-122.5031912,37.7838295],[-122.5029811,37.7812778]]],[[[-122.5029811,37.7812778],[-122.5011083,37.7813665],[-122.5010847,37.7813676]]],[[[-122.5010847,37.7813676],[-122.5012455,37.7832094],[-122.501266,37.7834442],[-122.5016968,37.7839442],[-122.5041416,37.7840131],[-122.5050642,37.7852378],[-122.5035113,37.786024],[-122.5033447,37.7864806],[-122.5023993,37.7870383],[-122.501802,37.787189],[-122.5011594,37.7870081],[-122.5010102,37.786391],[-122.5006032,37.7861037],[-122.5001279,37.7859622],[-122.4995102,37.7864434],[-122.4993312,37.7865518],[-122.4989523,37.7865809],[-122.4985857,37.7865815],[-122.4982209,37.7865515],[-122.4978645,37.7864735],[-122.4973103,37.7862933],[-122.4970689,37.7864597],[-122.4967631,37.786464],[-122.4959404,37.7865832],[-122.4957332,37.7866584],[-122.4951357,37.7866995],[-122.4941124,37.7864498],[-122.4939247,37.7867889],[-122.4937976,37.7868758]]],[[[-122.4938774,37.7875505],[-122.4937976,37.7868758]]],[[[-122.4938774,37.7875505],[-122.4941845,37.7876017],[-122.4943733,37.7878256],[-122.4945364,37.788063],[-122.4947003,37.7880525],[-122.494793,37.7877977],[-122.4952655,37.7875674],[-122.4956265,37.7874525],[-122.4961775,37.7873304],[-122.4966275,37.7872551],[-122.4973961,37.7874886],[-122.4978104,37.787957],[-122.4978552,37.7877432],[-122.4980532,37.7877544],[-122.4983386,37.7879895],[-122.4986997,37.7881775],[-122.4988708,37.7882192],[-122.4989462,37.7883123],[-122.499094,37.7882258],[-122.4992829,37.7883889],[-122.499416,37.7883792],[-122.4995957,37.7886022],[-122.4997701,37.7884105],[-122.4999612,37.78834],[-122.500245,37.7883848],[-122.5017146,37.7880367],[-122.5018288,37.7881352],[-122.5018865,37.7880088],[-122.5021037,37.7879735],[-122.5022196,37.7880487],[-122.502248,37.7881822],[-122.5024136,37.7880511],[-122.5027878,37.7879691],[-122.5029265,37.7880359],[-122.5035993,37.7879053],[-122.504044,37.7879155],[-122.5049563,37.7877611],[-122.5051225,37.7877552],[-122.5052844,37.7878476],[-122.5052223,37.7879409],[-122.50524,37.7879998],[-122.5052437,37.7880313],[-122.5052934,37.7880698],[-122.5053904,37.7881143],[-122.5054828,37.7881072],[-122.5055879,37.7880714],[-122.5057038,37.7881286],[-122.5058002,37.7881183],[-122.5058583,37.7881881],[-122.5059085,37.7881931],[-122.5059955,37.7881687],[-122.506031,37.7881235],[-122.5060205,37.7881],[-122.5059982,37.7880762],[-122.5059565,37.7880485],[-122.5059665,37.7880225],[-122.5060093,37.7879719],[-122.5060336,37.7879346],[-122.5060316,37.787848],[-122.5060402,37.7877531],[-122.5060246,37.7876797],[-122.5060104,37.7876401],[-122.5059214,37.7876134],[-122.5059437,37.7875701],[-122.5060327,37.7875532],[-122.5060468,37.7874979],[-122.5060764,37.7874556],[-122.5061287,37.7873856],[-122.5063777,37.787251],[-122.506742,37.7871544],[-122.5068738,37.78704],[-122.507209,37.786817],[-122.5073664,37.7867016]]],[[[-122.5073664,37.7867016],[-122.5076077,37.7864116],[-122.5076535,37.7863573],[-122.50785,37.78613],[-122.5081025,37.7859038],[-122.5084214,37.7857008],[-122.5086331,37.7856928]]],[[[-122.5086331,37.7856928],[-122.5087769,37.7856496],[-122.5089882,37.7855376],[-122.5091079,37.7853873],[-122.5092227,37.785318],[-122.5094593,37.7851584],[-122.5095038,37.785065],[-122.5097027,37.7847935],[-122.5098915,37.7848003],[-122.5101515,37.7845588],[-122.5102292,37.7847579],[-122.5103089,37.7847244],[-122.5104505,37.784532],[-122.5107622,37.784335],[-122.5109644,37.7844285],[-122.5110132,37.7843571],[-122.5111028,37.7845172],[-122.511223,37.7845603],[-122.5112831,37.784536],[-122.511319,37.7844469],[-122.5112751,37.7842876],[-122.5113167,37.7841797],[-122.5115157,37.7840453],[-122.5115844,37.7841467],[-122.5116366,37.7840255],[-122.5117271,37.7839767],[-122.5118658,37.7839878],[-122.5118925,37.7839398],[-122.5118525,37.7838679],[-122.5120747,37.7837444],[-122.5121348,37.7837915],[-122.512287,37.7839295],[-122.5123533,37.783902],[-122.5124196,37.7839967],[-122.5127416,37.7839663],[-122.5126376,37.7838858],[-122.5126334,37.7838578],[-122.5124394,37.783786],[-122.5124411,37.7837442],[-122.5123026,37.7836481],[-122.5125462,37.7834701],[-122.5127047,37.7834531],[-122.5127637,37.783311],[-122.5127295,37.7831499],[-122.5127424,37.7829979],[-122.5127901,37.7828576],[-122.5128576,37.7827107],[-122.5130167,37.7826334],[-122.5131055,37.7826176],[-122.5131557,37.7826254],[-122.5132473,37.7826212],[-122.5132695,37.7827336],[-122.5132984,37.782761],[-122.5133597,37.7827726],[-122.513437,37.7827406],[-122.5134684,37.7826899],[-122.5134696,37.7826274],[-122.5134548,37.7825588],[-122.5133967,37.7825724],[-122.5133628,37.7824905],[-122.5133814,37.782392],[-122.5134173,37.7823333],[-122.5134237,37.7822839],[-122.5133949,37.7822174],[-122.5133705,37.7821178],[-122.5134405,37.7820591],[-122.5134727,37.7820116],[-122.5135316,37.7819839],[-122.5136215,37.7820009],[-122.5136624,37.7819789],[-122.5136643,37.7819138],[-122.5136827,37.7818298],[-122.5136974,37.7817727],[-122.5137534,37.7816809],[-122.5137811,37.7816181],[-122.5137619,37.7815675],[-122.5137581,37.7814964],[-122.5137557,37.7814301],[-122.5137608,37.7813746],[-122.5138065,37.7813398],[-122.5138513,37.7813712],[-122.5139374,37.7814084],[-122.5140307,37.7814285],[-122.514058,37.7814537],[-122.5141089,37.7814776],[-122.5141732,37.7814869],[-122.514186,37.7814727],[-122.5141855,37.7814488],[-122.514215,37.7814351],[-122.514236,37.7814433],[-122.5142578,37.7814565],[-122.5142953,37.7814592],[-122.5143169,37.7814362],[-122.5143111,37.7814099],[-122.5143129,37.7813856],[-122.514293,37.7813591],[-122.5142486,37.7813261],[-122.5142296,37.7812968],[-122.5142142,37.7812782],[-122.5142187,37.781256],[-122.5142631,37.7812381],[-122.5143156,37.7812281],[-122.5143691,37.7812359],[-122.5144144,37.7812424],[-122.5144542,37.7812388],[-122.5144633,37.7812209],[-122.5145004,37.7811944],[-122.5145765,37.7812861],[-122.514632,37.7812432],[-122.5146789,37.7811911],[-122.5146912,37.7811485],[-122.5147128,37.7811281]]]]}},{"type":"Feature","properties":{"property_id":"r2173408","property_name":"China Beach"},"geometry":{"type":"MultiPolygon","coordinates":[[[[-122.4906854,37.7872525],[-122.4907635,37.7872221],[-122.4908199,37.7872002],[-122.4909284,37.7871583],[-122.4909467,37.7871535],[-122.4909803,37.7871455],[-122.4910259,37.7871363],[-122.4910668,37.7871357],[-122.4911012,37.7871368],[-122.4911239,37.7871371],[-122.4911413,37.7871332],[-122.4911608,37.7871279],[-122.4911835,37.7871158],[-122.4911956,37.7871032],[-122.4912034,37.7870902],[-122.4913948,37.7871692],[-122.491408,37.7871747],[-122.4915401,37.7872292],[-122.4915618,37.7874184],[-122.4916638,37.7874124],[-122.491645,37.7872967],[-122.4917722,37.7873725],[-122.4925906,37.7876991],[-122.4926322,37.7877319]]],[[[-122.4923312,37.7878225],[-122.4926322,37.7877319]]],[[[-122.490389,37.7888853],[-122.4904178,37.7888579],[-122.4909237,37.7884052],[-122.4916624,37.7880236],[-122.4923312,37.7878225]]],[[[-122.4902446,37.7890231],[-122.490389,37.7888853]]],[[[-122.4902446,37.7890231],[-122.4900309,37.7888336],[-122.4899944,37.7885922],[-122.4901085,37.7885811],[-122.4900747,37.7885028],[-122.4900231,37.7883667],[-122.4900889,37.7883535],[-122.4900696,37.7882234],[-122.4900384,37.7880213],[-122.4898489,37.7879229],[-122.4900252,37.7877222],[-122.4902572,37.7874935],[-122.4903734,37.7874014],[-122.4905108,37.7873177],[-122.4906854,37.7872525]]]]}},{"type":"Feature","properties":{"property_id":"r3307684","property_name":"Mount Sutro Open Space Reserve"},"geometry":{"type":"Polygon","coordinates":[[[-122.4574878,37.7557993],[-122.4573905,37.7558046],[-122.4573409,37.7559407],[-122.4573305,37.7561305],[-122.4574505,37.7563615],[-122.4575131,37.7564811],[-122.4575105,37.7566214],[-122.4574479,37.756741],[-122.4572966,37.7568276],[-122.4571766,37.7568751],[-122.4570122,37.7568689],[-122.4559034,37.756708],[-122.4557521,37.7567121],[-122.4555904,37.7567266],[-122.4546231,37.7569709],[-122.4542815,37.7570312],[-122.4542338,37.7570504],[-122.4540798,37.7573371],[-122.4538868,37.7575437],[-122.4535972,37.7577995],[-122.4533788,37.7579644],[-122.4528307,37.7582252],[-122.4524247,37.7583416],[-122.4524196,37.7587107],[-122.452044,37.7587669],[-122.4520878,37.7590982],[-122.452397,37.7614358],[-122.4535162,37.7615669],[-122.4535925,37.7615092],[-122.4538415,37.7617054],[-122.453987,37.7615702],[-122.4544801,37.7613267],[-122.4548607,37.7610459],[-122.4552616,37.7606246],[-122.4554748,37.7606486],[-122.4556067,37.7608693],[-122.4555763,37.7613668],[-122.4554443,37.7625584],[-122.4555154,37.7639225],[-122.455945,37.7638615],[-122.4560362,37.7635964],[-122.456059,37.7633134],[-122.4561099,37.7630727],[-122.4562494,37.7628331],[-122.4562722,37.7627451],[-122.4562722,37.7626094],[-122.4563192,37.7625267],[-122.4564224,37.7623814],[-122.4565901,37.7621991],[-122.4568449,37.7619404],[-122.4570219,37.7618216],[-122.4572767,37.7617283],[-122.4575168,37.7616626],[-122.4576938,37.7616605],[-122.4582731,37.7616849],[-122.4587523,37.7617845],[-122.4587966,37.76153],[-122.4591533,37.7615905],[-122.4592714,37.7616307],[-122.4593344,37.7617007],[-122.4593786,37.7617961],[-122.4593545,37.7618947],[-122.4595035,37.7620249],[-122.4595972,37.7621068],[-122.4598521,37.7620676],[-122.4600505,37.7618725],[-122.4600814,37.7614601],[-122.460182,37.7608896],[-122.460245,37.7606787],[-122.4603266,37.7605909],[-122.4603534,37.7604573],[-122.4601697,37.7603555],[-122.460167,37.7599198],[-122.4600691,37.7595784],[-122.4599135,37.7592783],[-122.4600287,37.7591646],[-122.4613723,37.7591448],[-122.4614299,37.7595882],[-122.461591,37.759588],[-122.4619603,37.7596563],[-122.4619631,37.7592383],[-122.4622779,37.7589689],[-122.462093,37.7589089],[-122.461514,37.757451],[-122.4614577,37.7573701],[-122.4611691,37.7569486],[-122.461205,37.7568428],[-122.4610935,37.7563358],[-122.4610703,37.7556445],[-122.4610939,37.7554327],[-122.4612633,37.7549028],[-122.460943,37.7551903],[-122.4608817,37.7555453],[-122.4607562,37.7561196],[-122.4607338,37.7565719],[-122.4608031,37.7565746],[-122.4608524,37.7570483],[-122.4603221,37.7572097],[-122.4603482,37.7572595],[-122.4604238,37.7572395],[-122.4604686,37.7573204],[-122.4605585,37.7572971],[-122.4607358,37.7575795],[-122.4608531,37.7576379],[-122.460908,37.7577413],[-122.4610722,37.7578091],[-122.4612993,37.7581345],[-122.4611997,37.7585314],[-122.4597171,37.7588768],[-122.4597825,37.7591369],[-122.4594977,37.7591596],[-122.4594066,37.7591362],[-122.4593328,37.7590154],[-122.4593079,37.7588232],[-122.4593455,37.7586631],[-122.4597451,37.7585581],[-122.4603688,37.7584436],[-122.4606853,37.7583651],[-122.4607215,37.7583418],[-122.4607832,37.7582951],[-122.4608046,37.7582082],[-122.4608033,37.7581743],[-122.4606423,37.7580216],[-122.4604452,37.7578848],[-122.4602709,37.7576547],[-122.4600536,37.7574808],[-122.4598672,37.7573472],[-122.4597827,37.7572518],[-122.4596834,37.7570366],[-122.4596271,37.7567916],[-122.4595815,37.7564704],[-122.4595265,37.7560187],[-122.4594605,37.7556956],[-122.4594031,37.7555574],[-122.4593248,37.755477],[-122.4587848,37.7551593],[-122.45867,37.7551222],[-122.4585204,37.7551206],[-122.4583883,37.755162],[-122.4582857,37.7552277],[-122.4582388,37.7552744],[-122.458173,37.7553618],[-122.4580637,37.7554901],[-122.4580027,37.7555537],[-122.4579075,37.7556274],[-122.45771,37.7557338],[-122.4575661,37.7557911],[-122.4574878,37.7557993]]]}},{"type":"Feature","properties":{"property_id":"r3947724","property_name":"Marin Headlands"},"geometry":{"type":"MultiPolygon","coordinates":[[[[-122.4876792,37.826404],[-122.487771,37.826416],[-122.4877989,37.8263681],[-122.487787,37.8263122],[-122.487747,37.8262643],[-122.4876911,37.8262323],[-122.4876273,37.8262603],[-122.4875873,37.8263282],[-122.4876153,37.8263921],[-122.4876792,37.826404]]],[[[-122.4782014,37.8295022],[-122.478243,37.8295121],[-122.4782679,37.8294955],[-122.4783095,37.8295071],[-122.4783361,37.8294972],[-122.4783377,37.8294673],[-122.4783112,37.829439],[-122.4782762,37.8294407],[-122.4782546,37.8294573],[-122.4782081,37.829449],[-122.4781898,37.8294656],[-122.4782014,37.8295022]]],[[[-122.4780183,37.8292932],[-122.4780417,37.8293163],[-122.4780956,37.8293326],[-122.4782332,37.8293032],[-122.4782609,37.8292832],[-122.4782902,37.8292666],[-122.4783089,37.8292208],[-122.4783102,37.8291848],[-122.4783057,37.8291517],[-122.4782948,37.829124],[-122.4782717,37.8291121],[-122.478221,37.8291137],[-122.4781864,37.829115],[-122.4781552,37.8291228],[-122.4781205,37.8291269],[-122.4780693,37.8291605],[-122.4780372,37.8291843],[-122.478026,37.8292046],[-122.4780205,37.8292448],[-122.4780007,37.8292727],[-122.4780183,37.8292932]]],[[[-122.5373802,37.8235178],[-122.5373171,37.8235856],[-122.5372948,37.823719],[-122.5372144,37.8237473],[-122.5371239,37.8237648],[-122.5370849,37.8238687],[-122.5370278,37.8239072],[-122.5368946,37.8239264],[-122.5367785,37.8239601],[-122.5365549,37.8239564],[-122.5363807,37.8240437],[-122.5362769,37.8242866],[-122.5363463,37.8244826],[-122.5363568,37.8245521],[-122.5364675,37.8244766],[-122.536519,37.8244472],[-122.5366413,37.8243894],[-122.5367849,37.824378],[-122.5368248,37.8243304],[-122.5368922,37.8243317],[-122.5369855,37.8242828],[-122.5369816,37.8241839],[-122.5370127,37.8241733],[-122.537127,37.8241254],[-122.5371745,37.8241082],[-122.5372339,37.8241097],[-122.5372418,37.8241988],[-122.5373047,37.8242139],[-122.5373512,37.8242605],[-122.5374055,37.8243023],[-122.5374596,37.8243072],[-122.5375368,37.8242666],[-122.5375603,37.8242194],[-122.537552,37.8241709],[-122.5375803,37.8241143],[-122.5375862,37.8240634],[-122.5376691,37.8239657],[-122.5376686,37.8238723],[-122.537651,37.8237641],[-122.537585,37.8236935],[-122.5375031,37.8236674],[-122.537498,37.8235993],[-122.5374368,37.8235096],[-122.5373802,37.8235178]]],[[[-122.5161266,37.8254323],[-122.5155258,37.8253683],[-122.5153891,37.8253494],[-122.515042,37.8253012],[-122.5140619,37.8251653],[-122.5137257,37.8251187],[-122.5136386,37.8249922],[-122.5134293,37.8250266],[-122.5130579,37.8248314],[-122.5123684,37.8246844],[-122.5123481,37.8243648],[-122.5121503,37.824344],[-122.511973,37.8244726],[-122.5121171,37.8246685],[-122.5118417,37.8247273],[-122.5110715,37.8247385],[-122.5099818,37.8245382],[-122.5097237,37.8243537],[-122.5095031,37.8243241],[-122.5091153,37.8242021],[-122.5085365,37.824037],[-122.5081495,37.8239508],[-122.5074974,37.8238],[-122.5068561,37.8236184],[-122.5064288,37.8234661],[-122.5061807,37.8233474],[-122.505862,37.8231179],[-122.5057164,37.8230339],[-122.5053717,37.8228349]]],[[[-122.5053717,37.8228349],[-122.5053057,37.8227098],[-122.5054191,37.8225872],[-122.5057169,37.822529],[-122.5056544,37.8223388],[-122.5053426,37.8219776],[-122.5050748,37.8219326],[-122.5048099,37.8219532],[-122.5047435,37.8218285],[-122.5043601,37.8217876],[-122.5046698,37.8216439],[-122.5048401,37.8215027],[-122.504752,37.821404],[-122.5048366,37.8213459],[-122.5048264,37.8211966],[-122.5045899,37.8210237],[-122.5045307,37.8209012],[-122.5042126,37.820973],[-122.5040499,37.821056],[-122.5037454,37.8210889],[-122.5036243,37.8212058],[-122.5032345,37.821137],[-122.5035606,37.8210162],[-122.5032416,37.8208781],[-122.503008,37.8209633],[-122.502744,37.8209918],[-122.5025664,37.821133],[-122.5025797,37.821251],[-122.5023124,37.8212616],[-122.502255,37.8213864],[-122.5020557,37.821272],[-122.5020746,37.8215547],[-122.5017407,37.8215409],[-122.501497,37.8214292],[-122.5017093,37.8212422],[-122.5018224,37.8210212],[-122.5016487,37.8209486],[-122.5016539,37.8208185],[-122.501449,37.8208485],[-122.5013497,37.8207998],[-122.5011081,37.8210086],[-122.5009411,37.8208862],[-122.5011483,37.8208065],[-122.5012147,37.8207456],[-122.501026,37.8206968],[-122.5008407,37.8207375],[-122.5007947,37.8206692],[-122.500916,37.8205425],[-122.5010263,37.8204073],[-122.5009537,37.8202968],[-122.5007997,37.8202294],[-122.5006498,37.8201805],[-122.5006047,37.8201816],[-122.5005814,37.8201689],[-122.5005296,37.8201596],[-122.5005115,37.8201339],[-122.5004163,37.8201266],[-122.5003936,37.8201551],[-122.5003733,37.8201784],[-122.500348,37.8201583],[-122.5003715,37.8200852],[-122.5002729,37.8200597],[-122.5001187,37.8200915],[-122.5000785,37.8201191],[-122.5000262,37.8201159],[-122.499994,37.820153],[-122.4999484,37.8201636],[-122.499916,37.8201413],[-122.499876,37.8201011],[-122.4998894,37.8200809],[-122.4998907,37.8200184],[-122.4998773,37.8200025],[-122.4999147,37.8199705],[-122.4999115,37.8199446],[-122.4997981,37.8199274],[-122.4997525,37.8199338],[-122.4997244,37.8199623],[-122.4996681,37.8199379],[-122.4996245,37.8199232],[-122.4995901,37.8199115],[-122.4995474,37.8199252],[-122.49953,37.8199369],[-122.4994589,37.8199252],[-122.499373,37.81992],[-122.4993006,37.8199454],[-122.499284,37.8199668],[-122.4992584,37.8200049],[-122.4992455,37.8200408],[-122.4992084,37.8200571],[-122.4991983,37.8200881],[-122.4992322,37.820099],[-122.4991999,37.8201276],[-122.4992214,37.8201637],[-122.4992718,37.8201905],[-122.4993358,37.8202283],[-122.4994057,37.8202664],[-122.4994579,37.8202771],[-122.4994808,37.8203067],[-122.499572,37.8203427],[-122.499651,37.8203798],[-122.499643,37.8204339],[-122.4995526,37.8204123],[-122.499521,37.8204169],[-122.4995781,37.8204529],[-122.4995968,37.8204828],[-122.4996588,37.8205132],[-122.4996711,37.8205323],[-122.499695,37.8205541],[-122.4997063,37.8205783],[-122.4996805,37.820597],[-122.4997045,37.820616],[-122.4996577,37.820626],[-122.4996316,37.8206572],[-122.4996696,37.820669],[-122.4997008,37.8206921],[-122.499737,37.8207472],[-122.4998144,37.8207825],[-122.4998547,37.8207919],[-122.4998739,37.82082],[-122.4999061,37.8208199],[-122.4999782,37.8208438],[-122.5000332,37.8208809],[-122.5000762,37.8209328],[-122.5000837,37.8209664],[-122.5001333,37.8210145],[-122.5001527,37.8210481],[-122.5000858,37.8210902],[-122.5000215,37.8211116],[-122.4999516,37.821101],[-122.4998604,37.8210951],[-122.4998523,37.8211286],[-122.4999004,37.8211903],[-122.5001394,37.8213623],[-122.4997109,37.8218492],[-122.499252,37.8221544],[-122.4985201,37.8223702],[-122.4975934,37.8224262],[-122.4966327,37.8223576],[-122.4960718,37.8222653],[-122.4961994,37.8220354],[-122.4960517,37.821983],[-122.4959261,37.8221576],[-122.4956459,37.8222559],[-122.4953897,37.8224637],[-122.4951179,37.8225675],[-122.495018,37.8226922],[-122.4948894,37.8226646],[-122.494766,37.8227897],[-122.4948801,37.8228857],[-122.4946989,37.8231454],[-122.494804,37.8231276],[-122.4948451,37.8231645],[-122.4948233,37.8232022],[-122.4947619,37.8232325],[-122.4946907,37.823236],[-122.4946286,37.823212],[-122.4945479,37.8232011],[-122.4944248,37.8232788],[-122.4943227,37.8233532],[-122.4941156,37.8234484],[-122.4938633,37.8236323],[-122.4938329,37.8237064],[-122.4937607,37.8237461],[-122.4936371,37.8237205],[-122.4936129,37.8237469],[-122.4936223,37.8237984],[-122.4934793,37.8239629],[-122.4934505,37.8241081],[-122.4934565,37.8242161],[-122.4934725,37.8243558],[-122.4933008,37.8243478],[-122.4933731,37.8244751],[-122.4933608,37.8245212],[-122.4931397,37.8246751],[-122.4929337,37.8247523],[-122.4926233,37.8248699],[-122.4924088,37.8248194],[-122.492322,37.824903],[-122.4921893,37.8249614],[-122.4920582,37.8249602],[-122.4921232,37.8251901],[-122.4920831,37.8254139],[-122.4919553,37.8255935],[-122.4918531,37.8256182],[-122.4917317,37.8255177],[-122.491552,37.8257093],[-122.4913824,37.8258272],[-122.4914842,37.8260327],[-122.4917114,37.8261965],[-122.4916638,37.8262882],[-122.4914512,37.8264768],[-122.4911053,37.8265979]]],[[[-122.4911053,37.8265979],[-122.4907812,37.8266974],[-122.4902625,37.8268148],[-122.4898566,37.8268654],[-122.489477,37.82683],[-122.4885079,37.8268517]]],[[[-122.4885079,37.8268517],[-122.4883405,37.8268667],[-122.4881144,37.8267235],[-122.4879706,37.8267314],[-122.4878548,37.8267753],[-122.4877286,37.8267725],[-122.4875354,37.8266156],[-122.4873039,37.8265358],[-122.4870473,37.8265491],[-122.4869163,37.8264789],[-122.4868626,37.8264236],[-122.4866495,37.8263061],[-122.4865235,37.8263142],[-122.4861611,37.8263547],[-122.4859064,37.8262882],[-122.485828,37.8263398],[-122.4858321,37.8263968],[-122.4855839,37.8264334],[-122.4853848,37.8265208],[-122.4852732,37.8266349],[-122.4849344,37.8266475],[-122.4847631,37.8267021],[-122.4847341,37.8266752],[-122.4847168,37.8266839],[-122.4847065,37.8266995],[-122.4847195,37.8267432],[-122.4847416,37.8268122],[-122.4846956,37.826926],[-122.484706,37.8269673],[-122.4847076,37.8270048]]],[[[-122.4831185,37.8263931],[-122.4831341,37.8264212],[-122.4832495,37.8265301],[-122.4833005,37.826556],[-122.4834664,37.8266588],[-122.483579,37.8267285],[-122.483698,37.8267693],[-122.4839969,37.8269192],[-122.4841478,37.8269714],[-122.4842954,37.8269983],[-122.4844671,37.8270159],[-122.4845705,37.8270168],[-122.4847076,37.8270048]]],[[[-122.4831185,37.8263931],[-122.4830984,37.8263568],[-122.4831488,37.8263019],[-122.4831963,37.8262957],[-122.4832134,37.8262831],[-122.4832403,37.8262719],[-122.4832368,37.826253],[-122.4832342,37.8262356],[-122.4832215,37.8262227],[-122.4831422,37.8261877],[-122.4831112,37.8261514],[-122.48309,37.8261353],[-122.4830943,37.8261087],[-122.4830403,37.8260556],[-122.4830133,37.825967],[-122.4830604,37.8259549],[-122.4830984,37.8259331],[-122.4830742,37.8258906],[-122.4830542,37.8258687],[-122.4830229,37.8258614],[-122.4829906,37.8258431],[-122.4830042,37.8258352],[-122.4830393,37.8258356],[-122.4830324,37.8258147],[-122.4830335,37.825789],[-122.4829267,37.8257509],[-122.4828283,37.825785],[-122.482719,37.825823],[-122.4826317,37.825895],[-122.482605,37.8258723],[-122.4825458,37.8258441],[-122.4824653,37.8257874],[-122.4824373,37.8257901],[-122.4824261,37.8257729],[-122.4824277,37.8257619],[-122.4824171,37.8257551],[-122.4823473,37.8257467],[-122.4823105,37.8257894],[-122.482251,37.8258678],[-122.4823047,37.8259388],[-122.4823102,37.8259709],[-122.4823055,37.8260047],[-122.4822949,37.8260302],[-122.4822722,37.8260626],[-122.4822569,37.8260732],[-122.4822344,37.8260757],[-122.4821624,37.8260738],[-122.4821374,37.8260924],[-122.4821274,37.8261149],[-122.4821381,37.8261746],[-122.4821311,37.826265]]],[[[-122.4821311,37.826265],[-122.4821022,37.8262744],[-122.4820783,37.8262629],[-122.482056,37.8262431],[-122.4819676,37.8262563],[-122.4818361,37.8262707],[-122.4817588,37.8262569],[-122.4816406,37.8262606],[-122.4815533,37.8262527],[-122.4814599,37.8262309],[-122.4814302,37.8262077],[-122.481361,37.826207],[-122.4812439,37.8261658],[-122.4811502,37.8261398],[-122.4810434,37.8261161],[-122.4809559,37.8260838],[-122.4808732,37.8260484],[-122.4807873,37.826022],[-122.4807321,37.8260082],[-122.4806685,37.8259872],[-122.4806149,37.8259614],[-122.4805921,37.8259435],[-122.4805441,37.8259248],[-122.4804303,37.8259044]]],[[[-122.4804303,37.8259044],[-122.4803448,37.8258823],[-122.4803627,37.8258052],[-122.4803691,37.8257482],[-122.4803568,37.825726],[-122.4803298,37.825707],[-122.4802937,37.8256977],[-122.4802603,37.8256981],[-122.4801765,37.825724],[-122.4800739,37.8257537],[-122.4799784,37.8257665],[-122.4798962,37.8257736],[-122.4797824,37.8258003],[-122.4797067,37.8258353],[-122.4796425,37.8258497],[-122.4795774,37.825847],[-122.4794445,37.8258327],[-122.4794229,37.8256881],[-122.4794085,37.8255855],[-122.4794379,37.8255758],[-122.4794619,37.8255504],[-122.479469,37.8255334],[-122.4794731,37.8254825],[-122.4794652,37.825447],[-122.4794529,37.8254255],[-122.4794376,37.8254064],[-122.4794131,37.8253922],[-122.4790357,37.8254172],[-122.4790093,37.8254421],[-122.4789736,37.8254447],[-122.4789535,37.8255033],[-122.4789655,37.8255761],[-122.4789774,37.8256075],[-122.478997,37.8256317],[-122.4790848,37.8256337]]],[[[-122.4790848,37.8256337],[-122.4790927,37.8256833],[-122.4790283,37.8256883],[-122.478963,37.8257147],[-122.478857,37.8257757],[-122.4787717,37.8258376],[-122.4786894,37.8258892],[-122.478642,37.8258948],[-122.4786094,37.8258568],[-122.4785805,37.8258225],[-122.4785494,37.8258041],[-122.4785056,37.8257575],[-122.4784336,37.8256002],[-122.4784587,37.8255832],[-122.4784317,37.8255151],[-122.4784106,37.8255056],[-122.478376,37.8254841],[-122.4783641,37.8254435],[-122.4783309,37.825427],[-122.478306,37.8254268],[-122.4782865,37.8254407],[-122.4782822,37.8254518],[-122.4782673,37.825494],[-122.4782836,37.8255157],[-122.4783225,37.8255829],[-122.4783133,37.8256503],[-122.4783378,37.8256789],[-122.4783396,37.8257201],[-122.4783527,37.8257528],[-122.4783618,37.8257645],[-122.4783921,37.8257744],[-122.4784111,37.8257838],[-122.478442,37.8257955],[-122.478447,37.825813],[-122.4784546,37.8258323],[-122.4784583,37.8258519],[-122.4784347,37.8258765],[-122.478469,37.825901],[-122.4784927,37.8259056],[-122.4785103,37.8259029],[-122.4785492,37.8259193],[-122.4785897,37.8259403],[-122.4785306,37.8260242],[-122.4785,37.8260906],[-122.478533,37.826157]]],[[[-122.478533,37.826157],[-122.4785852,37.8261659],[-122.4785497,37.8262302],[-122.4785643,37.8263015],[-122.4785834,37.8263459],[-122.4785854,37.8264973],[-122.4786146,37.826555],[-122.4786754,37.8265885],[-122.47875,37.8266662],[-122.4787469,37.8267128],[-122.4787444,37.8267558],[-122.4788008,37.8269625],[-122.4788343,37.8271373],[-122.4788187,37.8276035],[-122.4788168,37.8276489],[-122.4787574,37.8276455],[-122.4787412,37.8276446],[-122.4787134,37.827665],[-122.4787238,37.8277056],[-122.4787766,37.8277143],[-122.4787939,37.8277182],[-122.4788397,37.8276991],[-122.4788895,37.8280067],[-122.4788749,37.828104],[-122.4788208,37.828136],[-122.4787464,37.8281424],[-122.4786936,37.8281306],[-122.4786743,37.8281363],[-122.478663,37.8281548],[-122.4787114,37.8282378],[-122.4787342,37.8282567],[-122.4787478,37.828269],[-122.4787606,37.8282945],[-122.4787866,37.828299],[-122.4788241,37.8282825],[-122.4788467,37.8282911],[-122.4788742,37.8283192],[-122.4788371,37.828394],[-122.4787891,37.828565],[-122.4787679,37.8288206],[-122.4787898,37.8289189],[-122.4787467,37.8290634],[-122.4787278,37.8291447],[-122.4787557,37.8292154]]],[[[-122.4787557,37.8292154],[-122.4788578,37.829366],[-122.4789097,37.8294279],[-122.4790414,37.8296901],[-122.4790844,37.8299402],[-122.4790996,37.8301033],[-122.4788058,37.8305991],[-122.4786732,37.8308209],[-122.478624,37.8308677],[-122.4786251,37.830873],[-122.4786427,37.8309589],[-122.4786068,37.8310243],[-122.4785487,37.8311305],[-122.4783543,37.8313476],[-122.4781099,37.8315207],[-122.4780412,37.8315516],[-122.477923,37.8316371],[-122.4779093,37.8316263],[-122.4778726,37.8316428]]],[[[-122.4778726,37.8316428],[-122.477858,37.8316785],[-122.4778389,37.8317047],[-122.4777978,37.8317564],[-122.4778038,37.8317885],[-122.4777954,37.8318103],[-122.4777873,37.8318518],[-122.4777854,37.831911],[-122.4777683,37.8319286],[-122.47771,37.8319959],[-122.477768,37.8320308],[-122.477797,37.832068],[-122.4778011,37.8321007],[-122.4777135,37.8321598],[-122.4775907,37.8322301],[-122.4775242,37.8322662],[-122.4773619,37.8323728],[-122.4772893,37.8324018],[-122.4771799,37.8324091],[-122.4770966,37.8324184],[-122.4770359,37.8324434],[-122.4769194,37.8325292],[-122.4769166,37.8325474],[-122.4769221,37.8325666],[-122.4769444,37.8325848],[-122.4769634,37.832582],[-122.4769775,37.8325854],[-122.4769913,37.8325817],[-122.477009,37.8325756],[-122.4770313,37.8325392],[-122.4770692,37.8325063],[-122.4771171,37.8324803],[-122.4771856,37.8324696],[-122.4775065,37.8324338],[-122.477557,37.8324273],[-122.4775633,37.8324564],[-122.4775713,37.8324918],[-122.4775847,37.8324901],[-122.4775917,37.8324891],[-122.4776362,37.8324833],[-122.4776269,37.8324401],[-122.4776569,37.8324402],[-122.4777134,37.8324424],[-122.4777629,37.8324432],[-122.4778144,37.832439],[-122.477932,37.8324302],[-122.4779616,37.8324669],[-122.4779997,37.8324979],[-122.4780201,37.8325167],[-122.4780554,37.8325487],[-122.4781657,37.8326519]]],[[[-122.4781657,37.8326519],[-122.4781827,37.8326945],[-122.478248,37.832764]]],[[[-122.478248,37.832764],[-122.4782551,37.8328013],[-122.4782608,37.8328445],[-122.4782678,37.8329552],[-122.478275,37.8330902]]],[[[-122.478275,37.8330902],[-122.478231,37.8332005],[-122.478165,37.8332499],[-122.4781187,37.8332784],[-122.4780787,37.8332967],[-122.4779913,37.8333481],[-122.4779349,37.8334496],[-122.4778944,37.8334717],[-122.4778908,37.8334741],[-122.4778237,37.8335004],[-122.4776749,37.8335472],[-122.4776574,37.8335254],[-122.477586,37.8335599],[-122.4775704,37.833577],[-122.4775617,37.8335891],[-122.477537,37.8335964],[-122.4774792,37.8336149],[-122.4774342,37.8336286],[-122.477426,37.8336104],[-122.4774079,37.8335984],[-122.4773872,37.8335957],[-122.4773156,37.8336186],[-122.4771714,37.8336509],[-122.4770456,37.8337222],[-122.4769472,37.8337581],[-122.4767774,37.8338148],[-122.4766973,37.8338216],[-122.4764599,37.8338418],[-122.4762535,37.8338567],[-122.476035,37.8338671],[-122.4757066,37.8338658],[-122.4756683,37.8338476],[-122.4754795,37.8338688],[-122.4753075,37.833857],[-122.4752042,37.8338617],[-122.4750789,37.8338633],[-122.4750113,37.8338775],[-122.4749562,37.8338866],[-122.474909,37.8338871],[-122.4749035,37.8338984],[-122.4748879,37.8338997],[-122.474889,37.8339298],[-122.4747333,37.8338988],[-122.4745091,37.8338241],[-122.4744997,37.8338205],[-122.4743999,37.8337635],[-122.4743327,37.833732],[-122.4742862,37.8337093],[-122.4742315,37.8336956],[-122.4741848,37.8337021],[-122.4741372,37.8336832],[-122.474136,37.8336134],[-122.4741479,37.8335526],[-122.474133,37.8334872],[-122.4741212,37.8334081],[-122.4740992,37.8333393],[-122.4740871,37.833295],[-122.4740744,37.8332596],[-122.474072,37.8332468]]],[[[-122.474072,37.8332468],[-122.4739106,37.8329303],[-122.4738114,37.8327091],[-122.4736331,37.8324353],[-122.4735608,37.8323215],[-122.4734904,37.8322055],[-122.4734724,37.8321709],[-122.4734775,37.8321385],[-122.4734942,37.8321179],[-122.4735391,37.8320836],[-122.4736135,37.8320455],[-122.4737265,37.8319905],[-122.4737983,37.8319582],[-122.473866,37.8319351],[-122.4739369,37.8319216],[-122.4744256,37.8318773],[-122.4752908,37.8318237],[-122.4756256,37.8321749],[-122.4756684,37.8321964],[-122.4756986,37.8321939],[-122.4757221,37.8321816],[-122.4757373,37.8321608],[-122.4757388,37.8321303],[-122.4757257,37.8321058],[-122.4756674,37.8320432],[-122.4756084,37.8319854],[-122.4755616,37.8319035],[-122.4755322,37.8318075],[-122.4754895,37.8317573],[-122.475461,37.8317304],[-122.4754408,37.8317103],[-122.4754031,37.8317009],[-122.4753584,37.8316966],[-122.4752881,37.831702],[-122.4745682,37.8317623],[-122.4739778,37.8318248],[-122.4739364,37.8318325],[-122.4737952,37.8318441],[-122.4733702,37.8320639],[-122.4732403,37.8321092],[-122.4731751,37.8321384],[-122.473101,37.832154],[-122.4730301,37.8321629],[-122.4729539,37.8321479],[-122.472967,37.8321105],[-122.4729736,37.832094],[-122.4729632,37.8320801],[-122.472942,37.8320672],[-122.4729167,37.8320564],[-122.4728917,37.8320472],[-122.4728621,37.8320395],[-122.4728553,37.8320434],[-122.4728512,37.8320505],[-122.4728436,37.8320586],[-122.4728374,37.8320626],[-122.4728297,37.8320613],[-122.472821,37.8320746],[-122.4727937,37.8320767],[-122.4727652,37.8320754],[-122.4727523,37.8320753],[-122.4727423,37.8320857],[-122.4727401,37.8320908],[-122.4727401,37.8320969],[-122.4727415,37.8321022],[-122.4727436,37.8321077],[-122.4727606,37.832116],[-122.4727759,37.8321259],[-122.4727793,37.8321268],[-122.4727826,37.8321263],[-122.4727894,37.8321241],[-122.4727945,37.8321268],[-122.4727974,37.8321303],[-122.4728,37.8321366],[-122.4728125,37.8321364],[-122.4728174,37.8321377],[-122.4728225,37.8321411],[-122.4728136,37.832144],[-122.472805,37.832148],[-122.4728026,37.8321611],[-122.4728011,37.8321873],[-122.4728037,37.8322046],[-122.4728011,37.8322098],[-122.472795,37.8322149],[-122.4727834,37.8322198],[-122.4727698,37.8322235],[-122.47277,37.8322147],[-122.4727691,37.8322115],[-122.4727605,37.8322101],[-122.4727533,37.8322124],[-122.4727442,37.8322271],[-122.4727368,37.8322318],[-122.4727327,37.8322381],[-122.472734,37.8322457],[-122.4727399,37.8322517],[-122.472768,37.8322739],[-122.4727572,37.8325471],[-122.4726753,37.8328764],[-122.4726617,37.8331521],[-122.472795,37.8337468],[-122.4729137,37.8340581],[-122.4727393,37.8340176],[-122.4726901,37.8341602],[-122.4725046,37.8342434],[-122.4724933,37.8343528],[-122.4723961,37.8344029],[-122.4723769,37.8344709],[-122.4723901,37.8345044],[-122.4722162,37.8348112],[-122.4721209,37.8348715],[-122.4721328,37.8349123],[-122.4720892,37.8350144],[-122.4720614,37.8351422],[-122.4721005,37.8351812],[-122.4721611,37.835216],[-122.4721802,37.8353444],[-122.4721598,37.8354318],[-122.472106,37.8354262],[-122.4720697,37.8354461],[-122.472078,37.8354851],[-122.472109,37.8355229],[-122.4720759,37.8356008],[-122.4720901,37.8357123],[-122.472052,37.8359636],[-122.4720638,37.8361018],[-122.4726463,37.8363227],[-122.4726972,37.8365642],[-122.472488,37.8368269],[-122.4721933,37.8369575],[-122.4722701,37.8370589],[-122.4724538,37.8374184],[-122.4726756,37.837781],[-122.4728341,37.8379573],[-122.4730812,37.8381058],[-122.4732804,37.8383177],[-122.4734457,37.8384635],[-122.4738463,37.8387384],[-122.473916,37.8390122],[-122.4740819,37.8391862],[-122.4741654,37.8394384],[-122.4743295,37.8396492],[-122.4746488,37.8399197],[-122.4747036,37.84003],[-122.4749399,37.8405913],[-122.475337,37.8409465],[-122.4754678,37.841777],[-122.4756101,37.8418064],[-122.475815,37.8420532],[-122.476352,37.8420523],[-122.4768135,37.8424655],[-122.4770236,37.8431457],[-122.4768528,37.8431951],[-122.4770416,37.8436221],[-122.4770158,37.8437103],[-122.4771103,37.8439475],[-122.4771103,37.8440627],[-122.4771875,37.8443677],[-122.4771618,37.8447812],[-122.4772476,37.8456216],[-122.4773592,37.8458859],[-122.4773847,37.845842],[-122.4799917,37.8453102],[-122.4803078,37.844994],[-122.4814077,37.8438165],[-122.482861,37.8442507],[-122.4837455,37.8450014],[-122.4824971,37.8452096],[-122.4827457,37.8453664],[-122.4828536,37.8457289],[-122.4829979,37.8458601],[-122.4832095,37.8459968],[-122.4833532,37.8462998],[-122.4836496,37.8467548],[-122.4836076,37.8470722],[-122.4856191,37.8468084],[-122.4875926,37.8480559],[-122.4875515,37.8486304],[-122.4892465,37.8492745],[-122.4892937,37.8492921],[-122.489433,37.8493741],[-122.4893854,37.8492464],[-122.4893304,37.8491247],[-122.4892668,37.8490055],[-122.4891936,37.8488874],[-122.4891135,37.8487746],[-122.4890257,37.8486641],[-122.4889304,37.8485573],[-122.4888306,37.8484554],[-122.4887216,37.8483542],[-122.4886071,37.8482614],[-122.488487,37.8481725],[-122.4883636,37.8480857],[-122.4879963,37.8478341],[-122.4873243,37.847375],[-122.4872073,37.8472932],[-122.4871044,37.8472144],[-122.4869874,37.8471161],[-122.4868815,37.8470152],[-122.4867899,37.8469222],[-122.4866966,37.8468126],[-122.4866111,37.8466992],[-122.4865315,37.8465814],[-122.4864591,37.84646],[-122.4863971,37.8463402],[-122.4863426,37.8462142],[-122.4862958,37.8460835],[-122.486261,37.845962],[-122.4858617,37.845075],[-122.4866143,37.8450817],[-122.4879327,37.8452027],[-122.4879997,37.845369],[-122.4880289,37.8453731],[-122.488059,37.845379],[-122.4881081,37.8453916],[-122.4881626,37.845407],[-122.4882211,37.8454253],[-122.4884543,37.8455761],[-122.4885816,37.8456942],[-122.4887502,37.8460228],[-122.4890092,37.8461968]]],[[[-122.4890092,37.8461968],[-122.4891043,37.8462903],[-122.4891585,37.8463185],[-122.4892122,37.8463446],[-122.4892721,37.8463729],[-122.4893927,37.8464258],[-122.4895408,37.84655],[-122.4896584,37.8467021],[-122.4898081,37.846836],[-122.4900691,37.8469426],[-122.4903217,37.8470066],[-122.4905581,37.8469952],[-122.4907452,37.8470447],[-122.4908337,37.8471831],[-122.4909177,37.8473647],[-122.4909699,37.8475167],[-122.4911335,37.8476595],[-122.4912097,37.847767],[-122.4914855,37.8483531],[-122.4916532,37.8487095],[-122.4918418,37.8489011],[-122.4920848,37.8490735],[-122.4923337,37.8491984],[-122.4926706,37.8494236],[-122.4928824,37.8497046],[-122.4929401,37.849769],[-122.4930033,37.8498339],[-122.4930613,37.8498925],[-122.493118,37.8499518],[-122.4931696,37.8500072],[-122.4932119,37.8500555],[-122.493247,37.850097],[-122.4932873,37.8501428],[-122.4933281,37.8501855],[-122.4933714,37.8502287],[-122.4934148,37.8502709],[-122.4934631,37.8503097],[-122.4935127,37.8503446],[-122.4935658,37.8503778],[-122.4936317,37.8504133],[-122.4936921,37.8504415],[-122.4937571,37.8504647],[-122.4938213,37.8504804],[-122.4941261,37.8505152],[-122.4942264,37.8505277],[-122.4942954,37.8505346],[-122.4943634,37.8505406],[-122.4944319,37.8505446],[-122.494499,37.8505437],[-122.4945683,37.8505356],[-122.4946339,37.8505192],[-122.494697,37.850498],[-122.4947601,37.8504753],[-122.494822,37.8504542],[-122.494889,37.8504414],[-122.4949571,37.850433],[-122.4950257,37.8504319],[-122.4950937,37.8504348],[-122.495163,37.8504396],[-122.4952246,37.8504511],[-122.4952729,37.8504655],[-122.495315,37.8504826],[-122.4953484,37.8505026],[-122.4953727,37.8505214],[-122.4953929,37.8505419],[-122.4954075,37.8505665],[-122.4954129,37.8505929],[-122.4954091,37.8506194],[-122.4953992,37.8506455],[-122.4953814,37.8506692],[-122.4953612,37.8506901],[-122.4953335,37.8507089],[-122.4952986,37.8507278],[-122.495249,37.8507509],[-122.4951874,37.8507781],[-122.4951119,37.8508093],[-122.4950158,37.8508449],[-122.4948788,37.8508908],[-122.494767,37.8509229],[-122.4946551,37.8509527],[-122.4945908,37.8509681],[-122.4945242,37.8509819],[-122.4942228,37.8510285],[-122.4941563,37.8510396],[-122.4940908,37.8510571],[-122.4940324,37.85108],[-122.4939746,37.85111],[-122.4939217,37.8511452],[-122.4938742,37.8511827],[-122.4938301,37.8512239],[-122.4937921,37.8512684],[-122.4937581,37.851315],[-122.4937272,37.8513645],[-122.4936551,37.8514869],[-122.4936271,37.8515332],[-122.4935917,37.8515793],[-122.4935491,37.8516231],[-122.4935002,37.8516628],[-122.4934455,37.8516962],[-122.4933874,37.8517227],[-122.4933242,37.8517423],[-122.4932585,37.8517545],[-122.4931887,37.8517628],[-122.4931321,37.8517653],[-122.4923205,37.8525925],[-122.4924323,37.8526934],[-122.4925354,37.8527963],[-122.4926335,37.852902],[-122.4927257,37.853011],[-122.4928106,37.8531238],[-122.4928906,37.8532376],[-122.4929639,37.8533556],[-122.4930294,37.8534753],[-122.4930896,37.853596],[-122.4936537,37.8547803]]],[[[-122.4936537,37.8547803],[-122.4937748,37.8550691],[-122.4938432,37.8551874],[-122.4939187,37.8553025],[-122.4940027,37.8554156],[-122.4940936,37.8555243],[-122.4941914,37.8556302],[-122.4942956,37.8557329],[-122.4944052,37.8558297],[-122.4945211,37.855921],[-122.4946441,37.856009],[-122.4947736,37.8560921],[-122.4949063,37.8561715],[-122.4950381,37.8562419],[-122.4951866,37.8563098],[-122.4953331,37.8563707],[-122.4954834,37.8564244],[-122.4956361,37.8564736],[-122.4957938,37.8565163],[-122.4959609,37.8565543],[-122.4969462,37.8567594],[-122.4971052,37.8567934],[-122.4972612,37.8568288],[-122.4974207,37.8568682],[-122.4975774,37.8569109],[-122.4977293,37.8569566],[-122.4978819,37.8570089],[-122.4980309,37.857066],[-122.4981763,37.8571263],[-122.4983225,37.8571923],[-122.4984627,37.857261],[-122.498601,37.8573364],[-122.4987332,37.857414],[-122.4988627,37.8574959],[-122.4989869,37.8575793],[-122.4991083,37.8576689],[-122.4992242,37.8577615],[-122.4993378,37.8578586],[-122.4994413,37.8579559],[-122.4995456,37.858062],[-122.4996422,37.858164],[-122.5003144,37.8589097],[-122.5004106,37.8590145],[-122.5005085,37.8591182],[-122.5006106,37.8592248],[-122.5007139,37.8593252],[-122.5008207,37.8594248],[-122.5009309,37.8595231],[-122.5010442,37.8596181],[-122.5011595,37.8597114],[-122.5012765,37.8598017],[-122.5013967,37.8598893],[-122.5015239,37.8599784],[-122.5016513,37.8600638],[-122.5017804,37.8601446],[-122.5019122,37.860224],[-122.5020439,37.8603008]]],[[[-122.5020439,37.8603008],[-122.5021804,37.8603759],[-122.5023202,37.860448],[-122.5024627,37.860518],[-122.5026053,37.860585],[-122.5027505,37.8606515],[-122.5036184,37.8610426],[-122.5037625,37.8611084],[-122.5039036,37.8611754],[-122.5040476,37.8612468],[-122.5041853,37.8613172],[-122.5043254,37.8613942],[-122.5044596,37.861472],[-122.5045924,37.8615523],[-122.5047208,37.8616349],[-122.5048485,37.8617197],[-122.5049735,37.8618078],[-122.5050944,37.8618971],[-122.5052149,37.8619905]]],[[[-122.5052149,37.8619905],[-122.5053302,37.8620854],[-122.5054431,37.8621811]]],[[[-122.5054431,37.8621811],[-122.5055548,37.8622813],[-122.5056603,37.8623803],[-122.5057664,37.8624855],[-122.505867,37.8625897],[-122.5059641,37.8626966],[-122.5060601,37.8628075],[-122.5061521,37.8629196],[-122.506238,37.863029],[-122.5063229,37.8631435],[-122.5064032,37.8632589],[-122.5064803,37.8633753],[-122.5065556,37.8634956],[-122.5066252,37.8636142],[-122.5066917,37.8637363],[-122.5067529,37.8638567],[-122.5068115,37.863981],[-122.5068681,37.864107],[-122.5069202,37.8642335],[-122.5069661,37.8643581],[-122.5070108,37.864488],[-122.5070512,37.8646166],[-122.5070867,37.8647426],[-122.5071196,37.8648733],[-122.507148,37.8650044],[-122.5071721,37.8651365],[-122.507191,37.865266],[-122.5072074,37.865398],[-122.507219,37.8655281],[-122.5072277,37.8656639],[-122.5072327,37.8657933],[-122.5072351,37.8659246],[-122.5072414,37.8665575],[-122.5075559,37.8669261],[-122.5087427,37.8674782],[-122.5089787,37.867586],[-122.509124,37.8676523],[-122.5094733,37.8675386],[-122.509516,37.8675194],[-122.5101012,37.8672562],[-122.510538,37.8670742],[-122.5116627,37.8682374],[-122.5127881,37.8690589],[-122.5139481,37.8693767],[-122.5141347,37.8694418],[-122.5143421,37.8694376],[-122.5145773,37.8694676],[-122.5146988,37.8694914],[-122.5147715,37.8695248],[-122.5150842,37.8693359],[-122.5153578,37.8691326],[-122.5155885,37.8689717],[-122.5164625,37.868678],[-122.5172555,37.8689472],[-122.5171937,37.8692617],[-122.516048,37.8697572],[-122.5155642,37.8701358],[-122.5152158,37.8705829],[-122.5162549,37.8714731],[-122.5163961,37.8730514],[-122.5165593,37.8735026],[-122.5166721,37.8735947],[-122.5168907,37.8741821],[-122.5172837,37.8745471],[-122.5176784,37.8747747],[-122.5208677,37.8718498],[-122.5238228,37.8737318],[-122.5242463,37.8737878],[-122.5247342,37.8728536],[-122.5252932,37.8721543],[-122.5260391,37.8723872],[-122.5261912,37.872011],[-122.526495,37.8713555],[-122.5266825,37.8709319],[-122.5268532,37.8705217],[-122.5269011,37.870409],[-122.5269534,37.8703039],[-122.5270052,37.8702218],[-122.5270697,37.8701398],[-122.527166,37.87005],[-122.5273931,37.8698662],[-122.5277975,37.8695436],[-122.527886,37.8694759],[-122.5280006,37.8693877],[-122.5281202,37.8694602],[-122.528143,37.8694822],[-122.5282005,37.8695448],[-122.5282181,37.8695592],[-122.5282794,37.8695618],[-122.5283604,37.8695303],[-122.5284169,37.8694933],[-122.5285711,37.8693895],[-122.528834,37.8692196],[-122.528963,37.8691834],[-122.529211,37.8691926],[-122.5293227,37.8691718],[-122.5294107,37.8691191],[-122.5295101,37.8690264],[-122.5296096,37.8689556],[-122.5311175,37.8694154],[-122.5312333,37.8699692],[-122.5310673,37.8702436],[-122.5306239,37.8704487],[-122.5304319,37.870652],[-122.5304104,37.8708552],[-122.5306239,37.8709399],[-122.5311604,37.8707875],[-122.5316539,37.870652],[-122.5318899,37.870364],[-122.531876,37.8700159],[-122.5318545,37.8696094],[-122.5320125,37.8694364],[-122.5328555,37.8694832],[-122.5338327,37.869605],[-122.5340786,37.8696356],[-122.5342251,37.8698363],[-122.5353446,37.8713634],[-122.5362888,37.8724982],[-122.5357523,37.8731927],[-122.5347653,37.8735823],[-122.5320831,37.8745986],[-122.5329843,37.8750728],[-122.5340143,37.8754116],[-122.5350013,37.8754793],[-122.5357952,37.8751744],[-122.5363531,37.8744292],[-122.5367608,37.8751236],[-122.5366321,37.8760891],[-122.5374689,37.8757334],[-122.5381556,37.8753777],[-122.5389281,37.8754116],[-122.5390354,37.876377],[-122.5393358,37.8765125],[-122.5395503,37.8764447],[-122.5399366,37.8758011],[-122.5408593,37.8762246],[-122.5410953,37.876106],[-122.5410738,37.8753608],[-122.5416532,37.8741412],[-122.5412669,37.8733113],[-122.5415855,37.8722632],[-122.5418064,37.871956],[-122.5428119,37.8725829],[-122.5435844,37.8737517],[-122.5445285,37.8743106],[-122.5474682,37.8740565],[-122.5477042,37.8747171],[-122.5471893,37.8756318],[-122.5460091,37.8764109],[-122.5455799,37.8780368],[-122.5471249,37.8772069],[-122.5480476,37.878003],[-122.5488415,37.8784095],[-122.5499144,37.8787313],[-122.5501794,37.8791115],[-122.5500431,37.8794765],[-122.5492707,37.8801201],[-122.5488844,37.881458],[-122.5474253,37.8827282],[-122.5482407,37.883846],[-122.5476963,37.884487],[-122.5480867,37.8848243],[-122.548258,37.8849101],[-122.5485942,37.8850363],[-122.5489172,37.8853426],[-122.5493847,37.8856363],[-122.549461,37.8859823],[-122.5495374,37.8860568],[-122.5497546,37.8861134],[-122.5501284,37.8863521],[-122.5503695,37.8865985],[-122.5507271,37.8868],[-122.5510482,37.8870788],[-122.5512193,37.8871474],[-122.5513712,37.8872054],[-122.5513231,37.8872341],[-122.551236,37.8872613],[-122.5511062,37.8872759],[-122.5509482,37.8872895],[-122.5507908,37.8873161],[-122.5506544,37.8873428],[-122.5505785,37.8873497],[-122.5504859,37.8873369],[-122.5504005,37.8873064],[-122.5502866,37.8872502],[-122.5500694,37.8871527],[-122.5499248,37.8871061],[-122.5498123,37.8870879],[-122.5496492,37.8870833],[-122.5493921,37.8871006],[-122.5492777,37.8870993],[-122.5491845,37.8870874],[-122.5490795,37.8870571],[-122.5488579,37.8869589],[-122.5487688,37.8869241],[-122.5486525,37.8868867],[-122.5484923,37.8868581],[-122.5483768,37.8868576],[-122.5482533,37.886867],[-122.5480971,37.8869026],[-122.5479361,37.8869767],[-122.5476422,37.8871457],[-122.5475013,37.8872437],[-122.547396,37.8873365],[-122.5473242,37.8874217],[-122.5472812,37.8875111],[-122.5472127,37.8877022],[-122.5471666,37.8877462],[-122.5471014,37.8877796],[-122.5470828,37.8883048],[-122.5470745,37.8886812],[-122.5471886,37.8887217],[-122.5473351,37.8887968],[-122.547491,37.8889259],[-122.5475481,37.8889994],[-122.5475823,37.889055],[-122.547588,37.889118],[-122.5475785,37.8891765],[-122.5475595,37.8892291],[-122.5475252,37.8892831],[-122.547472,37.8893266],[-122.5474016,37.8893626],[-122.5473293,37.8893747],[-122.5472476,37.8893762],[-122.5470834,37.8893541],[-122.5463499,37.8891765],[-122.5462852,37.8891765],[-122.5462244,37.8891885],[-122.5461825,37.8892111],[-122.5461464,37.8892471],[-122.546095,37.8893296],[-122.5460665,37.8893566],[-122.5460361,37.8893762],[-122.5459866,37.8893957],[-122.5446422,37.889824],[-122.5439064,37.8891602],[-122.54367,37.8889295],[-122.5436323,37.8889891],[-122.5436204,37.8890571],[-122.5436229,37.8891352],[-122.5439152,37.889614],[-122.5435499,37.8899179],[-122.5438,37.8901905],[-122.5433619,37.8901857],[-122.5426207,37.8903815],[-122.5425661,37.8904518],[-122.5430915,37.8910113],[-122.5433658,37.8911487],[-122.5434907,37.8913288],[-122.5435518,37.8913],[-122.5439314,37.8912565],[-122.544012,37.8910999],[-122.5443139,37.8907368],[-122.5446766,37.8907882],[-122.5448527,37.8906533],[-122.5454955,37.890721],[-122.5456416,37.8910396],[-122.5458271,37.8911984],[-122.545873,37.8912013],[-122.5459154,37.89118],[-122.5459803,37.8911209],[-122.5460721,37.8910149],[-122.546191,37.8906844],[-122.5464565,37.8905012],[-122.5468408,37.8906373],[-122.5471553,37.8905627],[-122.547305,37.8906803],[-122.547398,37.8906819],[-122.5476933,37.8903643],[-122.5482403,37.8905037],[-122.5484887,37.8904653],[-122.5486587,37.8904911],[-122.5490627,37.8904418],[-122.5490636,37.8907035],[-122.5489001,37.8909114],[-122.5488893,37.8910087],[-122.5488546,37.8911017],[-122.5487275,37.8912892],[-122.5485784,37.8914287],[-122.5484106,37.8916225],[-122.5483832,37.8917234],[-122.5485087,37.892034],[-122.548079,37.892196],[-122.5479458,37.8923314],[-122.5480057,37.8924967],[-122.5478657,37.8927757],[-122.547859,37.8928492]]],[[[-122.547859,37.8928492],[-122.547889,37.8929034],[-122.5482616,37.8931138],[-122.5483241,37.8931137],[-122.5488013,37.8929823],[-122.5490502,37.8931011],[-122.5492638,37.8934951],[-122.5493325,37.8934907],[-122.5494025,37.8934602],[-122.549703,37.893064],[-122.5501761,37.8929291],[-122.5501778,37.8933799],[-122.5502021,37.8934454],[-122.5502755,37.8935015],[-122.5510362,37.8936442],[-122.5511547,37.8942746],[-122.5512041,37.894301],[-122.5512967,37.8943026],[-122.5517248,37.8942498],[-122.5515908,37.8946184],[-122.5516431,37.8947856],[-122.5517219,37.8948907],[-122.5518493,37.8949713],[-122.5522702,37.8949099],[-122.5526118,37.8949527],[-122.5529586,37.8948215],[-122.5533325,37.8949932],[-122.5542301,37.8944536],[-122.554266,37.8947639],[-122.5552919,37.8950225],[-122.555985,37.8949958],[-122.5554205,37.8955294],[-122.556436,37.8961368]]],[[[-122.556436,37.8961368],[-122.557334,37.8953013],[-122.5571262,37.8950428],[-122.5570652,37.8949216],[-122.5570369,37.8948139],[-122.5570258,37.8946596],[-122.5570336,37.8944799],[-122.5570628,37.8942599],[-122.5571059,37.8939057],[-122.5571147,37.8937421],[-122.5571017,37.8936338],[-122.5570252,37.893494],[-122.5569873,37.8934261],[-122.5569338,37.8933376],[-122.5567348,37.8930142],[-122.5565672,37.8927639],[-122.556517,37.892676],[-122.5564415,37.8924957],[-122.5563344,37.8919965],[-122.5562578,37.8916066],[-122.5562358,37.8913816],[-122.5562314,37.8912195],[-122.5562407,37.8910514],[-122.5562531,37.8907917],[-122.5562417,37.8906621],[-122.5562145,37.890564],[-122.5561645,37.8904872],[-122.556113,37.8904115],[-122.5560537,37.8903423],[-122.5559795,37.8902601],[-122.5558589,37.8901614],[-122.5556654,37.8900137],[-122.5553712,37.8897844],[-122.5552048,37.8896467],[-122.5551308,37.8895705],[-122.5550156,37.8894223],[-122.5549926,37.8893733],[-122.5549774,37.8893326],[-122.5549183,37.8891676],[-122.554718,37.8887215],[-122.5546296,37.8885356],[-122.5545802,37.8883967],[-122.554549,37.888283],[-122.5545249,37.8881237],[-122.5544997,37.8879124],[-122.5544624,37.8875739],[-122.5544249,37.8872045],[-122.5543805,37.886867],[-122.5543879,37.8866702],[-122.5544056,37.8865488],[-122.5544385,37.886416],[-122.554489,37.8862982],[-122.554579,37.8860562],[-122.55463,37.8858939],[-122.5546695,37.8857555],[-122.5546943,37.8856041],[-122.5546967,37.8854633],[-122.5547003,37.8851921],[-122.554707,37.8849174],[-122.5547198,37.8847182],[-122.5547266,37.8845534],[-122.5547053,37.8843772],[-122.5546677,37.8841915],[-122.5546273,37.8840184],[-122.554571,37.8838042],[-122.5545422,37.8836614],[-122.5545477,37.883541],[-122.5545723,37.8834275],[-122.5545758,37.8833688],[-122.5545591,37.8833365],[-122.554528,37.8833191],[-122.5544813,37.8833134],[-122.554428,37.8833304],[-122.5543821,37.8833599],[-122.5543496,37.8834076],[-122.5543372,37.8834703],[-122.5543447,37.88357],[-122.5543538,37.8836771],[-122.554359,37.8837911],[-122.5543419,37.8838597],[-122.5543129,37.883914],[-122.554279,37.8839561],[-122.554209,37.8840151],[-122.5541152,37.8840709],[-122.5538134,37.8841925],[-122.5537281,37.8841539],[-122.5537609,37.8841155],[-122.553792,37.8840855],[-122.5538486,37.8840451],[-122.5539581,37.8839966],[-122.5540428,37.8839522],[-122.5540837,37.8839236],[-122.5541075,37.8838988],[-122.5541281,37.8838748],[-122.5541416,37.8838434],[-122.5541514,37.883802],[-122.5541482,37.8837667],[-122.55413,37.8836363],[-122.5541071,37.8834982],[-122.5541036,37.8834573],[-122.5541047,37.8834085],[-122.5541129,37.883368],[-122.5541304,37.8833228],[-122.5541549,37.8832675],[-122.5542156,37.8831901],[-122.5543142,37.8830539],[-122.5543276,37.8830039],[-122.5543314,37.8829313],[-122.5542992,37.882862],[-122.5542377,37.8828039],[-122.5539642,37.8826305],[-122.5538675,37.8825707],[-122.553799,37.8825026],[-122.5537708,37.8824623],[-122.5537585,37.8824156],[-122.5537525,37.8823644],[-122.5537661,37.8823097],[-122.5538209,37.8821611],[-122.5538636,37.8820589],[-122.5538731,37.8819826],[-122.5538625,37.8818781],[-122.5538433,37.8817693],[-122.5538354,37.8816873],[-122.5538582,37.881552],[-122.5539019,37.8813629],[-122.5539908,37.8810835],[-122.5542045,37.8805113],[-122.5542248,37.8804392],[-122.5542107,37.8803468],[-122.5541642,37.8802277],[-122.5541023,37.880111],[-122.5540006,37.8799384],[-122.5537587,37.87965],[-122.5537144,37.8795778],[-122.5536933,37.8795166],[-122.5537046,37.8794454],[-122.5537342,37.8793764],[-122.5537958,37.8793083],[-122.5538526,37.8792662],[-122.5539245,37.8792337],[-122.5539823,37.8792117]]],[[[-122.5539823,37.8792117],[-122.5540528,37.8792106],[-122.5541301,37.8792245],[-122.5542283,37.8792641],[-122.554433,37.879385],[-122.5544732,37.879402],[-122.5545239,37.8794157],[-122.554552,37.8794196],[-122.5545787,37.8794209],[-122.5546063,37.8794192],[-122.5546336,37.8794145],[-122.554658,37.8794058],[-122.5546785,37.8793947],[-122.5546959,37.8793818],[-122.5547081,37.8793696],[-122.5547183,37.8793564],[-122.5547263,37.8793424],[-122.5547322,37.8793283],[-122.5547358,37.8793153],[-122.5547401,37.8792843],[-122.5547387,37.8792513],[-122.5547327,37.8792063],[-122.5547247,37.8791476],[-122.5547173,37.8790871],[-122.5547147,37.8790155],[-122.554718,37.8789372],[-122.5547293,37.8788615],[-122.5547496,37.8787784],[-122.5547823,37.878711],[-122.5548275,37.878638],[-122.5548976,37.8785807],[-122.5549933,37.8785294],[-122.555078,37.8785079],[-122.5551574,37.8784886],[-122.5552386,37.8784696],[-122.5553387,37.8784389],[-122.5554163,37.8783923],[-122.5554741,37.8783379],[-122.5554927,37.8783114],[-122.5555292,37.8782315],[-122.5555462,37.8781447],[-122.5556114,37.8778207],[-122.5556464,37.8776889],[-122.5556708,37.877623],[-122.555705,37.8775606],[-122.5557854,37.8774672],[-122.5558774,37.8773847],[-122.5560038,37.8772794],[-122.5561549,37.8771645],[-122.5564099,37.8770081],[-122.5565457,37.8769441],[-122.5566901,37.8769012],[-122.5568104,37.8768841],[-122.5569277,37.876885],[-122.5571856,37.8769148],[-122.5573711,37.8769281],[-122.5574907,37.8769266],[-122.5575673,37.876918],[-122.5576074,37.8769076],[-122.5576429,37.8768927],[-122.5576727,37.8768752],[-122.5576982,37.8768519],[-122.5577166,37.876825],[-122.5577274,37.8767989],[-122.5577344,37.8767729],[-122.5577362,37.8767462],[-122.5577354,37.8767187],[-122.5577311,37.8766913],[-122.5577248,37.8766611],[-122.557715,37.8766277],[-122.5576893,37.8765641],[-122.5576282,37.8764394],[-122.557535,37.8762532],[-122.5575042,37.8761773],[-122.5574931,37.8761083],[-122.5574976,37.8760569],[-122.5575202,37.875992],[-122.5576099,37.8758801],[-122.5576654,37.8758313],[-122.5577245,37.8757882],[-122.5577974,37.8757458],[-122.5579465,37.8756787],[-122.5580457,37.8756384],[-122.5581591,37.8755866],[-122.5584112,37.8754429],[-122.558505,37.8754052],[-122.5586039,37.8753794],[-122.5587225,37.8753594],[-122.5587847,37.8753448],[-122.5588409,37.875323],[-122.5588806,37.8752989],[-122.5589217,37.8752629],[-122.5589556,37.875221],[-122.5590085,37.8751292],[-122.5590485,37.8750745],[-122.5590866,37.8750314],[-122.5591379,37.8749885],[-122.5591943,37.8749486],[-122.5592673,37.8749099],[-122.5593763,37.8748604],[-122.5594549,37.8748309],[-122.5595394,37.874804],[-122.5596442,37.8747825],[-122.5597506,37.8747719],[-122.559837,37.874763],[-122.5599154,37.8747485],[-122.5600664,37.8747006],[-122.560157,37.8746767],[-122.5602526,37.8746654],[-122.5603399,37.8746658],[-122.5604402,37.8746796],[-122.5607595,37.8747432],[-122.5609562,37.8747887],[-122.561111,37.8748399],[-122.5614385,37.8749786],[-122.5615015,37.8749968],[-122.5615565,37.8750073],[-122.5615996,37.8750085],[-122.5616455,37.8749995],[-122.5616827,37.8749841],[-122.5617155,37.8749596],[-122.5617468,37.8749157],[-122.5617562,37.8748663],[-122.5617505,37.8748151],[-122.561729,37.8747452],[-122.5616168,37.8743973],[-122.5615831,37.874319],[-122.5615418,37.8742476],[-122.561484,37.8741762],[-122.5614344,37.8741081],[-122.5614073,37.8740618],[-122.5613896,37.8740087],[-122.5613836,37.8739363],[-122.561404,37.8738515],[-122.5614378,37.8737832],[-122.5614836,37.8737199],[-122.5615675,37.8736505],[-122.5616476,37.8736122],[-122.5617615,37.8735748],[-122.5618495,37.8735493],[-122.5619161,37.8735257],[-122.5619663,37.873499],[-122.5620077,37.8734671],[-122.5620414,37.8734308],[-122.562063,37.873391],[-122.562077,37.8733475],[-122.5620882,37.8732598],[-122.5621023,37.8731916],[-122.5621261,37.8731278],[-122.5621727,37.8730587],[-122.562216,37.8730209],[-122.5622686,37.8729872],[-122.5623469,37.8729542],[-122.5624518,37.8729133]]],[[[-122.5624518,37.8729133],[-122.5617441,37.8721057],[-122.559485,37.8718235]]],[[[-122.559485,37.8718235],[-122.5615023,37.8695727],[-122.5621568,37.8687639],[-122.5628354,37.8680907]]],[[[-122.5628354,37.8680907],[-122.5628419,37.8680212],[-122.5629128,37.8678194],[-122.5629507,37.8677137],[-122.5629959,37.8676252],[-122.5630956,37.8674342],[-122.5629937,37.8671462],[-122.5629239,37.8668117],[-122.5628327,37.8664517],[-122.5626664,37.8662781]]],[[[-122.5626664,37.8662781],[-122.5625851,37.8662666],[-122.5625272,37.8662656],[-122.562457,37.866271],[-122.5615734,37.866429],[-122.5609981,37.8665618],[-122.5602524,37.8668582],[-122.5600271,37.8671462],[-122.5597656,37.8673099],[-122.5591795,37.8672224],[-122.5585251,37.8669218],[-122.5584017,37.8666338],[-122.5582783,37.866223],[-122.5581549,37.865863],[-122.5583427,37.865664],[-122.5589435,37.8655285],[-122.5593405,37.8657783],[-122.5598823,37.8659604],[-122.5606869,37.8659308],[-122.5614862,37.8657402],[-122.5620173,37.8656216]]],[[[-122.5620173,37.8656216],[-122.561851,37.865232],[-122.5616955,37.8650287],[-122.5617095,37.8648659],[-122.5618919,37.864849],[-122.5620529,37.8648194],[-122.5622353,37.8648448],[-122.5624606,37.8649591],[-122.5627878,37.8650269],[-122.5631848,37.8650989],[-122.5635998,37.8652278],[-122.5638982,37.8651709],[-122.5640622,37.8649702],[-122.5641611,37.8648744],[-122.5642523,37.8647304],[-122.5643542,37.8646203],[-122.5644722,37.8645102],[-122.564558,37.8643196],[-122.56466,37.8641841],[-122.5647552,37.8640559],[-122.5647962,37.863953],[-122.5648095,37.8638682],[-122.5647521,37.8637668],[-122.5642275,37.8632373],[-122.5639592,37.8629959],[-122.5639056,37.8628265],[-122.564029,37.8625766],[-122.5645279,37.862475],[-122.5649838,37.8626741],[-122.56513,37.8628886],[-122.5657724,37.8631907],[-122.5661426,37.8632712],[-122.5666039,37.863123]]],[[[-122.5666039,37.863123],[-122.5684399,37.861297],[-122.5688234,37.8627103]]],[[[-122.5688234,37.8627103],[-122.5691117,37.8626819],[-122.5694475,37.8626111],[-122.5695335,37.862613],[-122.5696745,37.8626572],[-122.5699894,37.8626637],[-122.5701492,37.8626268],[-122.5702966,37.86264],[-122.5706093,37.8626124],[-122.5708308,37.8625742],[-122.5711854,37.8625599],[-122.5713483,37.8625059],[-122.5715049,37.8624667],[-122.5715624,37.8624235],[-122.5716663,37.8623854],[-122.571695,37.8623414],[-122.5717608,37.8623245],[-122.5718743,37.862296],[-122.5719578,37.8622911],[-122.5720107,37.8622389],[-122.5722037,37.8622159],[-122.5722987,37.8621915],[-122.5725486,37.8620968],[-122.5728381,37.862004],[-122.5729411,37.8619391],[-122.5730493,37.8618243],[-122.5732672,37.86162],[-122.5734459,37.8614558],[-122.5734629,37.8613941]]],[[[-122.5734629,37.8613941],[-122.5713206,37.8598731],[-122.5721561,37.8591885],[-122.574039,37.8604633],[-122.5741188,37.860523],[-122.5745486,37.8608445],[-122.5747578,37.8605734],[-122.5751333,37.8605522],[-122.575388,37.8606434],[-122.5755947,37.8607174],[-122.5762759,37.8610562],[-122.5783144,37.8599339],[-122.5789378,37.8596194],[-122.5786752,37.8596301],[-122.5781145,37.8596788],[-122.5779678,37.8597037],[-122.5776887,37.859694],[-122.5774711,37.8596414],[-122.5772482,37.8595801],[-122.5760186,37.8590874],[-122.5757277,37.8589764],[-122.5750312,37.8585584],[-122.5747554,37.858301],[-122.5742552,37.8576882]]],[[[-122.5742552,37.8576882],[-122.5739701,37.8572006],[-122.5738659,37.8570108],[-122.5738315,37.8568373],[-122.5737968,37.8562987],[-122.5737271,37.8560911],[-122.5735712,37.8558742],[-122.5733277,37.8557336],[-122.5730846,37.8556313],[-122.5719741,37.8550324],[-122.5717657,37.8549528],[-122.5712618,37.8548315],[-122.5710012,37.8548058],[-122.57088,37.8547716],[-122.5707411,37.8547012],[-122.5704635,37.8546664],[-122.570238,37.854501],[-122.5701851,37.8543973],[-122.5701857,37.8543206],[-122.5702723,37.854215],[-122.5703493,37.8541412],[-122.5704075,37.8540779],[-122.5705499,37.8539817],[-122.5705157,37.8538847],[-122.570602,37.8538242],[-122.5705846,37.8537633],[-122.5703936,37.8536341],[-122.5703243,37.8535641],[-122.5702548,37.853539],[-122.570151,37.8535476],[-122.5700296,37.8536689],[-122.5699943,37.8537566],[-122.5698899,37.8538238],[-122.5696993,37.8538682],[-122.5695082,37.8538518],[-122.5691437,37.8537467],[-122.568935,37.8537302],[-122.5684491,37.8538163],[-122.568119,37.8537813],[-122.5680498,37.8537382],[-122.5679283,37.8534854],[-122.5678413,37.8534265],[-122.5677203,37.8534508],[-122.5676506,37.8535723],[-122.5677199,37.8536333],[-122.567737,37.8537371],[-122.567668,37.8537728],[-122.5674767,37.8538172],[-122.5673901,37.8537988],[-122.5672339,37.8537825],[-122.567182,37.853904],[-122.5669212,37.8539121],[-122.5667824,37.8539634],[-122.5666953,37.8540239],[-122.5665217,37.8540593],[-122.5664353,37.8540252],[-122.566383,37.8539732],[-122.5663658,37.8538762],[-122.5661574,37.8537899],[-122.5659495,37.8537642],[-122.5658971,37.8537213],[-122.5659666,37.8536156],[-122.5659316,37.8535478],[-122.5658273,37.8535205],[-122.5656019,37.8535309],[-122.5654807,37.8535034],[-122.5651503,37.8533918],[-122.5650981,37.8533217],[-122.5648034,37.8532868],[-122.5646473,37.8531489],[-122.5644039,37.853069],[-122.5639001,37.8526954],[-122.5637441,37.85267],[-122.5635881,37.8526176],[-122.5635011,37.8525588],[-122.563362,37.8524185],[-122.5631882,37.8523413],[-122.5630151,37.8523136],[-122.5628409,37.8522183],[-122.5625985,37.8521318],[-122.5623728,37.8520971],[-122.5622685,37.8520629],[-122.5621802,37.8520985],[-122.5620608,37.8520977],[-122.5620438,37.8520904],[-122.5620143,37.8520612],[-122.5620007,37.8520478],[-122.5619866,37.8519932],[-122.5619936,37.851944],[-122.5620027,37.851906],[-122.5619776,37.8518403],[-122.5619696,37.8517753],[-122.5619907,37.8517059],[-122.5620603,37.8516025],[-122.5622505,37.8513778],[-122.5623204,37.8512204],[-122.5623202,37.8511167],[-122.5622857,37.8510648],[-122.562181,37.8509788],[-122.5619905,37.8508992],[-122.561869,37.8507951],[-122.5617993,37.8506912],[-122.5617475,37.8505446],[-122.5616778,37.8504226],[-122.5616087,37.8503616],[-122.5615045,37.8503003],[-122.5614176,37.8502144],[-122.5613311,37.8500923],[-122.5613481,37.8499617],[-122.5614868,37.8497099],[-122.5615213,37.8495117],[-122.5615044,37.849372],[-122.5614524,37.8492771],[-122.5612784,37.84913],[-122.561088,37.8490324],[-122.560723,37.8488869],[-122.5605843,37.8487894],[-122.5604974,37.8486945],[-122.5604801,37.8486336],[-122.5605147,37.8485639],[-122.5605497,37.8485212],[-122.5606185,37.8485214],[-122.5606886,37.8484518],[-122.560636,37.84833],[-122.560636,37.8482353],[-122.5606882,37.8481747],[-122.5606886,37.8481139],[-122.5605665,37.8480616],[-122.5604103,37.84807],[-122.5602541,37.8480536],[-122.5601154,37.8479652],[-122.559959,37.8479647],[-122.5598378,37.8480363],[-122.5596468,37.8480266],[-122.5593339,37.8479735],[-122.5591257,37.8479751],[-122.5589865,37.8479475],[-122.5589345,37.8479653],[-122.5588654,37.8478704],[-122.5588306,37.8477667],[-122.558865,37.8477217],[-122.5588476,37.8475413],[-122.5587262,37.8473832],[-122.5586743,37.8472793],[-122.5586396,37.8470291],[-122.5586566,37.8469075],[-122.5587612,37.8466375],[-122.5588128,37.8465679],[-122.558917,37.8464804],[-122.559126,37.8464992],[-122.5593163,37.8464908],[-122.5594559,37.8463427],[-122.5595077,37.8462302],[-122.5595081,37.8460477],[-122.5595424,37.8459961],[-122.5595423,37.8458834],[-122.5596292,37.8457259],[-122.5596636,37.8455706],[-122.5596467,37.8455254],[-122.5595769,37.8454396],[-122.5594554,37.8453535],[-122.5593165,37.8452831],[-122.5591081,37.8452148],[-122.5586397,37.8451094],[-122.558171,37.8450919],[-122.5578406,37.8449802],[-122.5574765,37.844918],[-122.5574241,37.844893],[-122.5574417,37.8447894],[-122.5574763,37.8447287],[-122.5574069,37.8446766],[-122.5573197,37.8446493],[-122.5571289,37.8447184],[-122.5568514,37.8445709],[-122.5565733,37.8445112],[-122.5563998,37.8445286],[-122.5561743,37.8445976],[-122.55607,37.8445544],[-122.5559308,37.8444412],[-122.5556879,37.8442082],[-122.5555667,37.8440342],[-122.5554625,37.8437387],[-122.5554102,37.8434523],[-122.5554272,37.8433555],[-122.555514,37.8432094],[-122.5556183,37.8431128],[-122.555653,37.8430183],[-122.5556533,37.8428697],[-122.5556877,37.8427999],[-122.5557227,37.8427572],[-122.5557747,37.8427394],[-122.555886,37.8426062],[-122.5559832,37.8426974],[-122.556182,37.8426041],[-122.5561596,37.8424906],[-122.5558235,37.8424338],[-122.5557935,37.8422404],[-122.5553929,37.842089],[-122.5553931,37.8420643],[-122.5554623,37.8420014],[-122.5554798,37.8419249],[-122.5554624,37.841864],[-122.5554102,37.8418119],[-122.555323,37.8417846],[-122.5551674,37.841802],[-122.5549417,37.84188],[-122.55482,37.8419066],[-122.5546461,37.8420119],[-122.5545418,37.8419934],[-122.5544897,37.8420451],[-122.5544028,37.8421844],[-122.5543166,37.8422359],[-122.5542121,37.8422446],[-122.5539346,37.842203],[-122.5537434,37.8421233],[-122.5535869,37.8420191],[-122.5533964,37.8419237],[-122.5532917,37.8418377],[-122.5532225,37.8417495],[-122.5532051,37.8417067],[-122.5532574,37.8415086],[-122.5533611,37.841385],[-122.553396,37.8413852],[-122.5535568,37.8413648],[-122.5534943,37.8412557],[-122.5534329,37.8412181],[-122.5533709,37.841249],[-122.5532998,37.8411628],[-122.5530613,37.8413251],[-122.5529935,37.8414773],[-122.5529716,37.8415928],[-122.5530161,37.8416571],[-122.552966,37.8416919],[-122.5529315,37.8416925],[-122.5526759,37.841581],[-122.5524965,37.8414711],[-122.5522566,37.8412518],[-122.5521248,37.841126],[-122.551852,37.8407482],[-122.5517468,37.8406486],[-122.5516862,37.8405372],[-122.5516356,37.8403619],[-122.5515561,37.8401517],[-122.5514311,37.8399741],[-122.5513644,37.8398701],[-122.5514295,37.8398396],[-122.5514451,37.8397826],[-122.5513654,37.8395998],[-122.5512707,37.8395575],[-122.551224,37.8394947],[-122.5511739,37.8394074],[-122.5512255,37.8392251],[-122.551226,37.8391463],[-122.5513079,37.8390668],[-122.5512815,37.8389248],[-122.550948,37.8388252],[-122.5508438,37.838791],[-122.5508165,37.8386579],[-122.550608,37.8385931],[-122.5504327,37.8385935],[-122.5503401,37.8385818],[-122.5502882,37.8385815],[-122.5499837,37.8384739],[-122.5500391,37.8382328],[-122.5500774,37.8380295],[-122.5499412,37.8378186],[-122.5499587,37.8377669],[-122.549854,37.8375659],[-122.5498718,37.8374443],[-122.5498368,37.8373586],[-122.5497846,37.8372975],[-122.5497152,37.8372545],[-122.5496976,37.8371147],[-122.5496285,37.8370378],[-122.5495767,37.836916],[-122.5494204,37.8368027],[-122.5493677,37.8368115],[-122.5492814,37.8367684],[-122.5492115,37.8366982],[-122.5491076,37.8363778],[-122.5491078,37.8362382],[-122.5491426,37.8361167],[-122.5491252,37.8360399],[-122.5490381,37.8359946],[-122.5489515,37.8360032],[-122.5488817,37.836039],[-122.5488469,37.8360389],[-122.5488123,37.8360049],[-122.5488122,37.8358923],[-122.5488645,37.83571],[-122.5489168,37.8356313],[-122.5489343,37.8355616],[-122.5489169,37.835379],[-122.5490206,37.8352757],[-122.5490465,37.8351513],[-122.5490556,37.8351114],[-122.549142,37.8350486],[-122.5492115,37.8350669],[-122.5493509,37.8350404],[-122.5495072,37.8349193],[-122.5495245,37.8348586],[-122.5495246,37.8347459],[-122.5494201,37.8343894],[-122.5494026,37.8342339],[-122.5493677,37.8341301],[-122.5493157,37.8340421],[-122.5490212,37.8340161],[-122.5486907,37.8340509],[-122.5485691,37.8340774],[-122.5482565,37.8340695],[-122.5481353,37.8340511],[-122.5480314,37.8340596],[-122.5479444,37.8341112],[-122.5477709,37.8340339],[-122.5476317,37.8339996],[-122.5475451,37.8339992],[-122.5474931,37.8341387],[-122.5473364,37.8342169],[-122.5471806,37.8342592],[-122.5470065,37.8342675],[-122.5468853,37.8342333],[-122.5467464,37.8341719],[-122.5466249,37.8341804],[-122.5465032,37.834225],[-122.5463816,37.8342336],[-122.5459129,37.8341304],[-122.5453747,37.8338511],[-122.5452013,37.8334358],[-122.5450624,37.8332438],[-122.5447323,37.8330961],[-122.5445763,37.8330617],[-122.5444717,37.833104],[-122.5443331,37.8331058],[-122.5441944,37.8330444],[-122.5437773,37.8326012],[-122.5436386,37.832524],[-122.5435342,37.8325145],[-122.5434826,37.8324715],[-122.5433954,37.8323315],[-122.5433084,37.8322793],[-122.5432047,37.8322722],[-122.5431523,37.8322382],[-122.5430656,37.832132],[-122.5429789,37.8321496],[-122.5428572,37.8322032],[-122.542701,37.8321508],[-122.5425964,37.8320715],[-122.5424405,37.8320034],[-122.542336,37.832021],[-122.5422318,37.8321062],[-122.5421623,37.8322029],[-122.5421278,37.8323852],[-122.5420757,37.8325314],[-122.5420415,37.8325763],[-122.5419198,37.8326007],[-122.5418503,37.8325666],[-122.5417806,37.8324717],[-122.5417635,37.8322463],[-122.5417803,37.8321856],[-122.5418672,37.8320462],[-122.5418848,37.8319516],[-122.541798,37.8317328],[-122.5416589,37.8316038],[-122.5415722,37.8316034],[-122.5414335,37.8316299],[-122.5413637,37.8316634],[-122.5412424,37.8316562],[-122.5411734,37.8315771],[-122.5410394,37.8315101],[-122.5409821,37.8314907],[-122.540918,37.8316463],[-122.54084,37.8316133],[-122.5407684,37.8316334],[-122.540736,37.8315826],[-122.5406772,37.8315817],[-122.5406583,37.8316382],[-122.5406432,37.8316594],[-122.5406082,37.8316523],[-122.5405796,37.831663],[-122.5405659,37.8316879],[-122.5405334,37.8316716],[-122.5405092,37.8316743],[-122.5405102,37.8316253],[-122.5404553,37.831635],[-122.5404039,37.8316584],[-122.5403775,37.831704],[-122.5403854,37.8318058],[-122.5403746,37.8318175],[-122.5403446,37.8318171],[-122.5403461,37.8317643],[-122.540343,37.8317152],[-122.5402977,37.8317011],[-122.5402648,37.8317164],[-122.5402258,37.8317451],[-122.5401866,37.8317688],[-122.5400291,37.8319589]]],[[[-122.5400291,37.8319589],[-122.5398847,37.8319626],[-122.5391245,37.8316235],[-122.5385765,37.8313851],[-122.5380562,37.8311968],[-122.5375188,37.8308227],[-122.5371388,37.8305682],[-122.5366776,37.8302796],[-122.5360045,37.8298715],[-122.5356379,37.8296115],[-122.5352992,37.8292543],[-122.5353046,37.8289777],[-122.5355139,37.8289419]]],[[[-122.5355139,37.8289419],[-122.5354987,37.82891],[-122.5353284,37.8286317],[-122.5350551,37.828264],[-122.5349279,37.8280655],[-122.5348094,37.8279304],[-122.5347553,37.8278176],[-122.5346219,37.8275704],[-122.5344104,37.8272755]]],[[[-122.5344104,37.8272755],[-122.534495,37.8272205],[-122.5345015,37.827082],[-122.5345489,37.8269851],[-122.5345379,37.8268901],[-122.5344903,37.8268552],[-122.5344741,37.8268138],[-122.5345003,37.8267891],[-122.5344544,37.826731],[-122.5343541,37.8265866],[-122.5342703,37.8264863],[-122.5340529,37.8262264],[-122.5341525,37.8262057],[-122.534276,37.82618],[-122.5342801,37.8260537],[-122.5342841,37.8259371]]],[[[-122.5342841,37.8259371],[-122.5341987,37.825775],[-122.5341812,37.8253039],[-122.5342656,37.8251232],[-122.5344556,37.8248269],[-122.5345826,37.8246603],[-122.5346582,37.8246686],[-122.5346876,37.8246396],[-122.5347436,37.8245415],[-122.5348436,37.8244407],[-122.534941,37.8244168],[-122.5350455,37.8243937]]],[[[-122.5350455,37.8243937],[-122.5351538,37.8244444],[-122.5352379,37.8245258],[-122.5352981,37.8245424],[-122.5353392,37.8245465],[-122.5353913,37.8245087],[-122.5354421,37.8244818],[-122.5355224,37.8243969],[-122.535617,37.824389],[-122.5358359,37.8244205],[-122.5358809,37.8244392],[-122.5359294,37.8244339],[-122.5360529,37.8244474],[-122.5361227,37.8244897],[-122.5360923,37.8243446],[-122.5360834,37.8242551],[-122.5360762,37.824169],[-122.5360575,37.8240118],[-122.5360956,37.8239766],[-122.5360944,37.8239044],[-122.5358916,37.8240883],[-122.5359186,37.8241868],[-122.5358926,37.8242176],[-122.5358748,37.8242728],[-122.5357946,37.8243171],[-122.5356892,37.8243083],[-122.5357146,37.8242433],[-122.5356986,37.8241842],[-122.53564,37.8240154],[-122.5357004,37.8239158],[-122.5356643,37.8238345],[-122.5355204,37.8238758],[-122.5353491,37.8238022],[-122.5352723,37.8236775],[-122.5352411,37.8235928],[-122.5352869,37.8234963],[-122.5351859,37.8234111],[-122.5350739,37.8234286],[-122.5349515,37.8235306],[-122.5348079,37.8236025],[-122.534674,37.8236287]]],[[[-122.534674,37.8236287],[-122.5346371,37.8236213],[-122.5345825,37.8235598],[-122.5345063,37.8235315],[-122.5343664,37.8234622],[-122.5342949,37.8233677],[-122.5342329,37.8234134],[-122.5341657,37.8234218],[-122.5341323,37.8232184],[-122.5341063,37.8230973],[-122.5340185,37.8230714],[-122.533982,37.8230351],[-122.5340578,37.8230176],[-122.5340396,37.8229939],[-122.533977,37.8229192],[-122.5338816,37.8229082],[-122.5338257,37.8228946],[-122.5337744,37.8227828],[-122.5338177,37.8227092],[-122.5339155,37.8226798],[-122.5340143,37.8226216],[-122.5340412,37.8225773],[-122.5340461,37.8224891],[-122.5339588,37.8224976],[-122.5339289,37.8225238],[-122.5339204,37.8224413],[-122.5338968,37.8224068],[-122.533979,37.8222566],[-122.5340139,37.8222584],[-122.5340625,37.8221891],[-122.5340479,37.822129],[-122.5339417,37.8220613],[-122.5338115,37.8220709],[-122.5337381,37.8219666],[-122.5336572,37.821939],[-122.5336124,37.8219565],[-122.5335552,37.8220087],[-122.5334504,37.8220135],[-122.5334063,37.821992],[-122.5334109,37.8219578],[-122.5334255,37.8218794],[-122.5334438,37.8217987],[-122.5334032,37.8217515],[-122.533361,37.8217216],[-122.533268,37.8217109],[-122.5333187,37.8216917],[-122.5333912,37.8216837],[-122.5334586,37.8216583],[-122.5334344,37.8216237],[-122.5333215,37.8216385],[-122.5332552,37.8216323],[-122.5332236,37.8216386],[-122.5332071,37.8216883],[-122.5331432,37.8216597],[-122.5331102,37.8216684],[-122.5330779,37.821648],[-122.5330504,37.8216149],[-122.5329646,37.8216221],[-122.5328218,37.8216028],[-122.5327988,37.8215762],[-122.532734,37.821596],[-122.532641,37.8216151],[-122.5326038,37.8216365],[-122.5325727,37.8216232],[-122.532524,37.8215875],[-122.5324677,37.8215644]]],[[[-122.5324677,37.8215644],[-122.5323493,37.821534],[-122.5322139,37.821499],[-122.5320923,37.8213948],[-122.5318567,37.8211589],[-122.5317086,37.8210201],[-122.5315804,37.8207456],[-122.5314476,37.8205208],[-122.5314588,37.8201496],[-122.5314434,37.8200077]]],[[[-122.5314434,37.8200077],[-122.531462,37.8199481],[-122.5314811,37.819899],[-122.5314882,37.8198336],[-122.531512,37.8197741],[-122.531541,37.8197632],[-122.5315392,37.8198548],[-122.5315954,37.8198609],[-122.5316035,37.8198324],[-122.5316265,37.8198212],[-122.5316393,37.8198503],[-122.5316957,37.819851],[-122.5317578,37.8198214],[-122.5317852,37.8197172],[-122.5317645,37.8196782],[-122.5316548,37.8196988],[-122.5316299,37.8196581],[-122.5315874,37.8196517],[-122.53159,37.8195716],[-122.5315726,37.819561],[-122.5315173,37.8195491],[-122.5315177,37.8194518],[-122.5314555,37.8194185],[-122.5315031,37.8193107],[-122.5313856,37.8193401],[-122.5313503,37.8192371],[-122.531404,37.8191502],[-122.5315153,37.8191465],[-122.5314385,37.8189567],[-122.5313759,37.8188968],[-122.5313137,37.8189211],[-122.5312751,37.8189011],[-122.5312988,37.8189949],[-122.5311381,37.8190397],[-122.5310459,37.8190226],[-122.5310156,37.8189316],[-122.5309734,37.8188923],[-122.5309368,37.818952],[-122.5308938,37.8189603],[-122.5308466,37.8189193],[-122.5307533,37.8188274],[-122.5306076,37.8187854],[-122.530464,37.8186951],[-122.5303249,37.8185361],[-122.5302901,37.8183817],[-122.5303313,37.8182246],[-122.5302652,37.8181368],[-122.5302671,37.8180612],[-122.5302964,37.8179355],[-122.5304473,37.8179111],[-122.5304952,37.8178013],[-122.5305156,37.8176715],[-122.5305818,37.8176369],[-122.5305662,37.8175513],[-122.5305647,37.8174637],[-122.530495,37.8173597],[-122.5304285,37.8173343],[-122.5303872,37.8173687],[-122.5303673,37.8173988],[-122.5303148,37.8174038],[-122.5303196,37.8173558],[-122.5302875,37.8173333],[-122.5302415,37.8173217],[-122.5301784,37.8172797],[-122.530108,37.8172871],[-122.5300546,37.817301],[-122.5299529,37.8172385],[-122.5298213,37.8171486],[-122.5298565,37.8170852],[-122.5298107,37.8170531],[-122.5297602,37.8170608],[-122.5296566,37.8170299],[-122.5296403,37.8169875],[-122.5295771,37.8170061],[-122.5295074,37.8169708],[-122.5294234,37.8167836],[-122.5293147,37.8167165],[-122.5292842,37.8166437],[-122.5292873,37.8165887],[-122.5293299,37.8165868],[-122.5292682,37.8164592],[-122.5292341,37.8164685],[-122.5292061,37.8164429],[-122.5291686,37.8164174],[-122.5291088,37.8163962],[-122.5290737,37.8163463],[-122.5290512,37.8162335],[-122.5290231,37.8160582],[-122.5290965,37.8159483],[-122.5292284,37.8159742],[-122.5292852,37.8159599],[-122.5293238,37.8159812],[-122.5294036,37.8159597],[-122.5294367,37.8159895],[-122.5295751,37.8159703],[-122.5296115,37.8158801],[-122.5296535,37.8158383],[-122.5297362,37.8157897],[-122.5298418,37.8157703],[-122.5299126,37.8156797],[-122.529957,37.8156586],[-122.5299571,37.8155743],[-122.5299763,37.8155514],[-122.5299786,37.8154708],[-122.5299923,37.8154354],[-122.5299694,37.8154113],[-122.529957,37.815406]]],[[[-122.529957,37.815406],[-122.5299118,37.8154166],[-122.5298768,37.8154469],[-122.5298522,37.8154748],[-122.5298276,37.8154976],[-122.5297878,37.8154924],[-122.5297376,37.8154934],[-122.5297246,37.8154856],[-122.5296943,37.8154824],[-122.5296217,37.8154745],[-122.5295409,37.8154865],[-122.5294706,37.8155068],[-122.5294326,37.8155004],[-122.529355,37.8155044],[-122.5293323,37.8154773],[-122.5293318,37.8154467],[-122.5293667,37.8153491],[-122.5293537,37.8152674],[-122.5293178,37.8152389],[-122.529261,37.815268]]],[[[-122.529261,37.815268],[-122.5292278,37.8153545],[-122.5292344,37.815403],[-122.529279,37.8154381],[-122.5292989,37.8154919],[-122.5292977,37.8155226],[-122.5292781,37.8155501],[-122.529233,37.8155838],[-122.5292051,37.8155843],[-122.5291859,37.8156074],[-122.5291528,37.8156532],[-122.529135,37.8157223],[-122.5291304,37.8157907],[-122.529072,37.8158215],[-122.529057,37.8158256],[-122.5290364,37.8158201],[-122.5290185,37.8158146],[-122.528995,37.8158396],[-122.5289773,37.8158592],[-122.5289383,37.8158676],[-122.5288987,37.8158595],[-122.5288674,37.815836],[-122.5288506,37.8158232],[-122.5288008,37.8158236],[-122.5287294,37.8157586],[-122.528678,37.8157774],[-122.5286607,37.8157455],[-122.5286234,37.8156859],[-122.5286037,37.8156457],[-122.5285554,37.8156348],[-122.5285541,37.8156548]]],[[[-122.5285541,37.8156548],[-122.5285367,37.8156593],[-122.528489,37.8156824],[-122.5284762,37.8156797],[-122.5284591,37.8156797],[-122.52847,37.815698],[-122.5284551,37.8157058],[-122.5284245,37.8156964],[-122.5284031,37.8156964],[-122.5283857,37.8156968],[-122.5283719,37.8157001],[-122.5283515,37.8157017],[-122.5283349,37.8156906],[-122.528306,37.8156708],[-122.5282949,37.8156683],[-122.5282832,37.8156671],[-122.5282742,37.8156575],[-122.5282573,37.8156298],[-122.5282498,37.8156161],[-122.528229,37.8155947],[-122.5282023,37.8155574],[-122.5280672,37.8155227],[-122.5280611,37.8154997],[-122.5280473,37.8154481],[-122.5280097,37.8154438],[-122.528006,37.8154405],[-122.5279963,37.8153895],[-122.5279834,37.8153106],[-122.5279603,37.8153448],[-122.5279331,37.815457],[-122.5279518,37.8155418],[-122.5279197,37.8155185],[-122.5278928,37.8156414],[-122.527866,37.8156668],[-122.5279498,37.8157836],[-122.5279813,37.8159126],[-122.5279626,37.815959],[-122.528043,37.8159677],[-122.5280699,37.8160079],[-122.5282648,37.8159586],[-122.5282415,37.8160927],[-122.5284174,37.8162486],[-122.5284776,37.8163025],[-122.5286009,37.8163914],[-122.5286707,37.8165334],[-122.5286117,37.8165165],[-122.5285553,37.8165101],[-122.5285607,37.8165546],[-122.5286385,37.816616],[-122.528719,37.816722],[-122.5288376,37.8168452],[-122.5289258,37.8169473],[-122.5291157,37.8170704],[-122.5291102,37.817153],[-122.5290254,37.8171943],[-122.528906,37.8171692],[-122.5288565,37.817309],[-122.5287704,37.8173203],[-122.5286721,37.8172672],[-122.5285735,37.8172507],[-122.5286125,37.8173809],[-122.5287566,37.8175396],[-122.5288604,37.8177902],[-122.5292668,37.8180559],[-122.5292713,37.8182586],[-122.5292514,37.8182984],[-122.5292235,37.8183432],[-122.5291834,37.8183813],[-122.5291993,37.818426],[-122.5292301,37.81847]]],[[[-122.5292301,37.81847],[-122.5292398,37.8185079],[-122.5293155,37.8185429],[-122.5293852,37.8185642],[-122.5294228,37.8185885],[-122.5294786,37.818608],[-122.5295447,37.8186],[-122.5296277,37.8187375],[-122.5296526,37.8189266],[-122.529602,37.8190953],[-122.5295638,37.819236],[-122.5295312,37.8193266],[-122.52946,37.8193999],[-122.529342,37.819415],[-122.529297,37.8193845],[-122.529254,37.8194167],[-122.529228,37.8194185],[-122.529201,37.8194478],[-122.529222,37.8194736],[-122.529182,37.8195062],[-122.5291536,37.8195188],[-122.5290988,37.8194904],[-122.5291,37.8194302],[-122.5290748,37.819406],[-122.529039,37.8193717],[-122.528983,37.8193482],[-122.52898,37.8193853],[-122.5290172,37.8194279],[-122.52902,37.8194311],[-122.5290385,37.8194428],[-122.5290566,37.8194542],[-122.5290793,37.8194683],[-122.5290514,37.8194932],[-122.5290258,37.8194858],[-122.528984,37.8194726],[-122.528915,37.8194468],[-122.528917,37.8194674],[-122.5289556,37.8195146],[-122.5289618,37.8195255],[-122.5290039,37.8195317],[-122.5290255,37.8195261],[-122.529054,37.8195366],[-122.5290213,37.8195539],[-122.5290157,37.8195969],[-122.5290371,37.8196131],[-122.5290436,37.8196445],[-122.5290838,37.8196994],[-122.5291186,37.8196724],[-122.5291272,37.8196543],[-122.5291218,37.8196269],[-122.5292459,37.8197039],[-122.5293196,37.8197594],[-122.5292904,37.8198549],[-122.5292458,37.8199408],[-122.5291759,37.8200366],[-122.5290935,37.8200634],[-122.5290017,37.8199684],[-122.5289731,37.8199952],[-122.5290303,37.8200865],[-122.529008,37.8200863],[-122.5289624,37.8200859],[-122.5289394,37.8200955],[-122.5290215,37.8202352],[-122.5290693,37.8202501],[-122.5290289,37.8203123],[-122.5289654,37.8203152],[-122.528959,37.8203592],[-122.5289451,37.8204162],[-122.5287779,37.8205424],[-122.5287052,37.8204887],[-122.5286705,37.8204617],[-122.5286664,37.8205145],[-122.5286891,37.8205669],[-122.5287045,37.8206334],[-122.5287004,37.8206609],[-122.5286585,37.8206157],[-122.5286036,37.8205758],[-122.5285706,37.8205687],[-122.5284282,37.82059],[-122.5283414,37.8206236],[-122.5282992,37.8207093],[-122.5283048,37.8207408],[-122.5283475,37.8208201],[-122.5283824,37.8208483],[-122.5284375,37.8208776],[-122.5284248,37.8209539],[-122.528313,37.8209836],[-122.5282337,37.8209749],[-122.5281783,37.8209743],[-122.528118,37.8209698],[-122.5280916,37.8210383],[-122.5280892,37.8210919],[-122.5279644,37.8212041],[-122.5279126,37.8211963],[-122.5278735,37.8211551],[-122.527853,37.8211673],[-122.5278072,37.821202],[-122.5276808,37.821164],[-122.5275884,37.821196],[-122.527496,37.8212193],[-122.5275007,37.8212595],[-122.5274733,37.8212613],[-122.5274275,37.8212319],[-122.5273643,37.8212489],[-122.5273514,37.8212798],[-122.5273974,37.8213254],[-122.5273234,37.821347],[-122.5272213,37.8213313],[-122.5271434,37.8213083],[-122.5270046,37.8212421],[-122.5269697,37.8212363],[-122.5269244,37.8212439],[-122.5266971,37.8211412],[-122.5266405,37.8210902],[-122.5266056,37.8210945],[-122.5265653,37.821044],[-122.5264938,37.8209658],[-122.5263759,37.8209274],[-122.5263963,37.8210194],[-122.52629,37.8209606],[-122.5262471,37.8209819],[-122.5263334,37.8211528],[-122.5264924,37.8212537],[-122.5264836,37.821335],[-122.5264243,37.8213505],[-122.5262806,37.8212562],[-122.5261562,37.8212179],[-122.5259477,37.8211536],[-122.5257968,37.8211607],[-122.5258313,37.8212447],[-122.5257442,37.8211983],[-122.5256769,37.8212425],[-122.5260123,37.8214317],[-122.5260167,37.8215055],[-122.5257978,37.8213981],[-122.5257225,37.8213862],[-122.5256643,37.8213771],[-122.5256054,37.8213993],[-122.525451,37.8213436],[-122.5256935,37.8216194],[-122.5255231,37.8215747],[-122.5258971,37.8219262],[-122.5257048,37.8218987],[-122.5256501,37.8219444],[-122.5257994,37.8220739],[-122.5256428,37.822118],[-122.5253558,37.8222501],[-122.5254704,37.8223401],[-122.5255046,37.8223905],[-122.5253355,37.8224086],[-122.5254254,37.8224742],[-122.5255078,37.8225261],[-122.5255104,37.8225846],[-122.5253675,37.8226256],[-122.5253043,37.8226146],[-122.5252348,37.8225691],[-122.5250864,37.8225604],[-122.5250527,37.8226113],[-122.5250104,37.8226019],[-122.5250057,37.8225381],[-122.5249685,37.8225527],[-122.5249318,37.8225844],[-122.5248691,37.8225098],[-122.5247382,37.8224663],[-122.5247142,37.8225104],[-122.5247664,37.8225818],[-122.5247922,37.8226754],[-122.5246455,37.8226442],[-122.5245405,37.822619],[-122.5245051,37.8226761],[-122.5244607,37.8227189],[-122.5243043,37.8226447],[-122.5241473,37.8228052],[-122.5243481,37.8227937],[-122.5245109,37.8229272],[-122.5247371,37.8230512],[-122.5247097,37.8233718],[-122.5245457,37.8237159],[-122.524113,37.8239738],[-122.523912,37.8238723],[-122.5235508,37.8241797],[-122.5238154,37.8242564],[-122.5237033,37.8244059],[-122.5239538,37.8246211],[-122.5237109,37.8248656],[-122.523477,37.8250238],[-122.5229995,37.8251486],[-122.5223182,37.8252108],[-122.5220384,37.8253073],[-122.5216055,37.8253581],[-122.5208619,37.825403],[-122.5202446,37.8254205],[-122.5200653,37.8252591],[-122.5197367,37.8253103],[-122.5196486,37.8251174],[-122.5191533,37.8251094],[-122.5191416,37.8253356],[-122.5188611,37.8254256],[-122.518555,37.8253035],[-122.5182919,37.8253829],[-122.5178039,37.8253121],[-122.5173654,37.8252826],[-122.5170711,37.8251505],[-122.5170915,37.8249627],[-122.5170109,37.8247699],[-122.5168207,37.8248629],[-122.5166788,37.8248613],[-122.5165309,37.824983],[-122.516599,37.825143],[-122.5163311,37.8253243],[-122.5161266,37.8254323]]]]}},{"type":"Feature","properties":{"property_id":"r6061042","property_name":"Saint Mary's Park"},"geometry":{"type":"MultiPolygon","coordinates":[[[[-122.4192066,37.7339713],[-122.4192296,37.7340096]]],[[[-122.4192164,37.7338515],[-122.4192066,37.7339713]]],[[[-122.4192164,37.7338515],[-122.4192228,37.7337711]]],[[[-122.4204557,37.7324159],[-122.4201133,37.7336391],[-122.4194106,37.7337817],[-122.4192228,37.7337711]]],[[[-122.4204557,37.7324159],[-122.4209895,37.7322971]]],[[[-122.4217632,37.7349349],[-122.4217798,37.7347285],[-122.4222593,37.7343811],[-122.4220913,37.7341391],[-122.422055,37.73406],[-122.4217851,37.7334709],[-122.4217225,37.7334107],[-122.421688,37.7333774],[-122.4215692,37.7332842],[-122.4214473,37.7331427],[-122.4209895,37.7322971]]],[[[-122.4217548,37.7350479],[-122.4217632,37.7349349]]],[[[-122.4217548,37.7350479],[-122.4201214,37.7349648],[-122.4201077,37.7349641],[-122.4201941,37.7340649],[-122.4192296,37.7340096]]]]}},{"type":"Feature","properties":{"property_id":"r7533494","property_name":"Living Roof"},"geometry":{"type":"Polygon","coordinates":[[[-122.4669921,37.7696786],[-122.4665102,37.7700203],[-122.4664644,37.7699799],[-122.4662418,37.7701377],[-122.4662879,37.7701784],[-122.4658108,37.7705167],[-122.4656664,37.7703895],[-122.4657073,37.7703604],[-122.4654151,37.770103],[-122.4653739,37.7701322],[-122.4651763,37.7699581],[-122.4656775,37.7696027],[-122.4656869,37.7696109],[-122.4658681,37.7694824],[-122.4658586,37.7694741],[-122.4663575,37.7691203],[-122.4665527,37.7692923],[-122.4665107,37.769322],[-122.4668036,37.7695801],[-122.4668461,37.7695499],[-122.4669921,37.7696786]],[[-122.4663259,37.7698823],[-122.4661029,37.7696865],[-122.4659166,37.7698191],[-122.4661395,37.7700149],[-122.4663259,37.7698823]],[[-122.4666948,37.7698207],[-122.4666166,37.7697517],[-122.4666011,37.769738],[-122.4664175,37.769868],[-122.4665113,37.7699507],[-122.4666216,37.7698726],[-122.4666948,37.7698207]]]}},{"type":"Feature","properties":{"property_id":"r8346137","property_name":"Presidio of San Francisco"},"geometry":{"type":"MultiPolygon","coordinates":[[[[-122.4858751,37.7908179],[-122.4856275,37.7906588],[-122.4854638,37.7905401],[-122.4853375,37.7904266],[-122.4852262,37.7903056],[-122.4851287,37.7901735],[-122.4850493,37.7900383],[-122.484976,37.7898896],[-122.4848987,37.7897709],[-122.4847815,37.7896846],[-122.4845294,37.7895973],[-122.484186,37.7894828],[-122.4839414,37.7893779],[-122.4838146,37.7892577],[-122.4837596,37.7891148],[-122.4837743,37.7889404],[-122.4838757,37.7886992],[-122.4839025,37.78843],[-122.4839366,37.7882125],[-122.48402,37.7879931],[-122.4841654,37.7877724],[-122.4841616,37.7875736],[-122.4846833,37.7875481],[-122.4846686,37.7874077],[-122.4843366,37.7873805],[-122.4840759,37.7872548],[-122.484081,37.7872954],[-122.48215,37.7870756],[-122.4820538,37.7870724],[-122.4819826,37.7870868],[-122.4819215,37.7871224],[-122.4817861,37.7872288],[-122.4817114,37.787273],[-122.4816206,37.7872971],[-122.481506,37.7872827],[-122.4813943,37.7872425],[-122.4812944,37.7871682],[-122.4811958,37.7871221],[-122.4810857,37.787084],[-122.4808478,37.7870761],[-122.480468,37.7871136],[-122.4800756,37.7870958],[-122.4797178,37.7870303],[-122.4793538,37.7870032],[-122.4791183,37.7870074],[-122.4788345,37.7870355],[-122.4786058,37.7870322],[-122.4777506,37.7868624],[-122.4775696,37.7868692],[-122.4773368,37.786901],[-122.477127,37.7869735],[-122.4769119,37.7869653],[-122.4767448,37.7868915],[-122.4765307,37.7868839],[-122.4745198,37.7868011],[-122.4745325,37.7869786],[-122.4733545,37.7872262],[-122.4724549,37.7873849],[-122.4722963,37.7874167],[-122.4721477,37.7874465],[-122.4710167,37.7876685],[-122.4709873,37.7872621],[-122.4687817,37.7876996],[-122.4664043,37.7881713],[-122.4633788,37.7887766],[-122.4607644,37.7892997],[-122.4593153,37.7895896],[-122.457944,37.789864],[-122.4543174,37.7905897],[-122.4493031,37.7915919],[-122.4492093,37.7916109],[-122.4464893,37.7921443],[-122.4466057,37.7929219],[-122.4467173,37.7936669],[-122.4467442,37.7938474],[-122.4467937,37.794179],[-122.4468024,37.7942374],[-122.4471329,37.79424],[-122.4471272,37.7947422],[-122.4471233,37.7950162],[-122.446928,37.7950136],[-122.4479338,37.8014334],[-122.4480995,37.801442],[-122.4482549,37.8014633],[-122.4484085,37.801497],[-122.4485545,37.8015463],[-122.4486816,37.8016026],[-122.4487989,37.8016649],[-122.4489143,37.8017388],[-122.4490483,37.8018303],[-122.4491732,37.8019287],[-122.4492794,37.8020254],[-122.4493959,37.8021407],[-122.449528,37.8022776],[-122.4496416,37.8024147],[-122.4497386,37.8025531],[-122.4498001,37.8026924],[-122.4498345,37.8028324],[-122.4498512,37.8029744],[-122.4498531,37.8031208],[-122.4498237,37.8032819],[-122.4497813,37.8034325],[-122.4497143,37.8035931],[-122.4496306,37.803746],[-122.4495362,37.8038926],[-122.4494084,37.8040425],[-122.4492525,37.8041865],[-122.4490565,37.804329],[-122.4484657,37.8047567],[-122.4486899,37.8065096],[-122.4487166,37.8066875],[-122.4487144,37.8067277],[-122.4487136,37.8067428]]],[[[-122.4825969,37.7966856],[-122.4826678,37.7964285],[-122.482783,37.7961342],[-122.482961,37.7957084],[-122.4830168,37.7955304],[-122.4831541,37.7951907],[-122.4832379,37.7949557],[-122.4834054,37.7945893],[-122.4835414,37.7943451],[-122.4836944,37.7940925],[-122.4837709,37.7939145],[-122.4838745,37.7936998],[-122.4839433,37.7933785],[-122.4842719,37.7928576],[-122.4845939,37.7926046],[-122.4849243,37.792078],[-122.4851154,37.7916147],[-122.4852073,37.7914821],[-122.4854318,37.7913006],[-122.4856901,37.7910738],[-122.4858751,37.7908179]]],[[[-122.4818896,37.7983933],[-122.4819396,37.798327],[-122.4820315,37.798049],[-122.4821288,37.7977442],[-122.482149,37.7976814],[-122.4823049,37.7972253],[-122.4824852,37.796931],[-122.4825969,37.7966856]]],[[[-122.4766537,37.8108882],[-122.4768614,37.810958],[-122.4769462,37.8109912],[-122.4771138,37.8110173],[-122.4773357,37.8110315],[-122.4775167,37.8110177],[-122.4777987,37.8109716],[-122.4777725,37.8108213],[-122.4776897,37.8106343],[-122.4776393,37.8101856],[-122.4777885,37.8093336],[-122.4777418,37.8090247],[-122.4777571,37.8089291],[-122.4778171,37.8086918],[-122.4778429,37.8084951],[-122.4778858,37.8083663],[-122.4781175,37.8080815],[-122.4783487,37.8079007],[-122.4785021,37.8070436],[-122.4786877,37.8060147],[-122.478721,37.8056381],[-122.4787322,37.8051678],[-122.4790482,37.8043797],[-122.4792818,37.8036451],[-122.4793373,37.8034716],[-122.4794766,37.8033771],[-122.4796133,37.8033153],[-122.4796348,37.8032197],[-122.4796602,37.8031626],[-122.479708,37.8031208],[-122.4797184,37.8030595],[-122.4798491,37.8022894],[-122.4803627,37.8011073],[-122.4805241,37.8007926],[-122.4806047,37.8006789],[-122.4806154,37.8006099],[-122.480624,37.8005578],[-122.480624,37.8004508],[-122.4806737,37.8003734],[-122.4807509,37.8003147],[-122.4808174,37.8002184],[-122.4808827,37.8001763],[-122.4808961,37.8000275],[-122.4809113,37.7999468],[-122.4809679,37.799914],[-122.4810521,37.7998911],[-122.4810859,37.7995555],[-122.4813562,37.7994453],[-122.4814407,37.7990979],[-122.4818896,37.7983933]]],[[[-122.469067,37.8071696],[-122.4691179,37.8072117],[-122.4691866,37.8073278],[-122.4692673,37.8074388],[-122.4693552,37.8075625],[-122.4694861,37.8077096],[-122.4697051,37.8079002],[-122.469964,37.8081053],[-122.4702818,37.8083242],[-122.4705931,37.8085312],[-122.4706509,37.8085623],[-122.4713947,37.8087832],[-122.4720107,37.8089024],[-122.4721093,37.8089267],[-122.4727722,37.8090414],[-122.472962,37.8090704],[-122.4731841,37.809097],[-122.4733535,37.8091012],[-122.4735032,37.8090946],[-122.4740306,37.8090904],[-122.4741719,37.8090938],[-122.4743114,37.8091052],[-122.4746598,37.8091437],[-122.4747671,37.8091646],[-122.4748776,37.8092009],[-122.4749448,37.8093474],[-122.4750875,37.8092802],[-122.4752917,37.8093338],[-122.475441,37.8093694],[-122.475578,37.809398],[-122.4757045,37.809439],[-122.4759722,37.8095615],[-122.4760245,37.809593],[-122.4760661,37.8096344],[-122.4761043,37.8096844],[-122.4761401,37.8097516],[-122.4761682,37.8098159],[-122.4761798,37.8098694],[-122.476202,37.8100749],[-122.4762194,37.8101662],[-122.4762469,37.8102596],[-122.4762689,37.8103536],[-122.4762996,37.8104334],[-122.4763447,37.8105401],[-122.4763778,37.8106437],[-122.4764135,37.8107259],[-122.476456,37.8107928],[-122.476497,37.8108362],[-122.4765474,37.810873],[-122.4765809,37.8108868],[-122.4766203,37.8108918],[-122.4766537,37.8108882]]],[[[-122.4638689,37.8051797],[-122.4643096,37.8052862],[-122.4648276,37.8054143],[-122.4653982,37.8056051],[-122.4660442,37.805762],[-122.4663805,37.8058513],[-122.4668407,37.8060421],[-122.4671986,37.8062664],[-122.4672517,37.806302],[-122.4675911,37.8065269],[-122.4678956,37.8066449],[-122.4681851,37.8066838],[-122.4684227,37.8067732],[-122.468657,37.8068056],[-122.468791,37.806912],[-122.4688913,37.8069874],[-122.4689737,37.8070748],[-122.469067,37.8071696]]],[[[-122.4542566,37.8060945],[-122.4541648,37.806132],[-122.4537984,37.806156],[-122.4534174,37.806263],[-122.4529803,37.8061772],[-122.4528435,37.8061645],[-122.4526799,37.8061878],[-122.452527,37.8061666],[-122.4524519,37.806209],[-122.4524975,37.8062874],[-122.4526906,37.806423],[-122.4530795,37.8065904],[-122.4536374,37.8064167],[-122.4539459,37.8063425],[-122.4541882,37.8063571],[-122.4543689,37.8064266],[-122.4548298,37.8063512],[-122.4558165,37.8060442],[-122.4564339,37.8059463],[-122.4568941,37.8059009],[-122.4571683,37.8058789],[-122.4576883,37.8058033],[-122.4579917,37.8057199],[-122.4582556,37.8056618],[-122.4584656,37.8056366],[-122.4587591,37.8055905],[-122.459145,37.8055645],[-122.4597221,37.8054576],[-122.4603994,37.8053716],[-122.461303,37.8053021],[-122.4617494,37.8052778],[-122.4619627,37.8052396],[-122.4621419,37.8052127],[-122.4623243,37.8051947],[-122.4625855,37.8051554],[-122.4628762,37.8050964],[-122.4630302,37.8050755],[-122.4632009,37.8050656],[-122.4633538,37.8050901],[-122.4635867,37.8051661],[-122.4638689,37.8051797]]],[[[-122.4487136,37.8067428],[-122.4489062,37.8067459],[-122.4490896,37.8067794],[-122.449487,37.8067464],[-122.4500591,37.8066709],[-122.4503516,37.8066097],[-122.4505228,37.806556],[-122.4505873,37.8065333],[-122.450765,37.8064716],[-122.4511046,37.8064196],[-122.4515222,37.8064231],[-122.4516323,37.8064034],[-122.4517643,37.8063854],[-122.4518661,37.8063629],[-122.4520902,37.806297],[-122.4522333,37.8061522],[-122.4524304,37.8060924],[-122.4526262,37.8060755],[-122.4529809,37.8060423],[-122.4534772,37.8060354],[-122.4536025,37.8059757],[-122.4536805,37.8059089],[-122.4538495,37.8059111],[-122.4539449,37.8058934],[-122.4539703,37.8058888],[-122.4540698,37.8058059],[-122.454078,37.8057118],[-122.4540886,37.8056599],[-122.4540839,37.8055887],[-122.4543516,37.8055539],[-122.454351,37.8056809],[-122.4543167,37.8060132],[-122.4542905,37.8060478],[-122.4542566,37.8060945]]]]}},{"type":"Feature","properties":{"property_id":"r8524888","property_name":"Salesforce Park"},"geometry":{"type":"Polygon","coordinates":[[[-122.3954285,37.7905594],[-122.3954029,37.79059],[-122.3953791,37.7906131],[-122.3953451,37.7906238],[-122.3953138,37.7906221],[-122.395286,37.7906114],[-122.3952642,37.7905952],[-122.3952546,37.7905811],[-122.3952423,37.7905578],[-122.3952203,37.7905259],[-122.3951948,37.790499],[-122.3951603,37.7904679],[-122.395125,37.7904424],[-122.3950742,37.7904155],[-122.3950476,37.7904011],[-122.3950262,37.7903943],[-122.3949912,37.7903823],[-122.394976,37.7903686],[-122.3949679,37.790345],[-122.3949711,37.7903237],[-122.3949851,37.7903054],[-122.3950198,37.7902874],[-122.3950613,37.7902615],[-122.3951103,37.7902276],[-122.3951539,37.7901912],[-122.3953692,37.7900113],[-122.3954575,37.7899414],[-122.3955145,37.7898959],[-122.3955416,37.7898743],[-122.3955588,37.7898608],[-122.3957678,37.7897037],[-122.3957856,37.7896834],[-122.3958211,37.7896299],[-122.3958417,37.789606],[-122.39587,37.7895889],[-122.3959342,37.7895693],[-122.3959688,37.789549],[-122.3961846,37.7893651],[-122.3962154,37.7893374],[-122.3962531,37.7892838],[-122.3962716,37.7892599],[-122.3963154,37.7892359],[-122.3963772,37.7892058],[-122.3964072,37.7891839],[-122.3966266,37.7890057],[-122.3966443,37.7889856],[-122.3966803,37.7889276],[-122.3966978,37.7889113],[-122.3967187,37.7888976],[-122.3968027,37.7888611],[-122.3968286,37.7888441],[-122.3970353,37.7886796],[-122.3970576,37.788659],[-122.3970964,37.7886041],[-122.3971169,37.7885825],[-122.3971462,37.7885653],[-122.3972124,37.7885368],[-122.3972451,37.7885147],[-122.3974546,37.7883489],[-122.3974844,37.788322],[-122.3975113,37.7882789],[-122.3975345,37.7882533],[-122.3975692,37.7882325],[-122.3976457,37.7881994],[-122.3976763,37.7881781],[-122.3976999,37.7881559],[-122.3977456,37.7880937],[-122.3977615,37.7880781],[-122.39778,37.7880679],[-122.3978454,37.7880429],[-122.3978802,37.7880204],[-122.3979061,37.7879926],[-122.3979331,37.7879486],[-122.3979534,37.7879245],[-122.397981,37.7879086],[-122.398023,37.7878951],[-122.3980618,37.7878812],[-122.3981163,37.7878437],[-122.3982576,37.7877326],[-122.398316,37.7876869],[-122.3983439,37.7876604],[-122.398362,37.7876366],[-122.3983747,37.7876223],[-122.3983993,37.7876105],[-122.3984277,37.7876096],[-122.3984493,37.7876119],[-122.3984709,37.7876253],[-122.3984847,37.7876435],[-122.3984967,37.7876689],[-122.3985081,37.7876853],[-122.3985308,37.7877063],[-122.3986419,37.7877929],[-122.398654,37.7878023],[-122.39867,37.7878153],[-122.3986995,37.7878276],[-122.3987235,37.7878364],[-122.3987441,37.7878466],[-122.3987573,37.7878561],[-122.398763,37.7878644],[-122.3987711,37.7878753],[-122.3987744,37.7878884],[-122.3987724,37.7879081],[-122.3987659,37.7879241],[-122.3987585,37.7879379],[-122.3987397,37.7879548],[-122.3987179,37.7879655],[-122.398688,37.787983],[-122.398634,37.7880216],[-122.3985686,37.7880751],[-122.3984222,37.7881921],[-122.3983951,37.7882343],[-122.3983798,37.7882512],[-122.398359,37.7882633],[-122.3982732,37.7883051],[-122.3982533,37.7883191],[-122.3980483,37.7884882],[-122.3980288,37.7885061],[-122.3979781,37.7885737],[-122.3979652,37.7885864],[-122.3979457,37.7885994],[-122.3978626,37.7886342],[-122.3978351,37.7886518],[-122.3976319,37.7888056],[-122.39761,37.7888256],[-122.3975821,37.7888612],[-122.397558,37.7888976],[-122.3975434,37.7889138],[-122.3975253,37.7889254],[-122.3974839,37.7889415],[-122.3974427,37.7889613],[-122.3974161,37.7889772],[-122.3972014,37.7891461],[-122.397181,37.7891675],[-122.3971388,37.7892242],[-122.397122,37.7892398],[-122.3971009,37.7892522],[-122.3970243,37.7892857],[-122.3969961,37.789301],[-122.3967732,37.7894662],[-122.3967444,37.7894983],[-122.3967087,37.7895622],[-122.3966804,37.7895892],[-122.3966517,37.7896049],[-122.3965517,37.789656],[-122.3965308,37.7896729],[-122.3963181,37.7898365],[-122.3962919,37.7898637],[-122.3962761,37.7899066],[-122.3962574,37.78993],[-122.3962242,37.7899457],[-122.3961584,37.7899795],[-122.3961289,37.79],[-122.3959223,37.7901641],[-122.3959003,37.790182],[-122.3958457,37.7902435],[-122.3958224,37.7902659],[-122.3957948,37.7902818],[-122.3957047,37.7903294],[-122.3954285,37.7905594]],[[-122.3975478,37.7885137],[-122.3975136,37.7885318],[-122.3974821,37.7885567],[-122.3974599,37.7885848],[-122.3974525,37.7886113],[-122.3974552,37.7886287],[-122.397466,37.7886436],[-122.3974839,37.7886514],[-122.3975116,37.7886533],[-122.3975416,37.7886477],[-122.3975776,37.788631],[-122.397608,37.7886079],[-122.3976286,37.7885809],[-122.3976356,37.7885616],[-122.397637,37.788534],[-122.3976242,37.7885196],[-122.3976051,37.7885092],[-122.3975707,37.7885083],[-122.3975478,37.7885137]],[[-122.3963624,37.7896393],[-122.3963064,37.7896851],[-122.3962441,37.7897042],[-122.3961864,37.7897031],[-122.3961498,37.7896851],[-122.3961287,37.7896583],[-122.3961271,37.7896133],[-122.3961525,37.789564],[-122.3962115,37.7895182],[-122.3962508,37.7895041],[-122.3962767,37.7894997],[-122.3963017,37.7894983],[-122.3963233,37.7895012],[-122.396346,37.7895065],[-122.3963629,37.7895177],[-122.3963785,37.7895309],[-122.3963859,37.7895513],[-122.3963901,37.7895696],[-122.3963884,37.7895874],[-122.396382,37.7896067],[-122.3963624,37.7896393]],[[-122.3957359,37.7899485],[-122.3957017,37.7899666],[-122.3956702,37.7899915],[-122.3956481,37.7900196],[-122.3956407,37.790046],[-122.3956434,37.7900635],[-122.3956541,37.7900784],[-122.3956721,37.7900862],[-122.3956997,37.790088],[-122.3957297,37.7900825],[-122.3957658,37.7900658],[-122.3957961,37.7900427],[-122.3958167,37.7900157],[-122.3958238,37.7899964],[-122.3958251,37.7899688],[-122.3958124,37.7899544],[-122.3957933,37.789944],[-122.3957589,37.7899431],[-122.3957359,37.7899485]],[[-122.3960017,37.789708],[-122.3960279,37.7897284],[-122.3961007,37.7897848],[-122.3961144,37.7897954],[-122.3960368,37.7898567],[-122.3959256,37.7897686],[-122.3960017,37.789708]],[[-122.3960017,37.789708],[-122.3960279,37.7896873],[-122.3961394,37.7897757],[-122.3961144,37.7897954],[-122.3961007,37.7897848],[-122.3960279,37.7897284],[-122.3960017,37.789708]],[[-122.3953293,37.7904101],[-122.3952183,37.7903218],[-122.3952597,37.7902892],[-122.3953709,37.7903773],[-122.3953293,37.7904101]],[[-122.3954578,37.790288],[-122.39538,37.7902264],[-122.3954079,37.7902044],[-122.3954177,37.7902122],[-122.3954333,37.7902245],[-122.3954804,37.7901874],[-122.3954634,37.790174],[-122.395455,37.7901674],[-122.3954849,37.7901438],[-122.3955626,37.7902054],[-122.3954578,37.790288]],[[-122.3983487,37.7881438],[-122.3983309,37.7881572],[-122.3983127,37.7881719],[-122.3982978,37.788183],[-122.3982766,37.7881921],[-122.3982508,37.7882032],[-122.3982039,37.7882095],[-122.3981811,37.7882127],[-122.3981442,37.7882262],[-122.3981201,37.7882271],[-122.3980939,37.7882138],[-122.3980845,37.7881968],[-122.3980644,37.7881661],[-122.3980403,37.7881417],[-122.3980081,37.7881197],[-122.3979836,37.7881028],[-122.3979749,37.7880757],[-122.397984,37.7880463],[-122.3980188,37.788023],[-122.3980456,37.7880092],[-122.3980728,37.7879852],[-122.3980828,37.7879688],[-122.3980973,37.7879552],[-122.3981143,37.787951],[-122.3981352,37.7879504],[-122.3981519,37.7879361],[-122.3981809,37.7879591],[-122.3982077,37.7879803],[-122.3983651,37.7881049],[-122.3983521,37.7881153],[-122.3983534,37.7881309],[-122.3983487,37.7881438]],[[-122.3970815,37.7890058],[-122.3970082,37.7890634],[-122.3970031,37.7890594],[-122.3969741,37.7890364],[-122.3969445,37.7890129],[-122.3969384,37.789008],[-122.3970116,37.7889504],[-122.3970815,37.7890058]],[[-122.3967303,37.7892748],[-122.3967419,37.7892656],[-122.3969041,37.7891376],[-122.3969626,37.7890913],[-122.3970031,37.7890594],[-122.3969741,37.7890364],[-122.3969445,37.7890129],[-122.396904,37.7890456],[-122.3968461,37.7890923],[-122.3966848,37.7892223],[-122.3966744,37.7892307],[-122.396685,37.7892391],[-122.3967167,37.789264],[-122.3967303,37.7892748]],[[-122.3966652,37.7892234],[-122.3965699,37.7892986],[-122.3966395,37.7893537],[-122.3967349,37.7892784],[-122.3967303,37.7892748],[-122.3967167,37.789264],[-122.396685,37.7892391],[-122.3966744,37.7892307],[-122.3966652,37.7892234]],[[-122.3978395,37.7883942],[-122.3977653,37.7883351],[-122.3978121,37.7882985],[-122.3978225,37.7883067],[-122.3978263,37.7883097],[-122.3978481,37.788327],[-122.3978742,37.7883477],[-122.3978864,37.7883574],[-122.3978395,37.7883942]]]}},{"type":"Feature","properties":{"property_id":"r8820057","property_name":"Brotherhood-Head Mini Park"},"geometry":{"type":"MultiPolygon","coordinates":[[[[-122.4744715,37.7137958],[-122.4744595,37.7138298],[-122.4744631,37.7138669],[-122.4744829,37.7139],[-122.4745099,37.7139296],[-122.4747618,37.7141372],[-122.4748083,37.714182],[-122.4748441,37.7142338],[-122.4748584,37.7142768],[-122.4748542,37.7143253],[-122.4748321,37.7143672],[-122.4749181,37.7144319],[-122.4750116,37.7144996],[-122.4751014,37.7145568],[-122.4752138,37.7146208],[-122.4753332,37.7146789],[-122.4754635,37.7147314],[-122.4755943,37.714773],[-122.4757278,37.7148033],[-122.4758676,37.7148278],[-122.4760124,37.7148429],[-122.4761497,37.7148487],[-122.4762887,37.7148455],[-122.4764338,37.7148331],[-122.4766755,37.7148091],[-122.4766804,37.7147289],[-122.4766942,37.714651]]],[[[-122.4766942,37.714651],[-122.4765435,37.7146316],[-122.4763682,37.7146003],[-122.4761822,37.7145604],[-122.4760123,37.7145138],[-122.4758343,37.7144573],[-122.4756935,37.7144035],[-122.4755482,37.7143394],[-122.4753932,37.714265],[-122.4744715,37.7137958]]]]}},{"type":"Feature","properties":{"property_id":"r12902221","property_name":"Thornton State Beach"},"geometry":{"type":"MultiPolygon","coordinates":[[[[-122.4951153,37.6958834],[-122.4949857,37.6930978],[-122.4958292,37.6951378],[-122.4963056,37.6949138],[-122.4962749,37.6949852],[-122.4962473,37.6950574],[-122.4962227,37.6951303],[-122.496201,37.6952037],[-122.4961826,37.6952777],[-122.4961672,37.6953522],[-122.4961552,37.6954269],[-122.4961461,37.6955021],[-122.4961399,37.6955774],[-122.4961372,37.6956528],[-122.4961376,37.6957282],[-122.4961412,37.6958036],[-122.4961478,37.6958789],[-122.4961578,37.6959539],[-122.4961706,37.6960286],[-122.4961867,37.696103],[-122.496206,37.6961769],[-122.4964198,37.696935],[-122.4963835,37.6970174],[-122.4962733,37.6972741],[-122.4962575,37.6973087],[-122.4962403,37.6973429],[-122.4962215,37.6973765],[-122.4962015,37.6974097],[-122.49618,37.6974423],[-122.4961572,37.6974744],[-122.4961331,37.6975057],[-122.4961076,37.6975365],[-122.4960809,37.6975666],[-122.4960529,37.6975959],[-122.4960236,37.6976244],[-122.4959933,37.6976523],[-122.4959617,37.6976792],[-122.4959291,37.6977053],[-122.4958952,37.6977305],[-122.4958605,37.6977548],[-122.4958246,37.6977781],[-122.4957878,37.6978004],[-122.4957501,37.6978218],[-122.4957116,37.6978422],[-122.4954006,37.697255],[-122.495341,37.6970873],[-122.4952883,37.6969183],[-122.4952423,37.6967479],[-122.4952031,37.6965765],[-122.4951708,37.6964042],[-122.4951454,37.6962311],[-122.4951269,37.6960576],[-122.4951153,37.6958834]]],[[[-122.4962206,37.7011359],[-122.496009,37.7007262],[-122.4960458,37.7007258],[-122.4963794,37.7007223],[-122.496703,37.7007189],[-122.4968311,37.7007176],[-122.497385,37.7007118],[-122.4976482,37.700709],[-122.4974008,37.7002186],[-122.497293,37.6998026],[-122.4971598,37.6994588],[-122.4970433,37.699065],[-122.4967468,37.6981128],[-122.4967049,37.6980093],[-122.4966556,37.6977274],[-122.4966233,37.6977316],[-122.496629,37.6975756],[-122.4966525,37.6975389],[-122.4966749,37.6975017],[-122.4967026,37.697452],[-122.4967282,37.6974016],[-122.4967516,37.6973506],[-122.4967729,37.697299],[-122.496792,37.6972469],[-122.496809,37.6971941],[-122.4968158,37.6971696],[-122.4968236,37.6971412],[-122.4968329,37.6971417],[-122.4971425,37.697161],[-122.4971561,37.6970242],[-122.4968511,37.6970051],[-122.496858,37.6969498],[-122.4968626,37.6968943],[-122.4968649,37.6968388],[-122.4968649,37.6967832],[-122.4968624,37.6967275],[-122.4968576,37.6966722],[-122.4968505,37.6966168],[-122.4968409,37.6965618],[-122.4968291,37.696507],[-122.496815,37.6964525],[-122.4967404,37.6961883],[-122.4967258,37.6961318],[-122.4967137,37.6960748],[-122.496704,37.6960175],[-122.4966969,37.69596],[-122.4966924,37.6959022],[-122.4966904,37.6958445],[-122.496691,37.6957866],[-122.496694,37.6957288],[-122.4966997,37.6956712],[-122.4967079,37.6956138],[-122.4967186,37.6955566],[-122.4967319,37.6954998],[-122.4967476,37.6954434],[-122.4967657,37.6953874],[-122.4969871,37.6947518],[-122.4972377,37.6940364],[-122.4972818,37.6939015],[-122.4973205,37.6937655],[-122.4973536,37.6936287],[-122.4973759,37.6935202],[-122.4973947,37.6934114],[-122.4976012,37.6934255],[-122.4976161,37.6932887],[-122.4974157,37.693275],[-122.4974096,37.6932746],[-122.4974223,37.6931417],[-122.4974299,37.6930086],[-122.4974323,37.6928754],[-122.4974296,37.6927421],[-122.4977666,37.692735],[-122.4989454,37.69271],[-122.4990875,37.6934831],[-122.4991396,37.6939272],[-122.4992066,37.6942349],[-122.4992264,37.6943265],[-122.4997474,37.6960277],[-122.4998346,37.6964267],[-122.4998862,37.6968687],[-122.5000908,37.6975018],[-122.5002508,37.6979968],[-122.5004248,37.6986916],[-122.500529,37.6992216],[-122.5006152,37.7002878],[-122.5007732,37.7008687],[-122.5008215,37.7011042],[-122.4999639,37.7010963],[-122.4962206,37.7011359]]]]}},{"type":"Feature","properties":{"property_id":"r13070397","property_name":"San Bruno Mountain State and County Park"},"geometry":{"type":"MultiPolygon","coordinates":[[[[-122.3950444,37.6686421],[-122.3954534,37.6684364],[-122.3973932,37.668681],[-122.398981,37.667988],[-122.4006376,37.6672882],[-122.4012555,37.6670776],[-122.4020538,37.6672271],[-122.4030151,37.6671863],[-122.4034528,37.6664186],[-122.4044399,37.6661536],[-122.4039335,37.6671523],[-122.4052209,37.667526],[-122.4057359,37.6674785],[-122.4057702,37.6676619],[-122.4063453,37.6676347],[-122.40668,37.6669757],[-122.4077873,37.6671931],[-122.4079675,37.6675396],[-122.4077529,37.6685587],[-122.4080877,37.6694963],[-122.4085082,37.6701145],[-122.4094438,37.6705833],[-122.4101819,37.6705154],[-122.4103965,37.6695438],[-122.4113922,37.6690954],[-122.411787,37.6701009],[-122.4129886,37.6700873],[-122.4132118,37.6708279],[-122.4126453,37.6716703],[-122.4134864,37.67201],[-122.413701,37.670957],[-122.414216,37.6707871],[-122.4145164,37.6713985],[-122.4150571,37.671514],[-122.4151945,37.6718809],[-122.4151,37.6720915],[-122.4153404,37.6727505]]],[[[-122.4153404,37.6727505],[-122.4164047,37.6726554],[-122.4171085,37.6729951],[-122.4175548,37.6729679],[-122.4180269,37.673063],[-122.4180612,37.6729271],[-122.4185333,37.6730494],[-122.4191341,37.6725535],[-122.4191512,37.6715956],[-122.4216833,37.6712423]]],[[[-122.4216833,37.6712423],[-122.4239063,37.6720168],[-122.4262237,37.6687965],[-122.4260319,37.6686118],[-122.4251851,37.6677978],[-122.4254255,37.66756],[-122.4256315,37.6674581]]],[[[-122.4256315,37.6674581],[-122.4262838,37.667363],[-122.4280862,37.6675804],[-122.4317621,37.6694855]]],[[[-122.4317621,37.6694855],[-122.4332121,37.6702325]]],[[[-122.408,37.6775807],[-122.4079906,37.6755423],[-122.3986904,37.6755695],[-122.39726,37.6755738],[-122.396574,37.6755757],[-122.3965669,37.6738522],[-122.3912046,37.6731713]]],[[[-122.3912046,37.6731713],[-122.3919601,37.6719556],[-122.3923292,37.671351],[-122.3927583,37.6708211],[-122.3931531,37.6703047],[-122.393814,37.6697816],[-122.3948869,37.6687218],[-122.3950444,37.6686421]]],[[[-122.4431883,37.6773091],[-122.4404237,37.6758261],[-122.4398039,37.6762602],[-122.438781,37.6774651],[-122.4321298,37.6745572],[-122.4328294,37.6713426],[-122.4332121,37.6702325]]],[[[-122.4431883,37.6773091],[-122.4429693,37.6775534],[-122.4441001,37.6780905],[-122.4435793,37.6792159],[-122.4406175,37.6813168],[-122.4394674,37.6811605],[-122.439742,37.6833138],[-122.4409726,37.683382],[-122.4421902,37.6843353],[-122.4429077,37.6845161],[-122.4432845,37.6845785],[-122.4434558,37.6846352],[-122.4440765,37.685372],[-122.4439048,37.6863433],[-122.4474239,37.6878104],[-122.4488057,37.6890738],[-122.4504709,37.6910027],[-122.4533119,37.6919468],[-122.4550714,37.6927278],[-122.4553546,37.6935632],[-122.4557666,37.6936651],[-122.4559125,37.6938213],[-122.455552,37.6940319],[-122.4546337,37.6943307],[-122.4536638,37.6946227],[-122.4531059,37.6948944],[-122.4526424,37.6952679],[-122.4520158,37.6960354],[-122.4526338,37.6966466],[-122.454668,37.6962527],[-122.4556121,37.695234],[-122.4558868,37.696341],[-122.4574575,37.6983376],[-122.4571313,37.698358],[-122.4568567,37.6982018],[-122.456685,37.6979438],[-122.4563417,37.6977672],[-122.4560155,37.6976449],[-122.4557752,37.6976653],[-122.4556808,37.698032],[-122.4551572,37.6981543],[-122.4550027,37.6981679],[-122.4547195,37.6980864],[-122.4547023,37.6978419],[-122.4533462,37.6977808],[-122.4532604,37.6980796],[-122.4526853,37.6982494],[-122.4522132,37.698195],[-122.4520416,37.6982765],[-122.4519643,37.6986433],[-122.4520646,37.6987816],[-122.4521274,37.6988674],[-122.4522218,37.6991594],[-122.452651,37.699431],[-122.4523935,37.6996484],[-122.4521961,37.6998317],[-122.4520501,37.7000626],[-122.4522218,37.7007825],[-122.4519214,37.7010881],[-122.451621,37.7014005],[-122.4509086,37.7018215],[-122.449913,37.7024666],[-122.4486683,37.7029006],[-122.4480247,37.7031253],[-122.4475955,37.7030303],[-122.4469532,37.7027876],[-122.4460591,37.7023123],[-122.4459843,37.7022738],[-122.445908,37.7022372],[-122.4458303,37.7022027],[-122.4457513,37.70217],[-122.4456708,37.7021393],[-122.4455894,37.7021107],[-122.4455068,37.7020841],[-122.4454233,37.7020596],[-122.4453387,37.7020372],[-122.4437732,37.701644],[-122.443691,37.7016246],[-122.4436079,37.7016075],[-122.4435243,37.7015927],[-122.44344,37.7015801],[-122.4433552,37.7015699],[-122.44327,37.701562],[-122.4431845,37.7015564],[-122.4430989,37.7015532],[-122.4430131,37.7015524],[-122.4429273,37.7015539],[-122.4428417,37.7015578],[-122.4427712,37.7014317],[-122.4427614,37.7014148],[-122.4427507,37.7013981],[-122.4427394,37.7013818],[-122.4427274,37.7013657],[-122.4427147,37.7013501],[-122.4427014,37.7013347],[-122.4426874,37.7013197],[-122.4426727,37.7013051],[-122.4426575,37.7012909],[-122.4426417,37.7012771],[-122.4426252,37.7012638],[-122.4426082,37.7012509],[-122.4425908,37.7012385],[-122.4425727,37.7012265],[-122.442509,37.7011858],[-122.4418982,37.7007955],[-122.4417778,37.7008079],[-122.4412007,37.7008675],[-122.4406385,37.7009256],[-122.4407019,37.7011142],[-122.4412431,37.7027236],[-122.4412437,37.7027254],[-122.4412442,37.7027273],[-122.4412446,37.7027293],[-122.441245,37.7027312],[-122.4412451,37.7027331],[-122.4412453,37.702735],[-122.4412454,37.7027369],[-122.4412455,37.7027389],[-122.4412453,37.7027408],[-122.4412451,37.7027427],[-122.4412448,37.7027447],[-122.4412446,37.7027466],[-122.4412441,37.7027485],[-122.4412436,37.7027504],[-122.4409638,37.7036958],[-122.4396975,37.703695],[-122.4385116,37.7040643],[-122.4383665,37.7040443],[-122.4380055,37.7039945],[-122.436974,37.7043855],[-122.4361978,37.7042953],[-122.4353163,37.704403],[-122.4345913,37.7043608],[-122.4341245,37.7044622],[-122.4339801,37.7046691],[-122.4339627,37.7046618],[-122.4339449,37.7046549],[-122.433927,37.7046484],[-122.4339087,37.7046425],[-122.4338904,37.704637],[-122.4338717,37.7046321],[-122.4338528,37.7046275],[-122.4338337,37.7046236],[-122.4338145,37.7046201],[-122.4337952,37.7046171],[-122.4337758,37.7046146],[-122.4337562,37.7046127],[-122.4337366,37.7046113],[-122.4337169,37.7046103],[-122.4336973,37.7046099],[-122.4336776,37.70461],[-122.4336624,37.7046101],[-122.4336472,37.7046098],[-122.433632,37.704609],[-122.4336169,37.7046079],[-122.4336018,37.7046063],[-122.4335869,37.7046042],[-122.4335719,37.7046018],[-122.4335572,37.7045991],[-122.4335425,37.7045959],[-122.4335281,37.7045923],[-122.4335136,37.7045883],[-122.4334995,37.7045839],[-122.4334856,37.7045791],[-122.4334718,37.704574],[-122.4334584,37.7045685],[-122.4334451,37.7045626],[-122.4334321,37.7045564],[-122.4334193,37.7045498],[-122.4334069,37.7045428],[-122.4333947,37.7045356],[-122.433383,37.704528],[-122.4333715,37.7045201],[-122.4333603,37.7045118],[-122.4333496,37.7045033],[-122.4333392,37.7044945],[-122.4333292,37.7044855],[-122.4333196,37.7044761],[-122.4333069,37.7044638],[-122.4332937,37.7044517],[-122.43328,37.7044401],[-122.4332659,37.7044289],[-122.4332512,37.704418],[-122.4332361,37.7044075],[-122.4332206,37.7043974],[-122.4332047,37.7043878],[-122.4331883,37.7043786],[-122.4331716,37.7043698],[-122.4331545,37.7043615],[-122.4331371,37.7043537],[-122.4331193,37.7043462],[-122.4331012,37.7043394],[-122.4330829,37.7043329],[-122.4330643,37.704327],[-122.4330454,37.7043216],[-122.4330264,37.7043167],[-122.4330072,37.7043122],[-122.4329877,37.7043084],[-122.4329681,37.704305],[-122.4329485,37.7043022],[-122.4329008,37.7042967],[-122.4328529,37.7042923],[-122.4328049,37.7042893],[-122.4327568,37.7042875],[-122.4327086,37.704287],[-122.4326604,37.7042878],[-122.4326123,37.7042898],[-122.4325644,37.7042931],[-122.4325166,37.7042975],[-122.4324689,37.7043034],[-122.4324416,37.7042907],[-122.4323825,37.7042619],[-122.4319161,37.7040384],[-122.4316202,37.7043029],[-122.4316118,37.7043104],[-122.4317061,37.7046075],[-122.4316713,37.7046347],[-122.4316378,37.7046629],[-122.4316053,37.7046919],[-122.4315741,37.7047219],[-122.4315442,37.7047526],[-122.4315157,37.7047841],[-122.4310677,37.7048769]]],[[[-122.4310677,37.7048769],[-122.4310206,37.7048594],[-122.4309727,37.7048433],[-122.4309242,37.7048284],[-122.4308751,37.7048148],[-122.4308254,37.7048025],[-122.4307751,37.7047916],[-122.4307246,37.7047821],[-122.4306736,37.7047738],[-122.4306223,37.704767],[-122.4305707,37.7047615],[-122.430519,37.7047575],[-122.4304671,37.7047547],[-122.4304151,37.7047535],[-122.4303631,37.7047535],[-122.4303111,37.7047549],[-122.4302591,37.7047578],[-122.4302074,37.7047621],[-122.4301558,37.7047677],[-122.4301046,37.7047747],[-122.4300536,37.7047831],[-122.430003,37.7047928],[-122.429953,37.7048039],[-122.4299034,37.7048163],[-122.4298543,37.70483],[-122.4294394,37.7049523],[-122.4294223,37.7049572],[-122.4294051,37.7049615],[-122.4293876,37.7049653],[-122.42937,37.7049687],[-122.4293521,37.7049716],[-122.4293342,37.7049739],[-122.4293164,37.7049758],[-122.4292982,37.7049772],[-122.4292802,37.7049781],[-122.429262,37.7049786],[-122.4292438,37.7049785],[-122.4292258,37.704978],[-122.4292077,37.7049769],[-122.4291897,37.7049754],[-122.4291716,37.7049733],[-122.4291538,37.7049708],[-122.4291361,37.7049678],[-122.4291185,37.7049643],[-122.4291011,37.7049604],[-122.4290081,37.7049378],[-122.4290064,37.7049374],[-122.4290048,37.7049369],[-122.4290031,37.7049364],[-122.4290015,37.7049358],[-122.4289999,37.7049352],[-122.4289984,37.7049346],[-122.4289968,37.7049338],[-122.4289953,37.7049331],[-122.4289938,37.7049323],[-122.4289924,37.7049314],[-122.428991,37.7049306],[-122.4289896,37.7049297],[-122.4289882,37.7049287],[-122.4289869,37.7049278],[-122.4289857,37.7049268],[-122.4289845,37.7049258],[-122.4289833,37.7049247],[-122.4289822,37.7049235],[-122.4289812,37.7049224],[-122.4289801,37.7049213],[-122.4289792,37.7049201],[-122.4289782,37.7049189],[-122.4289774,37.7049176],[-122.4289767,37.7049164],[-122.4289758,37.7049151],[-122.4289752,37.7049138],[-122.4289745,37.7049125],[-122.428974,37.7049111],[-122.4289735,37.7049098],[-122.428973,37.7049084],[-122.4289726,37.704907],[-122.4289722,37.7049057],[-122.4289719,37.7049042],[-122.4289717,37.7049029],[-122.4289715,37.7049014],[-122.4289715,37.7049],[-122.4289714,37.7048986],[-122.4289715,37.7048972],[-122.4289716,37.7048958],[-122.4289716,37.7048944],[-122.4289719,37.704893],[-122.4289721,37.7048915],[-122.4289725,37.7048902],[-122.4289728,37.7048888],[-122.4289733,37.7048875],[-122.4289737,37.7048861],[-122.4289744,37.7048847],[-122.4289781,37.7048762],[-122.4289863,37.7048568],[-122.4289936,37.7048372],[-122.4290002,37.7048175],[-122.4290058,37.7047975],[-122.4290107,37.7047774],[-122.4290147,37.7047571],[-122.4290178,37.7047368],[-122.4290201,37.7047164],[-122.4290216,37.704696],[-122.4290221,37.7046755],[-122.4290219,37.704655],[-122.4290208,37.7046346],[-122.4290189,37.7046142],[-122.4290161,37.7045939],[-122.4290124,37.7045736],[-122.429008,37.7045535],[-122.4290063,37.7045467]]],[[[-122.4290063,37.7045467],[-122.4289667,37.7043847],[-122.428894,37.704087],[-122.4288784,37.7040284],[-122.4288602,37.7039704],[-122.4288394,37.7039128],[-122.4288161,37.7038558],[-122.4287903,37.7037996],[-122.4287622,37.703744],[-122.4287315,37.7036893],[-122.4285651,37.7034055],[-122.4285531,37.7033859],[-122.4285402,37.7033667],[-122.4285265,37.7033478],[-122.428512,37.7033294],[-122.4284967,37.7033113],[-122.4284806,37.7032938],[-122.4284637,37.7032766],[-122.428446,37.70326],[-122.4284276,37.7032439],[-122.4284085,37.7032283],[-122.4283888,37.7032132],[-122.4279207,37.7028685],[-122.4277531,37.7030122],[-122.427599,37.7031437]]],[[[-122.427599,37.7031437],[-122.4271978,37.7034882],[-122.4270081,37.7032682],[-122.426645,37.7028453],[-122.425522,37.7015656],[-122.424509,37.7004101],[-122.422793,37.700282],[-122.4225459,37.7002221],[-122.4223518,37.6999223],[-122.4218976,37.6995836],[-122.4214605,37.6993825],[-122.4213401,37.6992138],[-122.4216187,37.6991043],[-122.4219869,37.6988728],[-122.422184,37.6985054],[-122.4232469,37.6970284],[-122.423375,37.6968574],[-122.42352,37.6967009],[-122.423655,37.6965693],[-122.4238515,37.6964314],[-122.4239372,37.6963861],[-122.42407,37.6963162],[-122.4243064,37.6962261],[-122.4245561,37.6961627],[-122.4248146,37.6961271],[-122.4250765,37.6961202],[-122.4253991,37.6961616],[-122.4256793,37.696254],[-122.4276463,37.6927228],[-122.424717,37.691833],[-122.4233605,37.6909317],[-122.4218115,37.6899024],[-122.419762,37.6891154],[-122.4239944,37.6857758],[-122.425639,37.6839941],[-122.427194,37.6822935],[-122.426967,37.6812107],[-122.424152,37.6795883],[-122.422006,37.6788809],[-122.41837,37.6788773],[-122.416346,37.681103],[-122.4161915,37.6810725],[-122.415072,37.6821185],[-122.4152925,37.6838819],[-122.415501,37.6855479]]],[[[-122.415501,37.6855479],[-122.4151663,37.6855088],[-122.4147275,37.6854576],[-122.4141174,37.6853863],[-122.413353,37.685297],[-122.411679,37.683227],[-122.4112204,37.6832284],[-122.410652,37.681547],[-122.408335,37.6823406],[-122.408055,37.6822342]]],[[[-122.408055,37.6822342],[-122.408045,37.6802546]]],[[[-122.408045,37.6802546],[-122.4080215,37.6802492],[-122.4079983,37.6778706],[-122.4080002,37.6776274],[-122.408,37.6775807]]]]}},{"type":"Feature","properties":{"property_id":"r13160225","property_name":"Golden Gate National Recreation Area"},"geometry":{"type":"MultiPolygon","coordinates":[[[[-122.3312702,37.4468217],[-122.3314745,37.4464838],[-122.3294619,37.4452469],[-122.3277614,37.4440299],[-122.3270331,37.4434709],[-122.3264967,37.443079],[-122.3261668,37.4428554],[-122.3257484,37.4425275],[-122.325161,37.4421665],[-122.3244763,37.4414174],[-122.3241471,37.4410623],[-122.323814,37.4406047],[-122.3233806,37.4400087],[-122.3230868,37.4393358],[-122.3228583,37.4389539],[-122.3225934,37.4384263],[-122.3215413,37.4367678],[-122.3211088,37.4361124],[-122.3206227,37.4353776],[-122.319987,37.435031],[-122.3194318,37.4349149],[-122.3187545,37.4348446],[-122.3180853,37.4346817],[-122.3176159,37.4344889],[-122.3170392,37.4340672],[-122.3169982,37.4340785],[-122.3167737,37.4342194],[-122.3162443,37.4339017],[-122.3160276,37.4337716],[-122.3159202,37.4337222],[-122.315733,37.4337664],[-122.3153485,37.4339849],[-122.3149378,37.434192],[-122.3146062,37.4342885],[-122.3142917,37.434288],[-122.313893,37.4342032],[-122.3132153,37.4342355],[-122.312883,37.4342752],[-122.3123898,37.4342552],[-122.311521,37.434264],[-122.3114737,37.4344522],[-122.311447,37.4347404],[-122.3113735,37.4347682],[-122.311195,37.4347257],[-122.3109975,37.4346874],[-122.3108386,37.4346673],[-122.310728,37.4345833],[-122.3105583,37.4345385],[-122.3103244,37.4346518],[-122.3100241,37.4347002],[-122.3097469,37.4347194],[-122.3095336,37.4346993],[-122.3093846,37.4347794],[-122.3092432,37.4352264],[-122.3091716,37.4355264],[-122.3089817,37.4358799],[-122.3086788,37.4361185],[-122.308475,37.4362899],[-122.308121,37.4364997],[-122.3080056,37.4367554],[-122.3078754,37.4369167],[-122.3077406,37.4369995],[-122.3076433,37.4371802],[-122.307391,37.4373559],[-122.3070076,37.4377499],[-122.3069687,37.4379575],[-122.3070318,37.438161],[-122.3071632,37.4382632],[-122.3073214,37.4384719],[-122.3073869,37.4387694],[-122.3073116,37.4390459],[-122.307188,37.4391562],[-122.3071715,37.4392406],[-122.3070078,37.439492],[-122.3068253,37.4396922],[-122.3065248,37.4400654],[-122.3060998,37.4403047],[-122.3060207,37.4403971],[-122.3059082,37.4407592],[-122.3059262,37.4411127],[-122.305928,37.4412873],[-122.30586,37.4414917],[-122.3058224,37.4416238],[-122.3056991,37.4418197],[-122.3055846,37.4419493],[-122.3054005,37.442079],[-122.3049035,37.442334],[-122.3047731,37.4424692],[-122.3047932,37.4427258],[-122.3047469,37.4429095],[-122.3046255,37.4430378],[-122.3044221,37.4432721],[-122.3043029,37.4434212],[-122.3041541,37.4434552],[-122.3040732,37.4434722],[-122.3040559,37.443538],[-122.3039409,37.4439922],[-122.3036828,37.4446523],[-122.3036271,37.4447138],[-122.3031279,37.4452664],[-122.3028629,37.4455008],[-122.3025147,37.4456415],[-122.3023483,37.4456809],[-122.3017974,37.4458122],[-122.3006998,37.4459813],[-122.3004233,37.44609],[-122.2997884,37.4460794],[-122.2992067,37.4462252],[-122.2984036,37.4465276],[-122.2983202,37.4465384],[-122.2980867,37.4465688],[-122.2979228,37.4465903],[-122.2976829,37.4465849],[-122.2974226,37.4465624],[-122.2973365,37.4465566],[-122.2971479,37.4465305],[-122.2964107,37.4464016],[-122.2963362,37.4463929],[-122.2962572,37.4463856],[-122.2958737,37.4463623],[-122.2950329,37.4462829],[-122.2948587,37.4462664],[-122.2942272,37.4461064],[-122.2941281,37.4460905],[-122.293756,37.4460313],[-122.2931867,37.4457136],[-122.2926566,37.4453991],[-122.2925341,37.4453263],[-122.2915883,37.4450172],[-122.2896708,37.4436112],[-122.287349,37.4449626],[-122.2874612,37.4451425],[-122.2876087,37.4452022],[-122.2877026,37.4456004],[-122.2878045,37.4457963],[-122.2882712,37.4461668],[-122.2886413,37.4461881],[-122.2888935,37.4463585],[-122.2894836,37.4470314],[-122.2895104,37.4475126],[-122.2896338,37.447798],[-122.2899503,37.4479002],[-122.2903472,37.4478406],[-122.290476,37.448028],[-122.2900276,37.4484301],[-122.2900889,37.448554],[-122.2901702,37.4487552],[-122.2902889,37.4495614],[-122.2906858,37.4503459],[-122.2910482,37.4505409],[-122.2916293,37.4506961],[-122.29221,37.4509111],[-122.2928189,37.4513381],[-122.2929114,37.4514914],[-122.2931153,37.4516394],[-122.2933325,37.4518386],[-122.293582,37.4520823],[-122.2953297,37.4517197],[-122.2958672,37.4521589],[-122.2966583,37.4520917],[-122.2967115,37.4515602],[-122.297101,37.4517118],[-122.2975195,37.4520184],[-122.2979593,37.4524528],[-122.2982222,37.4526359],[-122.2984743,37.4528105],[-122.2988123,37.4528446],[-122.298874,37.4527487],[-122.2988981,37.4526806],[-122.2989357,37.4523846],[-122.2993675,37.4526274],[-122.2997189,37.4528105],[-122.300148,37.4530234],[-122.3006094,37.453313],[-122.301186,37.4537729],[-122.3016608,37.4538261],[-122.3019102,37.453873],[-122.3021275,37.4538049],[-122.3022053,37.4536643],[-122.3024869,37.45356],[-122.3025835,37.4536473],[-122.3026934,37.4537708],[-122.3028383,37.4538027],[-122.303018,37.4537176],[-122.3032379,37.4538325],[-122.3033398,37.4540753],[-122.3036027,37.4542328],[-122.3038495,37.4542839],[-122.3040426,37.4542754],[-122.304107,37.4542882],[-122.3041284,37.4543414],[-122.3040104,37.4545139],[-122.3041177,37.4545841],[-122.3042652,37.4545841],[-122.3043644,37.454631],[-122.3044127,37.4547566],[-122.3044825,37.4548056],[-122.3046702,37.4548503],[-122.304917,37.4549163],[-122.3050886,37.4549738],[-122.3052549,37.4549589],[-122.3053515,37.4549908],[-122.3055473,37.4549674],[-122.3056626,37.4550675],[-122.3058021,37.45534],[-122.3057699,37.4557233],[-122.3057485,37.4558255],[-122.3060489,37.4560043],[-122.3062078,37.4560139],[-122.3064138,37.4557414],[-122.3066026,37.455571],[-122.3070232,37.4553939],[-122.3072463,37.4553666],[-122.307624,37.4553666],[-122.3080102,37.4553666],[-122.3085853,37.4552985],[-122.3088892,37.4553059],[-122.3091432,37.4553121],[-122.3096152,37.4552985],[-122.3097771,37.4552165],[-122.3098898,37.4550377],[-122.3098576,37.4548375],[-122.3100132,37.4547226],[-122.3103619,37.4546033],[-122.3105711,37.4546033],[-122.3107052,37.4547524],[-122.3109305,37.4547992],[-122.3112094,37.4548503],[-122.3114187,37.4549312],[-122.3118049,37.4550292],[-122.3121375,37.4550973],[-122.3124647,37.4550888],[-122.31269,37.4550249],[-122.312851,37.4550547],[-122.3130173,37.4550419],[-122.3132801,37.4551356],[-122.3135322,37.4552038],[-122.3138005,37.4551612],[-122.3140472,37.4551527],[-122.314353,37.4551399],[-122.3146266,37.4551399],[-122.3148519,37.4552165],[-122.3149645,37.4552932],[-122.3151308,37.4554167],[-122.3153132,37.4553698],[-122.315442,37.4552719],[-122.3157048,37.4552676],[-122.3159623,37.4551995],[-122.3162252,37.4550803],[-122.3163915,37.4550505],[-122.3165524,37.4551399],[-122.3165953,37.4552506],[-122.3167777,37.4553954],[-122.316885,37.4555189],[-122.3170443,37.4556286],[-122.3174826,37.4554625],[-122.3175609,37.45534],[-122.3175716,37.4551697],[-122.3175341,37.4549397],[-122.3175609,37.4547651],[-122.3177326,37.4546714],[-122.3179525,37.4545778],[-122.3182797,37.4545224],[-122.3185533,37.4545224],[-122.3187465,37.4546502],[-122.3189127,37.4548248],[-122.3190308,37.454927],[-122.3191508,37.4549658],[-122.3192343,37.4549689],[-122.3194798,37.4549046],[-122.3205848,37.4546832],[-122.3222891,37.4541935],[-122.3230846,37.4539422],[-122.3235766,37.4536654],[-122.3240234,37.4533816],[-122.3241357,37.4532638],[-122.324135,37.4531788],[-122.3240384,37.4530341],[-122.3238856,37.4528807],[-122.3238078,37.4527551],[-122.323797,37.4526252],[-122.3237193,37.4524975],[-122.3235744,37.4523144],[-122.3235691,37.4521994],[-122.3236764,37.4521121],[-122.3238373,37.4520716],[-122.3239955,37.4520972],[-122.3241752,37.4521568],[-122.3243523,37.4522718],[-122.3244381,37.4523718],[-122.3245293,37.4524123],[-122.3246795,37.4524804],[-122.3247224,37.4525741],[-122.3247117,37.4527083],[-122.3247546,37.4527871],[-122.3249203,37.4528205],[-122.3251031,37.4527139],[-122.3250336,37.4524953],[-122.3248351,37.452342],[-122.324701,37.4521674],[-122.3249745,37.4520823],[-122.3252213,37.4521334],[-122.3255271,37.452078],[-122.3257738,37.4519673],[-122.3256666,37.4517842],[-122.3255056,37.451682],[-122.3250657,37.4516308],[-122.3246473,37.4515329],[-122.324481,37.451337],[-122.3246741,37.4511539],[-122.3248994,37.4510304],[-122.3252159,37.4508473],[-122.3255432,37.450613],[-122.3257309,37.4504256],[-122.3259777,37.4503064],[-122.3262996,37.450251],[-122.3265249,37.4502042],[-122.3269486,37.4503788],[-122.3270077,37.4505619],[-122.3271149,37.4507365],[-122.3273542,37.4508249],[-122.3274507,37.4505779],[-122.3277619,37.4502117],[-122.3282436,37.4499178],[-122.3284807,37.4495984],[-122.3285451,37.4492662],[-122.3284163,37.4488829],[-122.3284163,37.448653],[-122.3285344,37.4481164],[-122.3287704,37.4477501],[-122.329103,37.4474946],[-122.3297135,37.4472348],[-122.3302188,37.4471368],[-122.3308303,37.4470176],[-122.3312702,37.4468217]]],[[[-122.4571888,37.6064753],[-122.4571542,37.6039133],[-122.4531845,37.6013293],[-122.4523852,37.6023161],[-122.4518756,37.6018733],[-122.4519829,37.6012953],[-122.4515054,37.6010581],[-122.4512748,37.6010233],[-122.4509529,37.6012103],[-122.4503735,37.6009213],[-122.4511031,37.6001222],[-122.4521331,37.5988812],[-122.4515323,37.5983201],[-122.45069,37.5977939],[-122.4500302,37.5974021],[-122.4493436,37.59713],[-122.4487589,37.5968249],[-122.4483565,37.596688],[-122.4479059,37.596671],[-122.4476484,37.596671],[-122.4473266,37.596654],[-122.4468116,37.596535],[-122.4464843,37.5962638],[-122.4461839,37.5959748],[-122.4456743,37.5957529],[-122.4451754,37.5954477],[-122.4446443,37.5952769],[-122.4441937,37.5950048],[-122.4438236,37.5947847],[-122.443422,37.594396],[-122.444809,37.593691],[-122.447285,37.592436],[-122.448983,37.591603],[-122.45042,37.590898],[-122.450577,37.590822],[-122.4523298,37.5899627],[-122.4572711,37.5935109],[-122.4561263,37.5955506],[-122.4583976,37.5967909],[-122.45908,37.5962868],[-122.465322,37.6006781],[-122.4739678,37.6032101],[-122.4761665,37.5982458],[-122.4768934,37.5983836],[-122.4773959,37.5986179],[-122.4775501,37.5991049],[-122.4779264,37.5990684],[-122.4782752,37.5987576],[-122.4780435,37.5981252],[-122.4776573,37.5977579],[-122.4783527,37.5976039],[-122.4787934,37.5975308],[-122.4793052,37.5972819],[-122.4796571,37.5974859],[-122.4801073,37.5976794],[-122.4808374,37.5976577],[-122.4808844,37.5979311],[-122.480234,37.5981747],[-122.4802574,37.5983726],[-122.4791529,37.5985293],[-122.4788367,37.5986936],[-122.4786653,37.5989467],[-122.478616,37.5992686],[-122.4793824,37.599517],[-122.4789122,37.6004622],[-122.4840598,37.6038086],[-122.4840848,37.606578],[-122.4841128,37.6096754],[-122.483615,37.6096618],[-122.48304,37.610165],[-122.4827825,37.6108721],[-122.4826966,37.6112393],[-122.4823749,37.6126954],[-122.481495,37.6125311],[-122.4808942,37.612198],[-122.4799329,37.6123271],[-122.4784494,37.6117877],[-122.4782935,37.6112869],[-122.4784995,37.6108653],[-122.4789599,37.6108081],[-122.4790574,37.6100562],[-122.4792205,37.6092063],[-122.4792806,37.6086759],[-122.4782592,37.6085195],[-122.4775983,37.6084515],[-122.4772378,37.6102398],[-122.47674,37.610199],[-122.476431,37.6116404],[-122.4761477,37.6116608],[-122.4741651,37.6112461],[-122.4739679,37.6109653],[-122.4734857,37.6097925],[-122.4740927,37.6089431],[-122.4729205,37.6087235],[-122.4726974,37.6091927],[-122.4725686,37.6092879],[-122.4714356,37.6089479],[-122.4692896,37.6077432],[-122.4689505,37.6084699],[-122.471215,37.6097457],[-122.4706457,37.6140615],[-122.4718066,37.614084],[-122.472255,37.6147592],[-122.4738697,37.6147754],[-122.4744061,37.6152173],[-122.4759672,37.6151841],[-122.4765426,37.6141697],[-122.4773545,37.6141894],[-122.479066,37.6142309],[-122.4791483,37.6154382],[-122.4804143,37.6155572],[-122.4805806,37.6165269],[-122.4819378,37.6165601],[-122.4821094,37.6156932],[-122.4826641,37.615806],[-122.4830785,37.615887],[-122.483531,37.6156994],[-122.483974,37.6154274],[-122.4853414,37.6159281],[-122.4854511,37.6159494],[-122.4854324,37.6159979],[-122.4853724,37.6162018],[-122.4853123,37.6164602],[-122.4852951,37.6165689],[-122.4852694,37.6168001],[-122.4852522,37.6170925],[-122.485235,37.6180035],[-122.4852264,37.618187],[-122.4852007,37.6184003],[-122.4851664,37.6185678],[-122.4851149,37.6188465],[-122.4850634,37.6191456],[-122.485029,37.6193972],[-122.4850117,37.6195622],[-122.4848804,37.6195489],[-122.4844427,37.6194918],[-122.4844342,37.6192946],[-122.4835501,37.6193082],[-122.4836003,37.6184316],[-122.4826918,37.6184312],[-122.4826385,37.6193649],[-122.4824696,37.6195519],[-122.4825052,37.6196917],[-122.4815789,37.6196894],[-122.4810305,37.6201711],[-122.4807076,37.620648],[-122.4806125,37.6210158],[-122.480493,37.621061],[-122.4804088,37.6215221],[-122.464256,37.6212091],[-122.464376,37.621362],[-122.467604,37.625475],[-122.46868,37.626846],[-122.46741,37.626848],[-122.4674162,37.627192],[-122.4668882,37.6277106],[-122.4648073,37.6283575],[-122.4648388,37.6284576],[-122.4641831,37.6286836],[-122.4640229,37.6285303],[-122.4636285,37.6285496],[-122.4634849,37.6284743],[-122.4635518,37.628361],[-122.4629616,37.6280041],[-122.4620164,37.6274307],[-122.4623436,37.6265746],[-122.4623601,37.621144],[-122.462365,37.619598],[-122.4582629,37.6192238],[-122.4582453,37.6150414],[-122.4573044,37.6150473],[-122.4572799,37.6132272],[-122.4571909,37.6066304],[-122.4570206,37.6066623],[-122.4568758,37.6068025],[-122.4568105,37.6068584],[-122.4566576,37.6070412],[-122.4566371,37.6071106],[-122.4566237,37.6072041],[-122.4566183,37.6073593],[-122.4565771,37.6074725],[-122.4565154,37.6075894],[-122.456435,37.6077381],[-122.4563903,37.6078182],[-122.4563787,37.6078847],[-122.4563742,37.6079372],[-122.4563894,37.6080483],[-122.4564055,37.6081546],[-122.4563984,37.6082326],[-122.4563787,37.6083076],[-122.4563947,37.6083756],[-122.4564672,37.6084521],[-122.456502,37.6085434],[-122.4565181,37.6086667],[-122.4565047,37.6087495],[-122.4565101,37.6088027],[-122.4565423,37.6089238],[-122.4565378,37.6090464],[-122.4565047,37.6091448],[-122.4564564,37.6092298],[-122.4563876,37.6093099],[-122.4563072,37.6094012],[-122.4562643,37.6094798],[-122.4562526,37.6095549],[-122.4562526,37.6096207],[-122.456266,37.6096972],[-122.4562955,37.6097652],[-122.4563143,37.6098226],[-122.4563501,37.6098963],[-122.4563894,37.6100117],[-122.4564082,37.6101009],[-122.4564118,37.6101555],[-122.4564145,37.6102193],[-122.4563867,37.6102752],[-122.456326,37.6103021],[-122.4562231,37.6103198],[-122.456106,37.6103383],[-122.4557162,37.6103793],[-122.4555472,37.6103665],[-122.4553862,37.6103474],[-122.4552414,37.6103283],[-122.4551261,37.610341],[-122.4550215,37.6103623],[-122.4548257,37.6104473],[-122.4545772,37.610572],[-122.4544135,37.6106952],[-122.4542222,37.6108531],[-122.4540934,37.6110401],[-122.4539522,37.6111478],[-122.4538359,37.6112101],[-122.4537099,37.6112164],[-122.4535811,37.6112143],[-122.4534068,37.6111399],[-122.4533022,37.6110146],[-122.4532029,37.6108085],[-122.4529213,37.610205],[-122.4527389,37.6098884],[-122.4525726,37.6096377],[-122.4524492,37.6095209],[-122.4522802,37.6094465],[-122.4520201,37.6093657],[-122.4518323,37.609353],[-122.4515731,37.6093715],[-122.4512834,37.6094395],[-122.4510867,37.609523],[-122.4509428,37.6096668],[-122.4508131,37.6098311],[-122.4507675,37.6100202],[-122.4507487,37.6101625],[-122.4507514,37.610307],[-122.4508184,37.6104281],[-122.450923,37.6105301],[-122.4510464,37.6105726],[-122.4515319,37.6107426],[-122.4516338,37.6107851],[-122.4516955,37.6108637],[-122.4517197,37.6109381],[-122.4517045,37.6110055],[-122.4515784,37.6111797],[-122.4514738,37.6113518],[-122.4514175,37.6114644],[-122.4513612,37.611509],[-122.4511573,37.6115664],[-122.4508918,37.611662],[-122.450687,37.6117391],[-122.4505672,37.611781],[-122.4504295,37.61189],[-122.4503312,37.6120317],[-122.4501998,37.6121379],[-122.4500862,37.6122406],[-122.4500379,37.6123447],[-122.4500067,37.6124885],[-122.4499691,37.6126054],[-122.4499816,37.6126952],[-122.4500111,37.6128035],[-122.4500621,37.6128821],[-122.4501398,37.6129289],[-122.4503276,37.6129926],[-122.4504483,37.6130649],[-122.4505046,37.613118],[-122.4505583,37.6131966],[-122.450577,37.6133496],[-122.4505824,37.6136789],[-122.4506173,37.6138914],[-122.4506736,37.614004],[-122.450805,37.6140953],[-122.4510464,37.6142228],[-122.4511966,37.6142951],[-122.4513388,37.6142887],[-122.4516446,37.6142207],[-122.4518296,37.6141251],[-122.4520227,37.6140316],[-122.4521488,37.6139509],[-122.4522937,37.6139254],[-122.4524492,37.6139381],[-122.4525726,37.6139806],[-122.452645,37.6140507],[-122.4527121,37.6141527],[-122.4527443,37.6142356],[-122.4527452,37.6143583],[-122.4525628,37.6145389],[-122.4524099,37.6147577],[-122.4522856,37.6149176],[-122.4521176,37.6150955],[-122.452012,37.6153085],[-122.4519745,37.6154742],[-122.4519942,37.6156033],[-122.4520657,37.6156973],[-122.4522239,37.6158248],[-122.452291,37.6159374],[-122.4523607,37.6161669],[-122.4524707,37.6166407],[-122.4526021,37.617055],[-122.4527979,37.6176605],[-122.4528864,37.6179133],[-122.4529964,37.6181045],[-122.4531922,37.6183255],[-122.4534765,37.6185953],[-122.4537152,37.6188481],[-122.4540434,37.6191728],[-122.4539661,37.6192248],[-122.4538669,37.6192785],[-122.4535409,37.6189182],[-122.4532378,37.6185868],[-122.4530125,37.6183361],[-122.4528301,37.618147],[-122.4527496,37.6179855],[-122.4526745,37.6177986],[-122.452586,37.6174948],[-122.4524144,37.61697],[-122.4522534,37.6164601],[-122.4521461,37.6160521],[-122.4520871,37.6159183],[-122.4519772,37.6158397],[-122.4518752,37.6157781],[-122.4518323,37.6157016],[-122.4517733,37.6155274],[-122.451784,37.615436],[-122.4517974,37.6153085],[-122.4518699,37.6151768],[-122.4519959,37.6149261],[-122.4521595,37.6147157],[-122.4523366,37.614499],[-122.4524197,37.6143949],[-122.4525082,37.6143206],[-122.4525082,37.6142228],[-122.4524546,37.6141506],[-122.4523339,37.614106],[-122.4521971,37.6141739],[-122.4519888,37.6143009],[-122.4516428,37.6144199],[-122.4513307,37.6144757],[-122.4510732,37.6144693],[-122.4508158,37.6143673],[-122.4506065,37.6142207],[-122.4504429,37.6140783],[-122.4503973,37.6139254],[-122.4503598,37.6137129],[-122.4503598,37.6135365],[-122.4503625,37.6133241],[-122.4503491,37.6132561],[-122.4502471,37.6131945],[-122.4499119,37.6130521],[-122.4498207,37.6129905],[-122.4497563,37.6129204],[-122.4497187,37.612829],[-122.449716,37.6126527],[-122.4497295,37.6124807],[-122.4498367,37.6122066],[-122.4500808,37.611958],[-122.4502149,37.6118475],[-122.4503839,37.6117073],[-122.4505314,37.6116265],[-122.4506924,37.6115861],[-122.4508158,37.61155],[-122.4509713,37.6114884],[-122.4511457,37.6114183],[-122.451269,37.6113609],[-122.4513415,37.6112292],[-122.4514273,37.611072],[-122.4515104,37.6109551],[-122.4514809,37.6109126],[-122.4514273,37.6108765],[-122.4508935,37.6107022],[-122.4506602,37.6105641],[-122.4505717,37.6104069],[-122.4505475,37.6101859],[-122.4505583,37.6099543],[-122.4506468,37.6097333],[-122.4507541,37.6095527],[-122.4509472,37.6093827],[-122.4512744,37.6092659],[-122.4516285,37.6091979],[-122.4519718,37.6091915],[-122.4522641,37.6092531],[-122.4525404,37.6093594],[-122.4527443,37.609523],[-122.4529025,37.6097503],[-122.4533639,37.6106151],[-122.4535033,37.6109232],[-122.4535623,37.6109976],[-122.4536589,37.6110401],[-122.4537581,37.6110273],[-122.4538279,37.6109891],[-122.4540585,37.6107022],[-122.4544072,37.6104366],[-122.4547559,37.6102603],[-122.4550349,37.610171],[-122.4551797,37.610154],[-122.4552977,37.6101562],[-122.4554238,37.6101795],[-122.4555445,37.6102178],[-122.4556813,37.6102199],[-122.4559227,37.610205],[-122.4561078,37.6101923],[-122.456207,37.6101668],[-122.4562311,37.6101264],[-122.4562177,37.6100563],[-122.4561185,37.6098863],[-122.4560595,37.6096568],[-122.45603,37.6095549],[-122.4561131,37.6093806],[-122.4562258,37.6092616],[-122.4563465,37.6091108],[-122.4563974,37.6090109],[-122.4563599,37.6088707],[-122.4563572,37.6087559],[-122.4563626,37.6086731],[-122.4563357,37.6085583],[-122.4562633,37.6084478],[-122.4562392,37.6083607],[-122.4562392,37.6082715],[-122.4562606,37.608195],[-122.4562633,37.6081206],[-122.4562124,37.6079761],[-122.4562124,37.6078507],[-122.4562445,37.6077487],[-122.4563062,37.607617],[-122.4563787,37.607498],[-122.4564538,37.6073408],[-122.4564564,37.6072303],[-122.4564591,37.6070815],[-122.4564699,37.6070199],[-122.4565315,37.6069222],[-122.456722,37.6067054],[-122.4568802,37.6065822],[-122.457017,37.6065099],[-122.4571888,37.6064753]]],[[[-122.4699996,37.6400171],[-122.4689452,37.6384832],[-122.469664,37.6380669],[-122.4701146,37.6372342],[-122.4703077,37.6367075],[-122.470533,37.6363846],[-122.4708227,37.6360703],[-122.4714809,37.6354675],[-122.4716381,37.6353226],[-122.4713207,37.6346277],[-122.471457,37.6345688],[-122.4716089,37.6344948],[-122.4717521,37.6344126],[-122.472137,37.6341558],[-122.4722191,37.6340913],[-122.4726049,37.6339034],[-122.4728867,37.6338236],[-122.473044,37.6338045],[-122.4731824,37.6337971],[-122.473353,37.6337997],[-122.4746062,37.6339233],[-122.4748023,37.6339381],[-122.4749933,37.6339417],[-122.4751814,37.6339284],[-122.4753542,37.633909],[-122.475551,37.6338704],[-122.4757342,37.6338176],[-122.4764006,37.6335993],[-122.4765653,37.6335372],[-122.4766998,37.6334763],[-122.4768428,37.633394],[-122.4778284,37.6348211],[-122.4787296,37.6355348],[-122.4796255,37.6362952],[-122.4810953,37.6380114],[-122.4813354,37.6385855],[-122.4826295,37.6396299],[-122.4840444,37.6394776],[-122.483754,37.6403423],[-122.4822577,37.6447971],[-122.4821584,37.6447791],[-122.4819579,37.6447681],[-122.4815779,37.6448286],[-122.4812255,37.6448013],[-122.4808385,37.6448014],[-122.4800716,37.6448566],[-122.4799748,37.6448457],[-122.4795463,37.6446536],[-122.4788413,37.6443571],[-122.4783645,37.6441925],[-122.4780948,37.6439947],[-122.4777354,37.643808],[-122.4773899,37.6436873],[-122.4768923,37.643572],[-122.4757934,37.6431438],[-122.4754617,37.6429405],[-122.4747775,37.6426825],[-122.4741072,37.6422926],[-122.4738861,37.6421938],[-122.4732848,37.6419907],[-122.4729738,37.6418149],[-122.4726351,37.6416722],[-122.4723932,37.6414964],[-122.4722965,37.6413756],[-122.4721798,37.6411285],[-122.4707535,37.6411139]]],[[[-122.4707535,37.6411139],[-122.4727899,37.6440057],[-122.4721209,37.643869],[-122.4717883,37.6435207],[-122.471445,37.6431978],[-122.4711162,37.6431137],[-122.4705046,37.6430288],[-122.4700433,37.6427654],[-122.4697,37.6427399],[-122.4692027,37.6426456],[-122.4687735,37.6424927],[-122.4686126,37.6420764],[-122.4678938,37.6415922],[-122.4676684,37.6414902],[-122.4675612,37.6412778],[-122.4699996,37.6400171]]],[[[-122.5039031,37.7117576],[-122.5040528,37.7122852],[-122.5042435,37.7134825],[-122.5043998,37.7140735],[-122.5047875,37.7151795],[-122.5052679,37.7166865],[-122.5056327,37.717596],[-122.505754,37.7180314],[-122.5062922,37.7196379],[-122.5063961,37.7203234],[-122.5064141,37.7206097],[-122.5065877,37.7216852],[-122.5070212,37.7235595],[-122.5072469,37.7248357],[-122.5073341,37.7257915],[-122.5074028,37.7269455],[-122.5073996,37.7272602],[-122.5064011,37.7272612],[-122.5062567,37.7272578],[-122.5061975,37.7271565],[-122.506132,37.7270552],[-122.5060378,37.7269235],[-122.5059388,37.726795],[-122.5058418,37.7266797],[-122.5057421,37.72657],[-122.505625,37.7264566],[-122.5054927,37.7263477],[-122.5053427,37.7262396],[-122.5052029,37.7261418],[-122.5050547,37.7260466],[-122.5048377,37.725913],[-122.5042187,37.7255565],[-122.5038454,37.7253378],[-122.5035981,37.7251751],[-122.5035367,37.7251333],[-122.5034977,37.7251029],[-122.5034603,37.725067],[-122.5034261,37.7250261],[-122.5033981,37.724983],[-122.5033751,37.7249378],[-122.5033574,37.7248906],[-122.5033462,37.724837],[-122.5033151,37.7246721],[-122.503284,37.7245205],[-122.5032544,37.7244027],[-122.503225,37.724284],[-122.503186,37.7241526],[-122.5031484,37.72403],[-122.5030972,37.7238798],[-122.5030453,37.7237473],[-122.5029891,37.7236167],[-122.5029297,37.7234876],[-122.502864,37.7233638],[-122.5027919,37.7232394],[-122.5027118,37.7231102],[-122.5026182,37.7229745],[-122.502524,37.7228509],[-122.5024313,37.7227381],[-122.5023315,37.7226247],[-122.5016644,37.7218925],[-122.5015536,37.7217686],[-122.5014565,37.7216563],[-122.5013677,37.7215501],[-122.5012781,37.7214393],[-122.5011982,37.7213369],[-122.501112,37.72122],[-122.5010304,37.7211064],[-122.5009554,37.7209968],[-122.5008807,37.7208821],[-122.5008157,37.7207733],[-122.5007565,37.7206594],[-122.5007054,37.7205505],[-122.5006594,37.7204354],[-122.5006161,37.7203012],[-122.5005833,37.7201878],[-122.5005567,37.7200671],[-122.5005404,37.7199534],[-122.5005286,37.7198263],[-122.5004537,37.7185694],[-122.5004422,37.7184239],[-122.5004214,37.7182868],[-122.5004108,37.7182258],[-122.5003965,37.7181379],[-122.5003619,37.7179972],[-122.5003239,37.7178539],[-122.5002741,37.7177167],[-122.5002077,37.7175674],[-122.5001457,37.7174392],[-122.5000729,37.7173104],[-122.4999889,37.7171829],[-122.4999006,37.7170654],[-122.4991188,37.7160386],[-122.4990378,37.715929],[-122.4989635,37.7158233],[-122.4988967,37.7157137],[-122.4988347,37.7155973],[-122.4987785,37.7154823],[-122.4987293,37.7153715],[-122.4986871,37.7152613],[-122.4986516,37.7151492],[-122.4986203,37.7150299],[-122.4985927,37.714903],[-122.4985713,37.7147736],[-122.4985552,37.7146095],[-122.4985415,37.7144082],[-122.4985023,37.713837],[-122.498371,37.7119008],[-122.5011898,37.7117574],[-122.5039031,37.7117576]]],[[[-122.4854779,37.6161961],[-122.4854349,37.6163865],[-122.4854006,37.61657],[-122.4853749,37.6168012],[-122.4853577,37.6170935],[-122.4853405,37.6179978],[-122.4853395,37.6181165],[-122.4853368,37.6181505],[-122.4853195,37.6183834]]],[[[-122.4854856,37.6183823],[-122.4853195,37.6183834]]],[[[-122.4857842,37.6185293],[-122.4857013,37.6184734],[-122.4856437,37.6184417],[-122.4854856,37.6183823]]],[[[-122.496613,37.6217645],[-122.4953719,37.6215307],[-122.4950865,37.6214662],[-122.493318,37.6210663],[-122.4934016,37.6217947],[-122.4915139,37.621748],[-122.4915199,37.6216689],[-122.4915226,37.621621],[-122.4915944,37.6206793],[-122.4916174,37.6199987],[-122.4905654,37.6198457],[-122.4899295,37.6197492],[-122.488329,37.6194243],[-122.4875171,37.6194418],[-122.4865416,37.619304],[-122.4864261,37.6192849],[-122.4863615,37.6192574],[-122.486407,37.6192122],[-122.4864044,37.6191622],[-122.4863615,37.619101],[-122.4859397,37.6186836],[-122.4857842,37.6185293]]],[[[-122.496613,37.6217645],[-122.4967592,37.6215008],[-122.496837,37.6213669],[-122.4969371,37.6211951],[-122.4971797,37.6210294],[-122.4972667,37.6210299],[-122.497336,37.6210639],[-122.4975101,37.6210736],[-122.4975795,37.6209703],[-122.4977526,37.620926],[-122.4978743,37.6208477],[-122.4979091,37.6208387],[-122.4979959,37.6208639],[-122.498083,37.6208644],[-122.498187,37.6207859],[-122.4983603,37.6206132],[-122.4985518,37.6205531],[-122.4987597,37.6204053],[-122.4988639,37.6203877],[-122.4989336,37.6203452],[-122.4989857,37.6202755],[-122.4990205,37.6201788],[-122.4989858,37.6197551],[-122.4989332,37.619667],[-122.4988465,37.6195967],[-122.4987596,37.6195715],[-122.4983435,37.6196419],[-122.4981869,37.6196413],[-122.4980825,37.6195642],[-122.4980308,37.6194851],[-122.4980308,37.6193634],[-122.4979436,37.6192684],[-122.4978568,37.6192342],[-122.4977532,37.6192495],[-122.4976834,37.6192245],[-122.497458,37.6190162],[-122.4973534,37.6187904],[-122.497319,37.6180444],[-122.4974062,37.6176009],[-122.4973537,37.6173055],[-122.497354,37.61715],[-122.4973018,37.6168974],[-122.4973189,37.6168028],[-122.4973714,37.6165687],[-122.4974755,37.6164723],[-122.4976319,37.6163783]]],[[[-122.4976319,37.6163783],[-122.4960227,37.6163523],[-122.4914523,37.6162783],[-122.4866534,37.6162201],[-122.4854779,37.6161961]]],[[[-122.4293014,37.8078969],[-122.4298406,37.8078249],[-122.430117,37.8091938],[-122.430141,37.8092192],[-122.4301758,37.809232],[-122.4306063,37.80918],[-122.4306425,37.809161],[-122.4306546,37.8091292],[-122.430318,37.8074572],[-122.430377,37.8073947],[-122.4309255,37.8073269],[-122.4309939,37.8073703],[-122.431335,37.8090582],[-122.4313654,37.8090751],[-122.4313949,37.8090857],[-122.4316913,37.8090444],[-122.4317342,37.8090264],[-122.4317476,37.8089893],[-122.4314016,37.8073152],[-122.4314539,37.807258],[-122.4320078,37.807187],[-122.4320829,37.8072304],[-122.4323498,37.8085464],[-122.4326287,37.8085093],[-122.4325217,37.8079662],[-122.4323551,37.8071203],[-122.4323327,37.8069626],[-122.4321276,37.8059729],[-122.4321133,37.8059086],[-122.4321115,37.8058993],[-122.4320376,37.8055685],[-122.431992,37.8053206],[-122.4319751,37.8052402],[-122.4319653,37.805192],[-122.4319476,37.8050159],[-122.4317736,37.8041598],[-122.4316431,37.8035144],[-122.4315554,37.8034374],[-122.4315044,37.8034292],[-122.4301842,37.8035952],[-122.4301748,37.8035964],[-122.4299817,37.8036219],[-122.4285717,37.8038093],[-122.4253643,37.8042355],[-122.42537,37.8042605],[-122.4255532,37.8051403],[-122.4257246,37.8059905],[-122.4258424,37.8065723],[-122.4259724,37.8067127],[-122.4260756,37.8068271],[-122.4262251,37.8067754],[-122.4262598,37.8068442],[-122.4263549,37.8068851],[-122.4264132,37.8069162],[-122.4265023,37.8069718],[-122.4265853,37.8070505],[-122.4266305,37.807117],[-122.4266506,37.8071593],[-122.4266674,37.8072226],[-122.4266613,37.8074112],[-122.4266645,37.8075502],[-122.4266925,37.8076881],[-122.4267315,37.8077769],[-122.4267785,37.8078649],[-122.4268481,37.8079794],[-122.4267148,37.8080352],[-122.4267388,37.8081526],[-122.4268689,37.8081244],[-122.4270283,37.8081142],[-122.4270648,37.8081125],[-122.4274435,37.8081592],[-122.4276586,37.8082286],[-122.4278919,37.8082392],[-122.428077,37.8083123],[-122.4281535,37.8083172],[-122.4283338,37.8082561],[-122.4285397,37.808201],[-122.4287543,37.808107],[-122.429001,37.8079827],[-122.4290506,37.8079743],[-122.4290989,37.8079944],[-122.4291807,37.8080135],[-122.4292411,37.8080114],[-122.4292773,37.80797],[-122.4293014,37.8078969]]],[[[-122.5916012,37.8723189],[-122.5914555,37.8724076],[-122.5910187,37.8728672],[-122.5840602,37.8735224],[-122.5837631,37.8731792],[-122.5829259,37.8737836],[-122.5827786,37.8734373],[-122.5827694,37.8734146],[-122.5826929,37.8730748],[-122.5826237,37.8728807],[-122.5825058,37.87268],[-122.5823402,37.872474],[-122.5821236,37.8722325],[-122.5818961,37.8719978],[-122.5818318,37.8718991],[-122.5817593,37.8717537],[-122.581625,37.871351],[-122.5815776,37.871209],[-122.5814965,37.870999],[-122.5814592,37.8708462],[-122.5814481,37.870757],[-122.5814466,37.8706515],[-122.581451,37.8705295],[-122.5814861,37.8702122],[-122.5814865,37.8700486],[-122.5814651,37.8699139],[-122.5814206,37.8697947],[-122.5813556,37.8697133],[-122.5812643,37.8696459],[-122.5811217,37.8695765],[-122.5809072,37.8694738],[-122.5807182,37.8693699],[-122.5797934,37.8689001],[-122.5796205,37.8688025],[-122.5778295,37.867457],[-122.5777135,37.8673716],[-122.5776096,37.8672973],[-122.5774773,37.8672049],[-122.5761276,37.8685951],[-122.5758494,37.8684393],[-122.5724095,37.8719531],[-122.570525,37.8726011],[-122.5690298,37.8733191],[-122.5674288,37.8733815],[-122.5640127,37.8720101],[-122.5639078,37.8718368],[-122.5635637,37.8717192],[-122.5635837,37.8716736],[-122.5635791,37.8716262],[-122.5635627,37.8715858],[-122.5635266,37.8715408],[-122.5634735,37.871496],[-122.5633993,37.8714377],[-122.5633399,37.8713838],[-122.5632846,37.8713215],[-122.5632333,37.8712392],[-122.563187,37.8711531],[-122.5631451,37.871064],[-122.5631103,37.8709732],[-122.563082,37.8708874],[-122.5630644,37.8708095],[-122.5630544,37.8707261],[-122.5630629,37.8706527],[-122.5630855,37.870589],[-122.563121,37.8705167],[-122.563175,37.8704261],[-122.5632377,37.8703419],[-122.5633131,37.8702572],[-122.5635126,37.8700663],[-122.5636113,37.8699607],[-122.5636572,37.869899],[-122.56368,37.869856],[-122.5636943,37.8698186],[-122.5637044,37.8697701],[-122.5637324,37.8695827],[-122.5637484,37.8695121],[-122.5637772,37.8694314],[-122.5638125,37.8693639],[-122.5638559,37.8693038],[-122.5639235,37.8692317],[-122.5640713,37.869115],[-122.5641418,37.8690724],[-122.5642259,37.8690294],[-122.5642963,37.8690063],[-122.5643756,37.8689921],[-122.5644665,37.8689888],[-122.5645525,37.8689983],[-122.5647252,37.869037],[-122.5648116,37.8690522],[-122.564876,37.8690565],[-122.5649443,37.8690468],[-122.5650022,37.8690227],[-122.5650494,37.8689917],[-122.5650785,37.8689513],[-122.5650949,37.8689021],[-122.5650948,37.8688398],[-122.5650719,37.8686672],[-122.5650606,37.8686163],[-122.5650367,37.868559],[-122.5650007,37.8685057],[-122.5649441,37.8684565],[-122.5648122,37.8683739],[-122.5647453,37.8683245],[-122.5647123,37.8682873],[-122.5646934,37.8682525],[-122.564685,37.8682198],[-122.5646869,37.8681656],[-122.564708,37.8681051],[-122.5647836,37.8679788],[-122.5648166,37.8679118],[-122.5648348,37.8678433],[-122.5648389,37.8677819],[-122.5648324,37.8676959],[-122.5648297,37.867618],[-122.5648417,37.8675508],[-122.5648732,37.8674842],[-122.5650221,37.8672814],[-122.5650666,37.8672065],[-122.565093,37.867143],[-122.5651063,37.867084],[-122.5651133,37.8670179],[-122.5651131,37.8669463],[-122.5651158,37.8668895],[-122.5651299,37.8668287],[-122.5651591,37.8667685],[-122.5652239,37.8666711],[-122.5653215,37.8665565],[-122.5653923,37.8664901],[-122.5654821,37.8664328],[-122.5655685,37.8664023],[-122.5656229,37.8663877],[-122.5657624,37.8663564],[-122.5658434,37.8663282],[-122.5658937,37.8662983],[-122.5659657,37.8662355],[-122.5661436,37.8660564],[-122.5662199,37.8659954],[-122.5662865,37.8659519],[-122.5663928,37.8659051],[-122.5665005,37.8658722],[-122.566614,37.8658461],[-122.5667357,37.8658238],[-122.56683,37.8658133],[-122.5669294,37.86581],[-122.5670165,37.8658161],[-122.5671418,37.8658355],[-122.5671979,37.8658447],[-122.5672431,37.8658459],[-122.5672806,37.8658421],[-122.5673167,37.8658321],[-122.5673517,37.8658169],[-122.5673814,37.8657977],[-122.5674098,37.8657721],[-122.5674366,37.8657351],[-122.5674596,37.8656954],[-122.5674725,37.8656541],[-122.5674872,37.8656017],[-122.5675041,37.8655358],[-122.5675148,37.8654731],[-122.5675243,37.8654128],[-122.5675285,37.8653556],[-122.5675266,37.8652207],[-122.5675265,37.8651766],[-122.567537,37.8651177],[-122.5675663,37.8650524],[-122.5676079,37.8649978],[-122.5676618,37.8649536],[-122.5677264,37.8649157],[-122.5678068,37.8648805],[-122.567882,37.8648536],[-122.5681682,37.8647605],[-122.5683001,37.8647268],[-122.5683945,37.8647127],[-122.5684959,37.8647147],[-122.5685871,37.8647337],[-122.5686755,37.8647619],[-122.568905,37.8648439],[-122.569004,37.8648765],[-122.569089,37.8648952],[-122.5691735,37.8649007],[-122.5692527,37.8648915],[-122.5693373,37.8648673],[-122.5694094,37.864827],[-122.5694751,37.8647745],[-122.5695309,37.8647081],[-122.5695731,37.8646422],[-122.5696097,37.8645613],[-122.5696681,37.8644343],[-122.5696993,37.8643892],[-122.5697415,37.8643451],[-122.5697973,37.8643092],[-122.5698615,37.8642872],[-122.5699291,37.8642719],[-122.5700156,37.8642735],[-122.5701508,37.8642967],[-122.5702634,37.8643185],[-122.5703474,37.8643235],[-122.5704247,37.8643147],[-122.5704874,37.8642959],[-122.5705459,37.8642672],[-122.570667,37.8641913],[-122.5707191,37.8641622],[-122.5707663,37.8641425],[-122.5708321,37.8641253],[-122.5708855,37.8641149],[-122.5709357,37.8641066],[-122.5709811,37.8640977],[-122.5710215,37.8640847],[-122.5710707,37.8640627],[-122.5711313,37.8640219],[-122.571198,37.8639487],[-122.5713573,37.8637372],[-122.5714629,37.863613],[-122.5715376,37.8635482],[-122.5716237,37.8634812],[-122.5717274,37.8634302],[-122.5718626,37.8633716],[-122.5720119,37.8633196],[-122.5721724,37.863275],[-122.5722519,37.8632555],[-122.5723328,37.8632386],[-122.5724164,37.8632245],[-122.5724979,37.8632147],[-122.572583,37.8632091],[-122.5764619,37.8629246],[-122.5764972,37.8629052],[-122.5765329,37.8628879],[-122.5765703,37.8628712],[-122.5766067,37.8628566],[-122.5766446,37.8628436],[-122.5766852,37.8628316],[-122.5767248,37.8628215],[-122.5767641,37.862813],[-122.576801,37.8628066],[-122.5768266,37.8628033],[-122.5768422,37.8628013],[-122.5768831,37.8627973],[-122.5769291,37.8627955],[-122.5769731,37.8627957],[-122.5770141,37.8627982],[-122.5770423,37.8628016],[-122.577056,37.8628033],[-122.5770947,37.8628098],[-122.5771373,37.8628197],[-122.5771742,37.8628315],[-122.5772136,37.8628455],[-122.5772493,37.8628618],[-122.5772838,37.8628795],[-122.5773161,37.8628981],[-122.5773503,37.8629193],[-122.5773821,37.8629396],[-122.5774116,37.8629598],[-122.5774385,37.8629788],[-122.5774652,37.8629988],[-122.5774898,37.8630183],[-122.5775193,37.8630425],[-122.5775695,37.863086],[-122.5776405,37.8631544],[-122.5777154,37.8632395],[-122.5778446,37.8634105],[-122.577867,37.8634399],[-122.5778881,37.8634669],[-122.5779123,37.8634966],[-122.5779363,37.8635233],[-122.5779884,37.863576],[-122.5780451,37.8636257],[-122.5781053,37.8636714],[-122.5781707,37.8637153],[-122.5782343,37.8637524],[-122.5783047,37.8637879],[-122.5783751,37.8638194],[-122.5784466,37.8638494],[-122.5785192,37.8638793],[-122.5785914,37.8639113],[-122.5786591,37.8639472],[-122.5787209,37.8639914],[-122.5787723,37.8640426],[-122.5788133,37.864099],[-122.578848,37.8641576],[-122.5788808,37.8642161],[-122.5789168,37.8642742],[-122.5789589,37.8643276],[-122.5790089,37.8643767],[-122.5790679,37.8644235],[-122.5791295,37.8644638],[-122.5791633,37.8644829],[-122.579195,37.8644986],[-122.5792311,37.864513],[-122.5792672,37.8645244],[-122.5793068,37.8645336],[-122.5793456,37.8645386],[-122.5793862,37.86454],[-122.5794221,37.8645371],[-122.5794626,37.8645293],[-122.5794991,37.8645189],[-122.5795368,37.8645044],[-122.5795698,37.8644904],[-122.57964,37.8644586],[-122.5797117,37.8644263],[-122.5797849,37.8643972],[-122.5798592,37.8643701],[-122.579934,37.864346],[-122.5800122,37.8643247],[-122.5800921,37.864309],[-122.5801743,37.8642975],[-122.5802562,37.8642913],[-122.5803387,37.8642877],[-122.5804211,37.8642869],[-122.5805022,37.8642866],[-122.5805847,37.8642904],[-122.5806655,37.864298],[-122.580745,37.8643131],[-122.5808217,37.8643395],[-122.5808924,37.8643748],[-122.5809547,37.8644128],[-122.581019,37.864457],[-122.5810778,37.8645002],[-122.5811391,37.8645421],[-122.5812041,37.8645816],[-122.5812711,37.8646177],[-122.5813392,37.8646511],[-122.5814107,37.8646835],[-122.5814822,37.8647159],[-122.5815519,37.86475],[-122.5816197,37.8647857],[-122.581684,37.8648261],[-122.581744,37.8648705],[-122.5818008,37.8649199],[-122.5819055,37.8650179],[-122.582024,37.8651192],[-122.5821331,37.865176],[-122.5822409,37.8652095],[-122.5823689,37.8652235],[-122.5824873,37.8652137],[-122.5825872,37.8651931],[-122.5827241,37.8651425],[-122.5832385,37.8649373],[-122.583379,37.8648768],[-122.583511,37.8648077],[-122.5836144,37.8647395],[-122.583715,37.8646628],[-122.583807,37.8645806],[-122.5839336,37.8644617],[-122.5840749,37.8643334],[-122.5841942,37.8642415],[-122.584282,37.8641899],[-122.5843893,37.8641451],[-122.5845195,37.8641088],[-122.5846928,37.864075],[-122.5848638,37.8640533],[-122.5849853,37.8640546],[-122.5850707,37.8640706],[-122.5851432,37.8640931],[-122.585242,37.8641465],[-122.5853782,37.8642362],[-122.5854799,37.8642799],[-122.5855896,37.8643027],[-122.5857749,37.864315],[-122.5859359,37.8643336],[-122.5861257,37.8643692],[-122.5861912,37.8641461],[-122.5861528,37.8640405],[-122.5860978,37.8639473],[-122.5860201,37.8638668],[-122.5858907,37.8637774],[-122.5857192,37.8636381],[-122.5856156,37.8634823],[-122.5850767,37.8631197],[-122.5850844,37.8620104],[-122.58398,37.8611445],[-122.5848368,37.8603792],[-122.5850103,37.8604496],[-122.5857741,37.8606056],[-122.5861562,37.8606407],[-122.5868163,37.8606565],[-122.5870764,37.8607701],[-122.5872153,37.8608563],[-122.5873891,37.8608839],[-122.5875798,37.8610828],[-122.587771,37.8611962],[-122.5885868,37.8614469],[-122.5887437,37.8614813],[-122.5887782,37.8615174],[-122.5886394,37.8618302],[-122.5885872,37.8620034],[-122.588587,37.8621769],[-122.5886219,37.8622807],[-122.5886915,37.8624116],[-122.5888302,37.8625315],[-122.5890384,37.8626629],[-122.5891944,37.862837],[-122.5892468,37.8629746],[-122.5894031,37.8631306],[-122.5898195,37.8633912],[-122.5899763,37.8635562],[-122.5900627,37.8637391],[-122.5902535,37.8639223],[-122.5903579,37.8640601],[-122.5903926,37.8642157],[-122.5903409,37.8644431],[-122.5903233,37.8646503],[-122.5904447,37.8647972],[-122.5906184,37.8648857],[-122.5910872,37.8650495],[-122.5914172,37.8652242],[-122.5915908,37.8653352],[-122.5917471,37.8654935],[-122.5918685,37.865762],[-122.5919903,37.8658571],[-122.5924764,37.8660999],[-122.5925978,37.86624],[-122.5927021,37.8664049],[-122.5928526,37.8665255],[-122.5928759,37.8666512],[-122.5929971,37.8667113],[-122.5932694,37.8667453],[-122.5934723,37.8668862],[-122.5935365,37.8670005],[-122.5934945,37.8672644],[-122.5935116,37.867333],[-122.5937173,37.8675417],[-122.5939036,37.8676701],[-122.5940781,37.8676596],[-122.5941965,37.8675993],[-122.5941963,37.8674921],[-122.5943441,37.8675006],[-122.5944949,37.8674545],[-122.5945994,37.8674724],[-122.5946999,37.8676464],[-122.5945296,37.8678175],[-122.5944621,37.8678797],[-122.5944803,37.8679746],[-122.5946333,37.8680752],[-122.594872,37.8681984],[-122.5949149,37.8683205],[-122.5948676,37.8684466],[-122.5947337,37.8685132],[-122.5946836,37.8686478],[-122.5947566,37.8687081],[-122.5948658,37.8686714],[-122.5949245,37.8686891],[-122.5949653,37.8686468],[-122.5950439,37.8686211],[-122.5951451,37.8686597],[-122.5954119,37.8686147],[-122.5955468,37.8686597],[-122.5956094,37.8687424],[-122.595775,37.868806],[-122.5959004,37.8688029],[-122.5960979,37.8689948],[-122.5961788,37.8690148],[-122.5962892,37.869014],[-122.5963602,37.8689361],[-122.5964669,37.8688869],[-122.5966041,37.8689049],[-122.5967094,37.8689662],[-122.5967677,37.8689809],[-122.596778,37.8690423],[-122.5967214,37.8690715],[-122.5966255,37.869186],[-122.5965153,37.8691986],[-122.5963977,37.8691648],[-122.5963327,37.8692451],[-122.5964593,37.8694702],[-122.5966597,37.8697582],[-122.5968073,37.8698562],[-122.5968641,37.870021],[-122.5969188,37.8703193],[-122.5969049,37.8706242],[-122.5968756,37.8708783],[-122.596931,37.8710624],[-122.5970576,37.8712355],[-122.5971817,37.871351],[-122.5973635,37.8714538],[-122.597458,37.8715409],[-122.5975036,37.8716589],[-122.5975059,37.8717315],[-122.5975342,37.8718111],[-122.5976663,37.8718887],[-122.5979729,37.8719793],[-122.5981011,37.8720635],[-122.5981221,37.87216],[-122.5981427,37.8722613],[-122.5981916,37.8723088],[-122.5982494,37.8723154],[-122.5984379,37.8722524],[-122.5985667,37.8722209],[-122.5986318,37.8722847],[-122.598692,37.8723502],[-122.5987402,37.8724817],[-122.5987283,37.8726087],[-122.5986659,37.8726812],[-122.5986447,37.8727675],[-122.59878,37.8728332],[-122.5989766,37.8728855],[-122.5992674,37.8728047],[-122.599442,37.8727788],[-122.5995267,37.8727853],[-122.5995836,37.8727617],[-122.5996176,37.8727596],[-122.5996602,37.872792],[-122.5996997,37.8727893],[-122.5997695,37.8728251],[-122.5998042,37.8728909],[-122.5997744,37.8729814],[-122.599714,37.8730433],[-122.5996196,37.8731051],[-122.599644,37.8731306],[-122.5997027,37.8731738],[-122.5997015,37.873226],[-122.5996513,37.8732524],[-122.5997838,37.8733374],[-122.5998471,37.8733469],[-122.6000517,37.8733888],[-122.6002159,37.8734491],[-122.6003758,37.8737242],[-122.6004852,37.8737819],[-122.6005053,37.8738175],[-122.6005541,37.8738319],[-122.6006357,37.8737344],[-122.600708,37.8737611],[-122.6011616,37.8740431],[-122.6013736,37.8741065],[-122.6015571,37.8743014],[-122.6015991,37.8744981],[-122.6016051,37.8746402],[-122.6017255,37.8747538],[-122.6019949,37.874894],[-122.6023675,37.8755245],[-122.6027154,37.8756941],[-122.6029975,37.875719],[-122.6033453,37.8757088],[-122.6036402,37.8755702],[-122.6037402,37.8755073],[-122.6037668,37.8753612],[-122.6038128,37.8752878],[-122.6039274,37.8752498],[-122.60414,37.8752443],[-122.604377,37.8754299],[-122.6044343,37.8754615],[-122.6045087,37.8754404],[-122.604686,37.8755389],[-122.6046877,37.8755779],[-122.6046701,37.8756012],[-122.6047049,37.8756141],[-122.6047312,37.8756146],[-122.6047834,37.8755787],[-122.6048285,37.875581],[-122.605115,37.875674],[-122.6051483,37.8757419],[-122.6053316,37.875795],[-122.605377,37.8757776],[-122.6054386,37.875732],[-122.6054973,37.8757156],[-122.6055547,37.875725],[-122.6056532,37.8757928],[-122.6057203,37.8757919],[-122.6057724,37.875749],[-122.6058358,37.8757343],[-122.6059304,37.8757412],[-122.6060815,37.8757517],[-122.6062187,37.8758223]]],[[[-122.6062187,37.8758223],[-122.605424,37.8773203],[-122.6053961,37.877307],[-122.6053665,37.8772963],[-122.6053356,37.8772883],[-122.6053037,37.8772831],[-122.6052712,37.8772808],[-122.6052387,37.8772813],[-122.6052064,37.8772848],[-122.6051748,37.8772911],[-122.6051444,37.8773002],[-122.6051186,37.8773107],[-122.6050093,37.8773522],[-122.6049025,37.877402],[-122.6047986,37.8774605],[-122.6047511,37.8775022],[-122.6047108,37.8775455],[-122.6046762,37.8775917],[-122.6046477,37.8776405],[-122.6046254,37.8776914],[-122.6045765,37.8778584],[-122.604534,37.8779969],[-122.604476,37.878132],[-122.6044149,37.8782724],[-122.604386,37.8783264],[-122.6043777,37.8783426],[-122.6043686,37.8783554],[-122.6043577,37.8783673],[-122.6043451,37.878378],[-122.6043309,37.8783875],[-122.6043154,37.8783956],[-122.6042988,37.8784021],[-122.6042813,37.878407],[-122.6042632,37.8784103],[-122.6042447,37.8784117],[-122.6042261,37.8784115],[-122.6042077,37.8784094],[-122.6041897,37.8784056],[-122.6041725,37.8784002],[-122.6041562,37.8783931],[-122.6041378,37.8783828],[-122.6039689,37.8782939],[-122.6038951,37.8782519],[-122.6038141,37.878214],[-122.6037312,37.8781827],[-122.603454,37.8780775],[-122.6034245,37.8780641],[-122.6033891,37.8780519],[-122.6033521,37.8780429],[-122.6033142,37.8780371],[-122.6032757,37.8780347],[-122.603237,37.8780356],[-122.6031987,37.8780398],[-122.6031613,37.8780473],[-122.6031251,37.8780581],[-122.6030944,37.8780704],[-122.6028946,37.8781397],[-122.6028124,37.878168],[-122.6027295,37.8781902],[-122.6026411,37.8782077],[-122.6024666,37.8782508],[-122.6023926,37.8782729],[-122.6023212,37.8783024],[-122.6022547,37.8783383],[-122.6021941,37.8783801],[-122.6021402,37.8784274],[-122.6020942,37.8784788],[-122.6020456,37.8785442],[-122.6020302,37.8785743],[-122.6020139,37.8785984],[-122.6019944,37.8786209],[-122.601972,37.8786417],[-122.6019468,37.8786604],[-122.6019193,37.8786769],[-122.6018896,37.8786909],[-122.6018546,37.8787036],[-122.6018069,37.8787232],[-122.601761,37.8787475],[-122.6017188,37.8787758],[-122.6016809,37.8788076],[-122.6016477,37.8788425],[-122.6016207,37.8788787],[-122.6015015,37.8790502],[-122.6014257,37.8791286],[-122.6014129,37.8791424],[-122.6014006,37.8791528],[-122.6013868,37.879162],[-122.6013717,37.8791698],[-122.6013556,37.8791762],[-122.6013386,37.879181],[-122.601321,37.8791842],[-122.601303,37.8791857],[-122.6012849,37.8791854],[-122.6012671,37.8791835],[-122.6012496,37.87918],[-122.6012328,37.8791748],[-122.6012168,37.879168],[-122.6012021,37.8791599],[-122.6011886,37.8791503],[-122.6011767,37.8791396],[-122.6011665,37.8791279],[-122.6011581,37.8791152],[-122.6011517,37.8791019],[-122.6011473,37.8790881],[-122.6011449,37.8790724],[-122.60114,37.8790246],[-122.6011416,37.878978],[-122.6011504,37.8789275],[-122.6011532,37.8788599],[-122.6011497,37.8788195],[-122.6011401,37.8787796],[-122.6011247,37.8787407],[-122.6011037,37.8787035],[-122.6010743,37.8786644],[-122.6010244,37.8786325],[-122.6009755,37.8786079],[-122.6009233,37.8785879],[-122.6008686,37.8785727],[-122.6008121,37.8785625],[-122.6007545,37.8785575],[-122.6007003,37.8785577],[-122.6004436,37.8785513],[-122.6004163,37.8785508],[-122.6003925,37.8785481],[-122.6003692,37.8785431],[-122.6003468,37.8785361],[-122.6003256,37.878527],[-122.600306,37.878516],[-122.6002881,37.8785033],[-122.6002722,37.8784889],[-122.6002586,37.8784732],[-122.6002474,37.8784564],[-122.6002389,37.8784386],[-122.600233,37.8784202],[-122.6002299,37.8784013],[-122.6002297,37.8783823],[-122.6002324,37.8783634],[-122.6002378,37.8783448],[-122.600246,37.8783269],[-122.6002567,37.8783099],[-122.60027,37.878294],[-122.6002855,37.8782795],[-122.6003031,37.8782665],[-122.6003226,37.8782552],[-122.6011972,37.8778592],[-122.6014167,37.8777299],[-122.6016154,37.8775831],[-122.6018003,37.8774306],[-122.601861,37.8773479],[-122.6018857,37.8773216],[-122.6019094,37.8772891],[-122.6019281,37.8772548],[-122.6019417,37.8772189],[-122.6019499,37.877182],[-122.6019526,37.8771446],[-122.6019498,37.8771072],[-122.6019416,37.8770704],[-122.6019283,37.8770354],[-122.6018523,37.8768768],[-122.6018388,37.8768507],[-122.6018202,37.8768245],[-122.6017977,37.8768001],[-122.6017717,37.8767781],[-122.6017425,37.8767587],[-122.6017106,37.8767422],[-122.6016764,37.8767289],[-122.6016405,37.8767189],[-122.6016032,37.8767123],[-122.6015677,37.8767095],[-122.6013858,37.876699],[-122.6012906,37.8766902],[-122.6011973,37.8766745],[-122.6005787,37.8765399],[-122.6002856,37.8764523],[-122.600071,37.8763687],[-122.600009,37.8763431],[-122.5999528,37.8763133],[-122.5999012,37.8762787],[-122.5998547,37.8762398],[-122.599814,37.8761971],[-122.5997764,37.8761469],[-122.5993967,37.8757642],[-122.5993508,37.8757148],[-122.599313,37.8756632],[-122.5992827,37.8756085],[-122.5992602,37.8755516],[-122.5992455,37.875492],[-122.5992275,37.8753858],[-122.5992133,37.8753015],[-122.5991975,37.8752368],[-122.5991721,37.8751727],[-122.5991377,37.8751114],[-122.5990947,37.8750535],[-122.5990437,37.8749999],[-122.5989853,37.8749512],[-122.5989202,37.8749079],[-122.5988494,37.8748708],[-122.5987738,37.8748403],[-122.5986942,37.8748167],[-122.5986135,37.8748007],[-122.5979511,37.8746949],[-122.5978695,37.8746782],[-122.5977819,37.8746683],[-122.5976935,37.8746661],[-122.5976053,37.8746716],[-122.5975184,37.8746848],[-122.5974339,37.8747054],[-122.5973527,37.8747333],[-122.5972771,37.8747676],[-122.597145,37.8748364],[-122.5970293,37.8748781],[-122.5969075,37.8749103],[-122.5967795,37.8749327],[-122.5966384,37.8749573],[-122.5964686,37.8749788],[-122.5962909,37.8750055],[-122.5960391,37.8750252],[-122.595667,37.8750432],[-122.5955065,37.8750631],[-122.595348,37.875092],[-122.595203,37.8751333],[-122.595073,37.8751801],[-122.5949155,37.8752293],[-122.5948147,37.8752457],[-122.5947656,37.8752518],[-122.5946991,37.875252],[-122.5946157,37.8752342],[-122.5944744,37.875179],[-122.5943441,37.8751211],[-122.5941002,37.8750317],[-122.5940198,37.8749925],[-122.5939661,37.8749607],[-122.5938999,37.8748798],[-122.5938276,37.874778],[-122.5937368,37.8746781],[-122.5936134,37.8745923],[-122.5935048,37.8745267],[-122.5934237,37.8744671],[-122.5933406,37.8743582],[-122.5930536,37.8739545],[-122.5929845,37.8738163],[-122.5929086,37.8737313],[-122.59277,37.873611],[-122.5926753,37.8735539],[-122.5925088,37.8734435],[-122.5923839,37.8733345],[-122.5922549,37.8731764],[-122.5922183,37.8731162],[-122.5921239,37.8729739],[-122.5919604,37.8728004],[-122.5918505,37.8726796],[-122.5917946,37.8725939],[-122.5917017,37.8724326],[-122.5916012,37.8723189]]],[[[-122.4777866,37.5511512],[-122.470221,37.5510194],[-122.4528406,37.5509139],[-122.4514721,37.5354606],[-122.4497885,37.5164296],[-122.4585204,37.5169893],[-122.4626358,37.517253],[-122.4689082,37.517655],[-122.4752924,37.5115772],[-122.4760611,37.5117658],[-122.4766361,37.5119397],[-122.4774198,37.5121306],[-122.4775179,37.5118178],[-122.4775247,37.5117299],[-122.4773727,37.5112024],[-122.4773796,37.5110486],[-122.4774251,37.5107872],[-122.4781559,37.5111215],[-122.478842,37.5114428],[-122.4792031,37.5116117],[-122.4798428,37.5119243],[-122.4807223,37.5123538],[-122.4816922,37.5127827],[-122.4818778,37.51238],[-122.4820589,37.511982],[-122.4821791,37.5116694],[-122.4825825,37.5117437],[-122.4826905,37.5117846],[-122.4828399,37.5118476],[-122.4829118,37.5118746],[-122.4830876,37.5116321],[-122.4831327,37.5116504],[-122.4835139,37.5118028],[-122.4838829,37.5111765],[-122.4845696,37.5114896],[-122.4848099,37.511796],[-122.485445,37.5131236],[-122.486123,37.5137096],[-122.485731,37.5144468],[-122.4863524,37.5147512],[-122.4860735,37.5151129],[-122.486561,37.51534],[-122.4874575,37.5157597],[-122.4875871,37.5156169],[-122.4880193,37.5156444],[-122.4880823,37.5156484],[-122.4886744,37.5156917],[-122.4888673,37.5156996],[-122.4890948,37.5157063],[-122.4890034,37.5159489],[-122.4888138,37.5158982],[-122.4880479,37.5158345],[-122.4880049,37.5160666],[-122.4879376,37.5163409],[-122.4879513,37.5167549],[-122.4881322,37.51761],[-122.4882564,37.5180392],[-122.4888549,37.5189087],[-122.4888093,37.5190487],[-122.4889703,37.5194657],[-122.4887871,37.5196709],[-122.4886974,37.5196929],[-122.4884354,37.5199513],[-122.4883457,37.5200062],[-122.4883182,37.5200612],[-122.4883184,37.5202481],[-122.4883736,37.5203909],[-122.4883888,37.5205782],[-122.4888995,37.5206049],[-122.4891634,37.5206187],[-122.4893458,37.520457],[-122.490128,37.520121],[-122.490218,37.520118],[-122.490305,37.520092],[-122.490601,37.519916],[-122.490856,37.519828],[-122.490992,37.519802],[-122.491362,37.519785],[-122.491593,37.519803],[-122.491964,37.519807],[-122.492147,37.519832],[-122.492405,37.519914],[-122.492678,37.520054],[-122.492982,37.520127],[-122.493698,37.520445],[-122.493945,37.520538],[-122.494101,37.520613],[-122.4942437,37.5207302],[-122.494371,37.520802],[-122.494685,37.520848],[-122.494724,37.520865],[-122.495287,37.521232],[-122.495488,37.521428],[-122.495727,37.521777],[-122.495882,37.522078],[-122.49592,37.522219],[-122.495952,37.522579],[-122.496194,37.523042],[-122.496341,37.523532],[-122.496593,37.523953],[-122.496803,37.524763],[-122.496932,37.525072],[-122.496984,37.525131],[-122.497015,37.525236],[-122.497086,37.525368],[-122.497099,37.525512],[-122.497039,37.525686],[-122.497033,37.525758],[-122.49705,37.525828],[-122.497122,37.525919],[-122.497581,37.526076],[-122.497697,37.526133],[-122.497785,37.526217],[-122.497843,37.526315],[-122.497955,37.526666],[-122.497977,37.526881],[-122.498306,37.5268812],[-122.4990401,37.5268816],[-122.4995765,37.5255372],[-122.5004667,37.5251554],[-122.5008683,37.525057],[-122.5011874,37.5249089],[-122.5013884,37.5246217],[-122.5015234,37.5242974],[-122.5016686,37.52403],[-122.5017752,37.5237464],[-122.5019494,37.5236168],[-122.5022223,37.5234693],[-122.5024464,37.5233464],[-122.5026805,37.5231997],[-122.5027942,37.5230634],[-122.5029546,37.5228821],[-122.5031421,37.5227296],[-122.5034442,37.5225441],[-122.5037731,37.5223362],[-122.503898,37.5222447],[-122.5038753,37.5221586],[-122.5040182,37.5219823],[-122.5042452,37.521946],[-122.5044127,37.521911],[-122.5045677,37.5217975],[-122.5045916,37.5216237],[-122.5044651,37.5213979],[-122.504278,37.5211418],[-122.5042229,37.5209776],[-122.5042265,37.5207885],[-122.5042273,37.5205128],[-122.5047136,37.5200063],[-122.5055961,37.5204871],[-122.5059769,37.5207147],[-122.5061094,37.5209777],[-122.5060026,37.5213261],[-122.5060198,37.5216257],[-122.5063092,37.5223426],[-122.5064889,37.5227439],[-122.5063788,37.5228496],[-122.5061027,37.523048],[-122.5058626,37.52362],[-122.5058006,37.5236957],[-122.5056547,37.523791],[-122.5054748,37.5239327],[-122.5062874,37.5247688],[-122.5039914,37.5263855],[-122.5056008,37.5270322],[-122.501953,37.5334815],[-122.4938649,37.5334091],[-122.4929803,37.5347071],[-122.4928155,37.53495],[-122.489194,37.54014],[-122.4882093,37.5415517],[-122.4896556,37.5421472],[-122.483425,37.5510122],[-122.4987313,37.5511278],[-122.4997696,37.5535592],[-122.4989099,37.555541],[-122.4961541,37.5555385],[-122.4961241,37.5624239],[-122.4870168,37.5624529],[-122.4844703,37.5625066],[-122.4849209,37.5610778],[-122.4841914,37.5610098],[-122.4838212,37.5620117],[-122.4815521,37.5619623],[-122.481566,37.560906],[-122.4779536,37.5609165],[-122.4778823,37.5609167],[-122.4778842,37.5607768],[-122.4778869,37.5605993],[-122.4778794,37.5568851],[-122.4777866,37.5511512]]],[[[-122.5147128,37.7811281],[-122.5147121,37.7810948],[-122.5146858,37.7810841],[-122.5146541,37.7811027],[-122.5146459,37.7810991],[-122.5146921,37.7810104],[-122.5146704,37.780961],[-122.5146514,37.7809238],[-122.5146606,37.780891],[-122.514626,37.7808557],[-122.5146202,37.780853],[-122.5145384,37.7808147],[-122.5144946,37.780785],[-122.5143423,37.7806736],[-122.5142241,37.7806496],[-122.5141945,37.7806057],[-122.51417,37.7804005],[-122.5141407,37.7801035],[-122.5141467,37.7799118],[-122.514138,37.7797632],[-122.5141337,37.7796823],[-122.5141444,37.7796153],[-122.5141734,37.779516],[-122.5141452,37.7793918],[-122.5141269,37.7792816],[-122.5142478,37.7790916]]],[[[-122.5086331,37.7856928],[-122.5087769,37.7856496],[-122.5089882,37.7855376],[-122.5091079,37.7853873],[-122.5092227,37.785318],[-122.5094593,37.7851584],[-122.5095038,37.785065],[-122.5097027,37.7847935],[-122.5098915,37.7848003],[-122.5101515,37.7845588],[-122.5102292,37.7847579],[-122.5103089,37.7847244],[-122.5104505,37.784532],[-122.5107622,37.784335],[-122.5109644,37.7844285],[-122.5110132,37.7843571],[-122.5111028,37.7845172],[-122.511223,37.7845603],[-122.5112831,37.784536],[-122.511319,37.7844469],[-122.5112751,37.7842876],[-122.5113167,37.7841797],[-122.5115157,37.7840453],[-122.5115844,37.7841467],[-122.5116366,37.7840255],[-122.5117271,37.7839767],[-122.5118658,37.7839878],[-122.5118925,37.7839398],[-122.5118525,37.7838679],[-122.5120747,37.7837444],[-122.5121348,37.7837915],[-122.512287,37.7839295],[-122.5123533,37.783902],[-122.5124196,37.7839967],[-122.5127416,37.7839663],[-122.5126376,37.7838858],[-122.5126334,37.7838578],[-122.5124394,37.783786],[-122.5124411,37.7837442],[-122.5123026,37.7836481],[-122.5125462,37.7834701],[-122.5127047,37.7834531],[-122.5127637,37.783311],[-122.5127295,37.7831499],[-122.5127424,37.7829979],[-122.5127901,37.7828576],[-122.5128576,37.7827107],[-122.5130167,37.7826334],[-122.5131055,37.7826176],[-122.5131557,37.7826254],[-122.5132473,37.7826212],[-122.5132695,37.7827336],[-122.5132984,37.782761],[-122.5133597,37.7827726],[-122.513437,37.7827406],[-122.5134684,37.7826899],[-122.5134696,37.7826274],[-122.5134548,37.7825588],[-122.5133967,37.7825724],[-122.5133628,37.7824905],[-122.5133814,37.782392],[-122.5134173,37.7823333],[-122.5134237,37.7822839],[-122.5133949,37.7822174],[-122.5133705,37.7821178],[-122.5134405,37.7820591],[-122.5134727,37.7820116],[-122.5135316,37.7819839],[-122.5136215,37.7820009],[-122.5136624,37.7819789],[-122.5136643,37.7819138],[-122.5136827,37.7818298],[-122.5136974,37.7817727],[-122.5137534,37.7816809],[-122.5137811,37.7816181],[-122.5137619,37.7815675],[-122.5137581,37.7814964],[-122.5137557,37.7814301],[-122.5137608,37.7813746],[-122.5138065,37.7813398],[-122.5138513,37.7813712],[-122.5139374,37.7814084],[-122.5140307,37.7814285],[-122.514058,37.7814537],[-122.5141089,37.7814776],[-122.5141732,37.7814869],[-122.514186,37.7814727],[-122.5141855,37.7814488],[-122.514215,37.7814351],[-122.514236,37.7814433],[-122.5142578,37.7814565],[-122.5142953,37.7814592],[-122.5143169,37.7814362],[-122.5143111,37.7814099],[-122.5143129,37.7813856],[-122.514293,37.7813591],[-122.5142486,37.7813261],[-122.5142296,37.7812968],[-122.5142142,37.7812782],[-122.5142187,37.781256],[-122.5142631,37.7812381],[-122.5143156,37.7812281],[-122.5143691,37.7812359],[-122.5144144,37.7812424],[-122.5144542,37.7812388],[-122.5144633,37.7812209],[-122.5145004,37.7811944],[-122.5145765,37.7812861],[-122.514632,37.7812432],[-122.5146789,37.7811911],[-122.5146912,37.7811485],[-122.5147128,37.7811281]]],[[[-122.5073664,37.7867016],[-122.5076077,37.7864116],[-122.5076535,37.7863573],[-122.50785,37.78613],[-122.5081025,37.7859038],[-122.5084214,37.7857008],[-122.5086331,37.7856928]]],[[[-122.4938774,37.7875505],[-122.4941845,37.7876017],[-122.4943733,37.7878256],[-122.4945364,37.788063],[-122.4947003,37.7880525],[-122.494793,37.7877977],[-122.4952655,37.7875674],[-122.4956265,37.7874525],[-122.4961775,37.7873304],[-122.4966275,37.7872551],[-122.4973961,37.7874886],[-122.4978104,37.787957],[-122.4978552,37.7877432],[-122.4980532,37.7877544],[-122.4983386,37.7879895],[-122.4986997,37.7881775],[-122.4988708,37.7882192],[-122.4989462,37.7883123],[-122.499094,37.7882258],[-122.4992829,37.7883889],[-122.499416,37.7883792],[-122.4995957,37.7886022],[-122.4997701,37.7884105],[-122.4999612,37.78834],[-122.500245,37.7883848],[-122.5017146,37.7880367],[-122.5018288,37.7881352],[-122.5018865,37.7880088],[-122.5021037,37.7879735],[-122.5022196,37.7880487],[-122.502248,37.7881822],[-122.5024136,37.7880511],[-122.5027878,37.7879691],[-122.5029265,37.7880359],[-122.5035993,37.7879053],[-122.504044,37.7879155],[-122.5049563,37.7877611],[-122.5051225,37.7877552],[-122.5052844,37.7878476],[-122.5052223,37.7879409],[-122.50524,37.7879998],[-122.5052437,37.7880313],[-122.5052934,37.7880698],[-122.5053904,37.7881143],[-122.5054828,37.7881072],[-122.5055879,37.7880714],[-122.5057038,37.7881286],[-122.5058002,37.7881183],[-122.5058583,37.7881881],[-122.5059085,37.7881931],[-122.5059955,37.7881687],[-122.506031,37.7881235],[-122.5060205,37.7881],[-122.5059982,37.7880762],[-122.5059565,37.7880485],[-122.5059665,37.7880225],[-122.5060093,37.7879719],[-122.5060336,37.7879346],[-122.5060316,37.787848],[-122.5060402,37.7877531],[-122.5060246,37.7876797],[-122.5060104,37.7876401],[-122.5059214,37.7876134],[-122.5059437,37.7875701],[-122.5060327,37.7875532],[-122.5060468,37.7874979],[-122.5060764,37.7874556],[-122.5061287,37.7873856],[-122.5063777,37.787251],[-122.506742,37.7871544],[-122.5068738,37.78704],[-122.507209,37.786817],[-122.5073664,37.7867016]]],[[[-122.4938774,37.7875505],[-122.4937976,37.7868758]]],[[[-122.5010847,37.7813676],[-122.5012455,37.7832094],[-122.501266,37.7834442],[-122.5016968,37.7839442],[-122.5041416,37.7840131],[-122.5050642,37.7852378],[-122.5035113,37.786024],[-122.5033447,37.7864806],[-122.5023993,37.7870383],[-122.501802,37.787189],[-122.5011594,37.7870081],[-122.5010102,37.786391],[-122.5006032,37.7861037],[-122.5001279,37.7859622],[-122.4995102,37.7864434],[-122.4993312,37.7865518],[-122.4989523,37.7865809],[-122.4985857,37.7865815],[-122.4982209,37.7865515],[-122.4978645,37.7864735],[-122.4973103,37.7862933],[-122.4970689,37.7864597],[-122.4967631,37.786464],[-122.4959404,37.7865832],[-122.4957332,37.7866584],[-122.4951357,37.7866995],[-122.4941124,37.7864498],[-122.4939247,37.7867889],[-122.4937976,37.7868758]]],[[[-122.5029811,37.7812778],[-122.5011083,37.7813665],[-122.5010847,37.7813676]]],[[[-122.5070031,37.7833571],[-122.5069934,37.7833957],[-122.5069338,37.7836342],[-122.506814,37.7837004],[-122.5065167,37.7835189],[-122.5063303,37.7835418],[-122.5062962,37.7835393],[-122.5061245,37.7835534],[-122.506039,37.783551],[-122.5059737,37.7835447],[-122.5058923,37.7835312],[-122.5057887,37.7835063],[-122.5057285,37.7834894],[-122.5056756,37.7834568],[-122.5055466,37.7833822],[-122.5052398,37.7831751],[-122.504568,37.7831629],[-122.5045244,37.7831969],[-122.504468,37.7831733],[-122.5044261,37.7831746],[-122.5043697,37.7831604],[-122.5042956,37.7831778],[-122.5039131,37.7834415],[-122.5038387,37.7835428],[-122.5037953,37.78357],[-122.5037477,37.7836865],[-122.5036941,37.7837187],[-122.5036238,37.7837513],[-122.5035573,37.7837757],[-122.5034523,37.783803],[-122.5033649,37.7838183],[-122.5031912,37.7838295],[-122.5029811,37.7812778]]],[[[-122.5076696,37.7824594],[-122.5077891,37.7825815],[-122.5077908,37.782985],[-122.5076562,37.7830068],[-122.5076362,37.7830421],[-122.5070031,37.7833571]]],[[[-122.5076815,37.7810841],[-122.507817,37.7823848],[-122.5076696,37.7824594]]],[[[-122.51166,37.7794847],[-122.5115019,37.7795674],[-122.5112636,37.7797031],[-122.5110843,37.7797881],[-122.5108435,37.7798752],[-122.5106769,37.7799157],[-122.5105258,37.7799339],[-122.5103546,37.7799402],[-122.5097441,37.7799774],[-122.5097283,37.7799891],[-122.5097147,37.780007],[-122.509712,37.7800284],[-122.5097211,37.7800549],[-122.5099276,37.7804422],[-122.5100597,37.7806659],[-122.5096468,37.7807134],[-122.5096587,37.7809122],[-122.5096648,37.7809959],[-122.5076815,37.7810841]]],[[[-122.5142478,37.7790916],[-122.5136744,37.7791138],[-122.5130467,37.7792029],[-122.5129571,37.779209],[-122.51296,37.7793002],[-122.5126804,37.7793346],[-122.5126368,37.7791928],[-122.5125395,37.7791908],[-122.5122269,37.7792434],[-122.5120348,37.7792941],[-122.5116838,37.7794722],[-122.51166,37.7794847]]],[[[-122.4906854,37.7872525],[-122.4907635,37.7872221],[-122.4908199,37.7872002],[-122.4909284,37.7871583],[-122.4909467,37.7871535],[-122.4909803,37.7871455],[-122.4910259,37.7871363],[-122.4910668,37.7871357],[-122.4911012,37.7871368],[-122.4911239,37.7871371],[-122.4911413,37.7871332],[-122.4911608,37.7871279],[-122.4911835,37.7871158],[-122.4911956,37.7871032],[-122.4912034,37.7870902],[-122.4913948,37.7871692],[-122.491408,37.7871747],[-122.4915401,37.7872292],[-122.4915618,37.7874184],[-122.4916638,37.7874124],[-122.491645,37.7872967],[-122.4917722,37.7873725],[-122.4925906,37.7876991],[-122.4926322,37.7877319]]],[[[-122.4923312,37.7878225],[-122.4926322,37.7877319]]],[[[-122.490389,37.7888853],[-122.4904178,37.7888579],[-122.4909237,37.7884052],[-122.4916624,37.7880236],[-122.4923312,37.7878225]]],[[[-122.4902446,37.7890231],[-122.490389,37.7888853]]],[[[-122.4902446,37.7890231],[-122.4900309,37.7888336],[-122.4899944,37.7885922],[-122.4901085,37.7885811],[-122.4900747,37.7885028],[-122.4900231,37.7883667],[-122.4900889,37.7883535],[-122.4900696,37.7882234],[-122.4900384,37.7880213],[-122.4898489,37.7879229],[-122.4900252,37.7877222],[-122.4902572,37.7874935],[-122.4903734,37.7874014],[-122.4905108,37.7873177],[-122.4906854,37.7872525]]],[[[-122.4876792,37.826404],[-122.487771,37.826416],[-122.4877989,37.8263681],[-122.487787,37.8263122],[-122.487747,37.8262643],[-122.4876911,37.8262323],[-122.4876273,37.8262603],[-122.4875873,37.8263282],[-122.4876153,37.8263921],[-122.4876792,37.826404]]],[[[-122.4782014,37.8295022],[-122.478243,37.8295121],[-122.4782679,37.8294955],[-122.4783095,37.8295071],[-122.4783361,37.8294972],[-122.4783377,37.8294673],[-122.4783112,37.829439],[-122.4782762,37.8294407],[-122.4782546,37.8294573],[-122.4782081,37.829449],[-122.4781898,37.8294656],[-122.4782014,37.8295022]]],[[[-122.4780183,37.8292932],[-122.4780417,37.8293163],[-122.4780956,37.8293326],[-122.4782332,37.8293032],[-122.4782609,37.8292832],[-122.4782902,37.8292666],[-122.4783089,37.8292208],[-122.4783102,37.8291848],[-122.4783057,37.8291517],[-122.4782948,37.829124],[-122.4782717,37.8291121],[-122.478221,37.8291137],[-122.4781864,37.829115],[-122.4781552,37.8291228],[-122.4781205,37.8291269],[-122.4780693,37.8291605],[-122.4780372,37.8291843],[-122.478026,37.8292046],[-122.4780205,37.8292448],[-122.4780007,37.8292727],[-122.4780183,37.8292932]]],[[[-122.5373802,37.8235178],[-122.5373171,37.8235856],[-122.5372948,37.823719],[-122.5372144,37.8237473],[-122.5371239,37.8237648],[-122.5370849,37.8238687],[-122.5370278,37.8239072],[-122.5368946,37.8239264],[-122.5367785,37.8239601],[-122.5365549,37.8239564],[-122.5363807,37.8240437],[-122.5362769,37.8242866],[-122.5363463,37.8244826],[-122.5363568,37.8245521],[-122.5364675,37.8244766],[-122.536519,37.8244472],[-122.5366413,37.8243894],[-122.5367849,37.824378],[-122.5368248,37.8243304],[-122.5368922,37.8243317],[-122.5369855,37.8242828],[-122.5369816,37.8241839],[-122.5370127,37.8241733],[-122.537127,37.8241254],[-122.5371745,37.8241082],[-122.5372339,37.8241097],[-122.5372418,37.8241988],[-122.5373047,37.8242139],[-122.5373512,37.8242605],[-122.5374055,37.8243023],[-122.5374596,37.8243072],[-122.5375368,37.8242666],[-122.5375603,37.8242194],[-122.537552,37.8241709],[-122.5375803,37.8241143],[-122.5375862,37.8240634],[-122.5376691,37.8239657],[-122.5376686,37.8238723],[-122.537651,37.8237641],[-122.537585,37.8236935],[-122.5375031,37.8236674],[-122.537498,37.8235993],[-122.5374368,37.8235096],[-122.5373802,37.8235178]]],[[[-122.5161266,37.8254323],[-122.5155258,37.8253683],[-122.5153891,37.8253494],[-122.515042,37.8253012],[-122.5140619,37.8251653],[-122.5137257,37.8251187],[-122.5136386,37.8249922],[-122.5134293,37.8250266],[-122.5130579,37.8248314],[-122.5123684,37.8246844],[-122.5123481,37.8243648],[-122.5121503,37.824344],[-122.511973,37.8244726],[-122.5121171,37.8246685],[-122.5118417,37.8247273],[-122.5110715,37.8247385],[-122.5099818,37.8245382],[-122.5097237,37.8243537],[-122.5095031,37.8243241],[-122.5091153,37.8242021],[-122.5085365,37.824037],[-122.5081495,37.8239508],[-122.5074974,37.8238],[-122.5068561,37.8236184],[-122.5064288,37.8234661],[-122.5061807,37.8233474],[-122.505862,37.8231179],[-122.5057164,37.8230339],[-122.5053717,37.8228349]]],[[[-122.5053717,37.8228349],[-122.5053057,37.8227098],[-122.5054191,37.8225872],[-122.5057169,37.822529],[-122.5056544,37.8223388],[-122.5053426,37.8219776],[-122.5050748,37.8219326],[-122.5048099,37.8219532],[-122.5047435,37.8218285],[-122.5043601,37.8217876],[-122.5046698,37.8216439],[-122.5048401,37.8215027],[-122.504752,37.821404],[-122.5048366,37.8213459],[-122.5048264,37.8211966],[-122.5045899,37.8210237],[-122.5045307,37.8209012],[-122.5042126,37.820973],[-122.5040499,37.821056],[-122.5037454,37.8210889],[-122.5036243,37.8212058],[-122.5032345,37.821137],[-122.5035606,37.8210162],[-122.5032416,37.8208781],[-122.503008,37.8209633],[-122.502744,37.8209918],[-122.5025664,37.821133],[-122.5025797,37.821251],[-122.5023124,37.8212616],[-122.502255,37.8213864],[-122.5020557,37.821272],[-122.5020746,37.8215547],[-122.5017407,37.8215409],[-122.501497,37.8214292],[-122.5017093,37.8212422],[-122.5018224,37.8210212],[-122.5016487,37.8209486],[-122.5016539,37.8208185],[-122.501449,37.8208485],[-122.5013497,37.8207998],[-122.5011081,37.8210086],[-122.5009411,37.8208862],[-122.5011483,37.8208065],[-122.5012147,37.8207456],[-122.501026,37.8206968],[-122.5008407,37.8207375],[-122.5007947,37.8206692],[-122.500916,37.8205425],[-122.5010263,37.8204073],[-122.5009537,37.8202968],[-122.5007997,37.8202294],[-122.5006498,37.8201805],[-122.5006047,37.8201816],[-122.5005814,37.8201689],[-122.5005296,37.8201596],[-122.5005115,37.8201339],[-122.5004163,37.8201266],[-122.5003936,37.8201551],[-122.5003733,37.8201784],[-122.500348,37.8201583],[-122.5003715,37.8200852],[-122.5002729,37.8200597],[-122.5001187,37.8200915],[-122.5000785,37.8201191],[-122.5000262,37.8201159],[-122.499994,37.820153],[-122.4999484,37.8201636],[-122.499916,37.8201413],[-122.499876,37.8201011],[-122.4998894,37.8200809],[-122.4998907,37.8200184],[-122.4998773,37.8200025],[-122.4999147,37.8199705],[-122.4999115,37.8199446],[-122.4997981,37.8199274],[-122.4997525,37.8199338],[-122.4997244,37.8199623],[-122.4996681,37.8199379],[-122.4996245,37.8199232],[-122.4995901,37.8199115],[-122.4995474,37.8199252],[-122.49953,37.8199369],[-122.4994589,37.8199252],[-122.499373,37.81992],[-122.4993006,37.8199454],[-122.499284,37.8199668],[-122.4992584,37.8200049],[-122.4992455,37.8200408],[-122.4992084,37.8200571],[-122.4991983,37.8200881],[-122.4992322,37.820099],[-122.4991999,37.8201276],[-122.4992214,37.8201637],[-122.4992718,37.8201905],[-122.4993358,37.8202283],[-122.4994057,37.8202664],[-122.4994579,37.8202771],[-122.4994808,37.8203067],[-122.499572,37.8203427],[-122.499651,37.8203798],[-122.499643,37.8204339],[-122.4995526,37.8204123],[-122.499521,37.8204169],[-122.4995781,37.8204529],[-122.4995968,37.8204828],[-122.4996588,37.8205132],[-122.4996711,37.8205323],[-122.499695,37.8205541],[-122.4997063,37.8205783],[-122.4996805,37.820597],[-122.4997045,37.820616],[-122.4996577,37.820626],[-122.4996316,37.8206572],[-122.4996696,37.820669],[-122.4997008,37.8206921],[-122.499737,37.8207472],[-122.4998144,37.8207825],[-122.4998547,37.8207919],[-122.4998739,37.82082],[-122.4999061,37.8208199],[-122.4999782,37.8208438],[-122.5000332,37.8208809],[-122.5000762,37.8209328],[-122.5000837,37.8209664],[-122.5001333,37.8210145],[-122.5001527,37.8210481],[-122.5000858,37.8210902],[-122.5000215,37.8211116],[-122.4999516,37.821101],[-122.4998604,37.8210951],[-122.4998523,37.8211286],[-122.4999004,37.8211903],[-122.5001394,37.8213623],[-122.4997109,37.8218492],[-122.499252,37.8221544],[-122.4985201,37.8223702],[-122.4975934,37.8224262],[-122.4966327,37.8223576],[-122.4960718,37.8222653],[-122.4961994,37.8220354],[-122.4960517,37.821983],[-122.4959261,37.8221576],[-122.4956459,37.8222559],[-122.4953897,37.8224637],[-122.4951179,37.8225675],[-122.495018,37.8226922],[-122.4948894,37.8226646],[-122.494766,37.8227897],[-122.4948801,37.8228857],[-122.4946989,37.8231454],[-122.494804,37.8231276],[-122.4948451,37.8231645],[-122.4948233,37.8232022],[-122.4947619,37.8232325],[-122.4946907,37.823236],[-122.4946286,37.823212],[-122.4945479,37.8232011],[-122.4944248,37.8232788],[-122.4943227,37.8233532],[-122.4941156,37.8234484],[-122.4938633,37.8236323],[-122.4938329,37.8237064],[-122.4937607,37.8237461],[-122.4936371,37.8237205],[-122.4936129,37.8237469],[-122.4936223,37.8237984],[-122.4934793,37.8239629],[-122.4934505,37.8241081],[-122.4934565,37.8242161],[-122.4934725,37.8243558],[-122.4933008,37.8243478],[-122.4933731,37.8244751],[-122.4933608,37.8245212],[-122.4931397,37.8246751],[-122.4929337,37.8247523],[-122.4926233,37.8248699],[-122.4924088,37.8248194],[-122.492322,37.824903],[-122.4921893,37.8249614],[-122.4920582,37.8249602],[-122.4921232,37.8251901],[-122.4920831,37.8254139],[-122.4919553,37.8255935],[-122.4918531,37.8256182],[-122.4917317,37.8255177],[-122.491552,37.8257093],[-122.4913824,37.8258272],[-122.4914842,37.8260327],[-122.4917114,37.8261965],[-122.4916638,37.8262882],[-122.4914512,37.8264768],[-122.4911053,37.8265979]]],[[[-122.4911053,37.8265979],[-122.4907812,37.8266974],[-122.4902625,37.8268148],[-122.4898566,37.8268654],[-122.489477,37.82683],[-122.4885079,37.8268517]]],[[[-122.4885079,37.8268517],[-122.4883405,37.8268667],[-122.4881144,37.8267235],[-122.4879706,37.8267314],[-122.4878548,37.8267753],[-122.4877286,37.8267725],[-122.4875354,37.8266156],[-122.4873039,37.8265358],[-122.4870473,37.8265491],[-122.4869163,37.8264789],[-122.4868626,37.8264236],[-122.4866495,37.8263061],[-122.4865235,37.8263142],[-122.4861611,37.8263547],[-122.4859064,37.8262882],[-122.485828,37.8263398],[-122.4858321,37.8263968],[-122.4855839,37.8264334],[-122.4853848,37.8265208],[-122.4852732,37.8266349],[-122.4849344,37.8266475],[-122.4847631,37.8267021],[-122.4847341,37.8266752],[-122.4847168,37.8266839],[-122.4847065,37.8266995],[-122.4847195,37.8267432],[-122.4847416,37.8268122],[-122.4846956,37.826926],[-122.484706,37.8269673],[-122.4847076,37.8270048]]],[[[-122.4831185,37.8263931],[-122.4831341,37.8264212],[-122.4832495,37.8265301],[-122.4833005,37.826556],[-122.4834664,37.8266588],[-122.483579,37.8267285],[-122.483698,37.8267693],[-122.4839969,37.8269192],[-122.4841478,37.8269714],[-122.4842954,37.8269983],[-122.4844671,37.8270159],[-122.4845705,37.8270168],[-122.4847076,37.8270048]]],[[[-122.4831185,37.8263931],[-122.4830984,37.8263568],[-122.4831488,37.8263019],[-122.4831963,37.8262957],[-122.4832134,37.8262831],[-122.4832403,37.8262719],[-122.4832368,37.826253],[-122.4832342,37.8262356],[-122.4832215,37.8262227],[-122.4831422,37.8261877],[-122.4831112,37.8261514],[-122.48309,37.8261353],[-122.4830943,37.8261087],[-122.4830403,37.8260556],[-122.4830133,37.825967],[-122.4830604,37.8259549],[-122.4830984,37.8259331],[-122.4830742,37.8258906],[-122.4830542,37.8258687],[-122.4830229,37.8258614],[-122.4829906,37.8258431],[-122.4830042,37.8258352],[-122.4830393,37.8258356],[-122.4830324,37.8258147],[-122.4830335,37.825789],[-122.4829267,37.8257509],[-122.4828283,37.825785],[-122.482719,37.825823],[-122.4826317,37.825895],[-122.482605,37.8258723],[-122.4825458,37.8258441],[-122.4824653,37.8257874],[-122.4824373,37.8257901],[-122.4824261,37.8257729],[-122.4824277,37.8257619],[-122.4824171,37.8257551],[-122.4823473,37.8257467],[-122.4823105,37.8257894],[-122.482251,37.8258678],[-122.4823047,37.8259388],[-122.4823102,37.8259709],[-122.4823055,37.8260047],[-122.4822949,37.8260302],[-122.4822722,37.8260626],[-122.4822569,37.8260732],[-122.4822344,37.8260757],[-122.4821624,37.8260738],[-122.4821374,37.8260924],[-122.4821274,37.8261149],[-122.4821381,37.8261746],[-122.4821311,37.826265]]],[[[-122.4821311,37.826265],[-122.4821022,37.8262744],[-122.4820783,37.8262629],[-122.482056,37.8262431],[-122.4819676,37.8262563],[-122.4818361,37.8262707],[-122.4817588,37.8262569],[-122.4816406,37.8262606],[-122.4815533,37.8262527],[-122.4814599,37.8262309],[-122.4814302,37.8262077],[-122.481361,37.826207],[-122.4812439,37.8261658],[-122.4811502,37.8261398],[-122.4810434,37.8261161],[-122.4809559,37.8260838],[-122.4808732,37.8260484],[-122.4807873,37.826022],[-122.4807321,37.8260082],[-122.4806685,37.8259872],[-122.4806149,37.8259614],[-122.4805921,37.8259435],[-122.4805441,37.8259248],[-122.4804303,37.8259044]]],[[[-122.4804303,37.8259044],[-122.4803448,37.8258823],[-122.4803627,37.8258052],[-122.4803691,37.8257482],[-122.4803568,37.825726],[-122.4803298,37.825707],[-122.4802937,37.8256977],[-122.4802603,37.8256981],[-122.4801765,37.825724],[-122.4800739,37.8257537],[-122.4799784,37.8257665],[-122.4798962,37.8257736],[-122.4797824,37.8258003],[-122.4797067,37.8258353],[-122.4796425,37.8258497],[-122.4795774,37.825847],[-122.4794445,37.8258327],[-122.4794229,37.8256881],[-122.4794085,37.8255855],[-122.4794379,37.8255758],[-122.4794619,37.8255504],[-122.479469,37.8255334],[-122.4794731,37.8254825],[-122.4794652,37.825447],[-122.4794529,37.8254255],[-122.4794376,37.8254064],[-122.4794131,37.8253922],[-122.4790357,37.8254172],[-122.4790093,37.8254421],[-122.4789736,37.8254447],[-122.4789535,37.8255033],[-122.4789655,37.8255761],[-122.4789774,37.8256075],[-122.478997,37.8256317],[-122.4790848,37.8256337]]],[[[-122.4790848,37.8256337],[-122.4790927,37.8256833],[-122.4790283,37.8256883],[-122.478963,37.8257147],[-122.478857,37.8257757],[-122.4787717,37.8258376],[-122.4786894,37.8258892],[-122.478642,37.8258948],[-122.4786094,37.8258568],[-122.4785805,37.8258225],[-122.4785494,37.8258041],[-122.4785056,37.8257575],[-122.4784336,37.8256002],[-122.4784587,37.8255832],[-122.4784317,37.8255151],[-122.4784106,37.8255056],[-122.478376,37.8254841],[-122.4783641,37.8254435],[-122.4783309,37.825427],[-122.478306,37.8254268],[-122.4782865,37.8254407],[-122.4782822,37.8254518],[-122.4782673,37.825494],[-122.4782836,37.8255157],[-122.4783225,37.8255829],[-122.4783133,37.8256503],[-122.4783378,37.8256789],[-122.4783396,37.8257201],[-122.4783527,37.8257528],[-122.4783618,37.8257645],[-122.4783921,37.8257744],[-122.4784111,37.8257838],[-122.478442,37.8257955],[-122.478447,37.825813],[-122.4784546,37.8258323],[-122.4784583,37.8258519],[-122.4784347,37.8258765],[-122.478469,37.825901],[-122.4784927,37.8259056],[-122.4785103,37.8259029],[-122.4785492,37.8259193],[-122.4785897,37.8259403],[-122.4785306,37.8260242],[-122.4785,37.8260906],[-122.478533,37.826157]]],[[[-122.478533,37.826157],[-122.4785852,37.8261659],[-122.4785497,37.8262302],[-122.4785643,37.8263015],[-122.4785834,37.8263459],[-122.4785854,37.8264973],[-122.4786146,37.826555],[-122.4786754,37.8265885],[-122.47875,37.8266662],[-122.4787469,37.8267128],[-122.4787444,37.8267558],[-122.4788008,37.8269625],[-122.4788343,37.8271373],[-122.4788187,37.8276035],[-122.4788168,37.8276489],[-122.4787574,37.8276455],[-122.4787412,37.8276446],[-122.4787134,37.827665],[-122.4787238,37.8277056],[-122.4787766,37.8277143],[-122.4787939,37.8277182],[-122.4788397,37.8276991],[-122.4788895,37.8280067],[-122.4788749,37.828104],[-122.4788208,37.828136],[-122.4787464,37.8281424],[-122.4786936,37.8281306],[-122.4786743,37.8281363],[-122.478663,37.8281548],[-122.4787114,37.8282378],[-122.4787342,37.8282567],[-122.4787478,37.828269],[-122.4787606,37.8282945],[-122.4787866,37.828299],[-122.4788241,37.8282825],[-122.4788467,37.8282911],[-122.4788742,37.8283192],[-122.4788371,37.828394],[-122.4787891,37.828565],[-122.4787679,37.8288206],[-122.4787898,37.8289189],[-122.4787467,37.8290634],[-122.4787278,37.8291447],[-122.4787557,37.8292154]]],[[[-122.4787557,37.8292154],[-122.4788578,37.829366],[-122.4789097,37.8294279],[-122.4790414,37.8296901],[-122.4790844,37.8299402],[-122.4790996,37.8301033],[-122.4788058,37.8305991],[-122.4786732,37.8308209],[-122.478624,37.8308677],[-122.4786251,37.830873],[-122.4786427,37.8309589],[-122.4786068,37.8310243],[-122.4785487,37.8311305],[-122.4783543,37.8313476],[-122.4781099,37.8315207],[-122.4780412,37.8315516],[-122.477923,37.8316371],[-122.4779093,37.8316263],[-122.4778726,37.8316428]]],[[[-122.4778726,37.8316428],[-122.477858,37.8316785],[-122.4778389,37.8317047],[-122.4777978,37.8317564],[-122.4778038,37.8317885],[-122.4777954,37.8318103],[-122.4777873,37.8318518],[-122.4777854,37.831911],[-122.4777683,37.8319286],[-122.47771,37.8319959],[-122.477768,37.8320308],[-122.477797,37.832068],[-122.4778011,37.8321007],[-122.4777135,37.8321598],[-122.4775907,37.8322301],[-122.4775242,37.8322662],[-122.4773619,37.8323728],[-122.4772893,37.8324018],[-122.4771799,37.8324091],[-122.4770966,37.8324184],[-122.4770359,37.8324434],[-122.4769194,37.8325292],[-122.4769166,37.8325474],[-122.4769221,37.8325666],[-122.4769444,37.8325848],[-122.4769634,37.832582],[-122.4769775,37.8325854],[-122.4769913,37.8325817],[-122.477009,37.8325756],[-122.4770313,37.8325392],[-122.4770692,37.8325063],[-122.4771171,37.8324803],[-122.4771856,37.8324696],[-122.4775065,37.8324338],[-122.477557,37.8324273],[-122.4775633,37.8324564],[-122.4775713,37.8324918],[-122.4775847,37.8324901],[-122.4775917,37.8324891],[-122.4776362,37.8324833],[-122.4776269,37.8324401],[-122.4776569,37.8324402],[-122.4777134,37.8324424],[-122.4777629,37.8324432],[-122.4778144,37.832439],[-122.477932,37.8324302],[-122.4779616,37.8324669],[-122.4779997,37.8324979],[-122.4780201,37.8325167],[-122.4780554,37.8325487],[-122.4781657,37.8326519]]],[[[-122.4781657,37.8326519],[-122.4781827,37.8326945],[-122.478248,37.832764]]],[[[-122.478248,37.832764],[-122.4782551,37.8328013],[-122.4782608,37.8328445],[-122.4782678,37.8329552],[-122.478275,37.8330902]]],[[[-122.478275,37.8330902],[-122.478231,37.8332005],[-122.478165,37.8332499],[-122.4781187,37.8332784],[-122.4780787,37.8332967],[-122.4779913,37.8333481],[-122.4779349,37.8334496],[-122.4778944,37.8334717],[-122.4778908,37.8334741],[-122.4778237,37.8335004],[-122.4776749,37.8335472],[-122.4776574,37.8335254],[-122.477586,37.8335599],[-122.4775704,37.833577],[-122.4775617,37.8335891],[-122.477537,37.8335964],[-122.4774792,37.8336149],[-122.4774342,37.8336286],[-122.477426,37.8336104],[-122.4774079,37.8335984],[-122.4773872,37.8335957],[-122.4773156,37.8336186],[-122.4771714,37.8336509],[-122.4770456,37.8337222],[-122.4769472,37.8337581],[-122.4767774,37.8338148],[-122.4766973,37.8338216],[-122.4764599,37.8338418],[-122.4762535,37.8338567],[-122.476035,37.8338671],[-122.4757066,37.8338658],[-122.4756683,37.8338476],[-122.4754795,37.8338688],[-122.4753075,37.833857],[-122.4752042,37.8338617],[-122.4750789,37.8338633],[-122.4750113,37.8338775],[-122.4749562,37.8338866],[-122.474909,37.8338871],[-122.4749035,37.8338984],[-122.4748879,37.8338997],[-122.474889,37.8339298],[-122.4747333,37.8338988],[-122.4745091,37.8338241],[-122.4744997,37.8338205],[-122.4743999,37.8337635],[-122.4743327,37.833732],[-122.4742862,37.8337093],[-122.4742315,37.8336956],[-122.4741848,37.8337021],[-122.4741372,37.8336832],[-122.474136,37.8336134],[-122.4741479,37.8335526],[-122.474133,37.8334872],[-122.4741212,37.8334081],[-122.4740992,37.8333393],[-122.4740871,37.833295],[-122.4740744,37.8332596],[-122.474072,37.8332468]]],[[[-122.474072,37.8332468],[-122.4739106,37.8329303],[-122.4738114,37.8327091],[-122.4736331,37.8324353],[-122.4735608,37.8323215],[-122.4734904,37.8322055],[-122.4734724,37.8321709],[-122.4734775,37.8321385],[-122.4734942,37.8321179],[-122.4735391,37.8320836],[-122.4736135,37.8320455],[-122.4737265,37.8319905],[-122.4737983,37.8319582],[-122.473866,37.8319351],[-122.4739369,37.8319216],[-122.4744256,37.8318773],[-122.4752908,37.8318237],[-122.4756256,37.8321749],[-122.4756684,37.8321964],[-122.4756986,37.8321939],[-122.4757221,37.8321816],[-122.4757373,37.8321608],[-122.4757388,37.8321303],[-122.4757257,37.8321058],[-122.4756674,37.8320432],[-122.4756084,37.8319854],[-122.4755616,37.8319035],[-122.4755322,37.8318075],[-122.4754895,37.8317573],[-122.475461,37.8317304],[-122.4754408,37.8317103],[-122.4754031,37.8317009],[-122.4753584,37.8316966],[-122.4752881,37.831702],[-122.4745682,37.8317623],[-122.4739778,37.8318248],[-122.4739364,37.8318325],[-122.4737952,37.8318441],[-122.4733702,37.8320639],[-122.4732403,37.8321092],[-122.4731751,37.8321384],[-122.473101,37.832154],[-122.4730301,37.8321629],[-122.4729539,37.8321479],[-122.472967,37.8321105],[-122.4729736,37.832094],[-122.4729632,37.8320801],[-122.472942,37.8320672],[-122.4729167,37.8320564],[-122.4728917,37.8320472],[-122.4728621,37.8320395],[-122.4728553,37.8320434],[-122.4728512,37.8320505],[-122.4728436,37.8320586],[-122.4728374,37.8320626],[-122.4728297,37.8320613],[-122.472821,37.8320746],[-122.4727937,37.8320767],[-122.4727652,37.8320754],[-122.4727523,37.8320753],[-122.4727423,37.8320857],[-122.4727401,37.8320908],[-122.4727401,37.8320969],[-122.4727415,37.8321022],[-122.4727436,37.8321077],[-122.4727606,37.832116],[-122.4727759,37.8321259],[-122.4727793,37.8321268],[-122.4727826,37.8321263],[-122.4727894,37.8321241],[-122.4727945,37.8321268],[-122.4727974,37.8321303],[-122.4728,37.8321366],[-122.4728125,37.8321364],[-122.4728174,37.8321377],[-122.4728225,37.8321411],[-122.4728136,37.832144],[-122.472805,37.832148],[-122.4728026,37.8321611],[-122.4728011,37.8321873],[-122.4728037,37.8322046],[-122.4728011,37.8322098],[-122.472795,37.8322149],[-122.4727834,37.8322198],[-122.4727698,37.8322235],[-122.47277,37.8322147],[-122.4727691,37.8322115],[-122.4727605,37.8322101],[-122.4727533,37.8322124],[-122.4727442,37.8322271],[-122.4727368,37.8322318],[-122.4727327,37.8322381],[-122.472734,37.8322457],[-122.4727399,37.8322517],[-122.472768,37.8322739],[-122.4727572,37.8325471],[-122.4726753,37.8328764],[-122.4726617,37.8331521],[-122.472795,37.8337468],[-122.4729137,37.8340581],[-122.4727393,37.8340176],[-122.4726901,37.8341602],[-122.4725046,37.8342434],[-122.4724933,37.8343528],[-122.4723961,37.8344029],[-122.4723769,37.8344709],[-122.4723901,37.8345044],[-122.4722162,37.8348112],[-122.4721209,37.8348715],[-122.4721328,37.8349123],[-122.4720892,37.8350144],[-122.4720614,37.8351422],[-122.4721005,37.8351812],[-122.4721611,37.835216],[-122.4721802,37.8353444],[-122.4721598,37.8354318],[-122.472106,37.8354262],[-122.4720697,37.8354461],[-122.472078,37.8354851],[-122.472109,37.8355229],[-122.4720759,37.8356008],[-122.4720901,37.8357123],[-122.472052,37.8359636],[-122.4720638,37.8361018],[-122.4726463,37.8363227],[-122.4726972,37.8365642],[-122.472488,37.8368269],[-122.4721933,37.8369575],[-122.4722701,37.8370589],[-122.4724538,37.8374184],[-122.4726756,37.837781],[-122.4728341,37.8379573],[-122.4730812,37.8381058],[-122.4732804,37.8383177],[-122.4734457,37.8384635],[-122.4738463,37.8387384],[-122.473916,37.8390122],[-122.4740819,37.8391862],[-122.4741654,37.8394384],[-122.4743295,37.8396492],[-122.4746488,37.8399197],[-122.4747036,37.84003],[-122.4749399,37.8405913],[-122.475337,37.8409465],[-122.4754678,37.841777],[-122.4756101,37.8418064],[-122.475815,37.8420532],[-122.476352,37.8420523],[-122.4768135,37.8424655],[-122.4770236,37.8431457],[-122.4768528,37.8431951],[-122.4770416,37.8436221],[-122.4770158,37.8437103],[-122.4771103,37.8439475],[-122.4771103,37.8440627],[-122.4771875,37.8443677],[-122.4771618,37.8447812],[-122.4772476,37.8456216],[-122.4773592,37.8458859],[-122.4773847,37.845842],[-122.4799917,37.8453102],[-122.4803078,37.844994],[-122.4814077,37.8438165],[-122.482861,37.8442507],[-122.4837455,37.8450014],[-122.4824971,37.8452096],[-122.4827457,37.8453664],[-122.4828536,37.8457289],[-122.4829979,37.8458601],[-122.4832095,37.8459968],[-122.4833532,37.8462998],[-122.4836496,37.8467548],[-122.4836076,37.8470722],[-122.4856191,37.8468084],[-122.4875926,37.8480559],[-122.4875515,37.8486304],[-122.4892465,37.8492745],[-122.4892937,37.8492921],[-122.489433,37.8493741],[-122.4893854,37.8492464],[-122.4893304,37.8491247],[-122.4892668,37.8490055],[-122.4891936,37.8488874],[-122.4891135,37.8487746],[-122.4890257,37.8486641],[-122.4889304,37.8485573],[-122.4888306,37.8484554],[-122.4887216,37.8483542],[-122.4886071,37.8482614],[-122.488487,37.8481725],[-122.4883636,37.8480857],[-122.4879963,37.8478341],[-122.4873243,37.847375],[-122.4872073,37.8472932],[-122.4871044,37.8472144],[-122.4869874,37.8471161],[-122.4868815,37.8470152],[-122.4867899,37.8469222],[-122.4866966,37.8468126],[-122.4866111,37.8466992],[-122.4865315,37.8465814],[-122.4864591,37.84646],[-122.4863971,37.8463402],[-122.4863426,37.8462142],[-122.4862958,37.8460835],[-122.486261,37.845962],[-122.4858617,37.845075],[-122.4866143,37.8450817],[-122.4879327,37.8452027],[-122.4879997,37.845369],[-122.4880289,37.8453731],[-122.488059,37.845379],[-122.4881081,37.8453916],[-122.4881626,37.845407],[-122.4882211,37.8454253],[-122.4884543,37.8455761],[-122.4885816,37.8456942],[-122.4887502,37.8460228],[-122.4890092,37.8461968]]],[[[-122.4890092,37.8461968],[-122.4891043,37.8462903],[-122.4891585,37.8463185],[-122.4892122,37.8463446],[-122.4892721,37.8463729],[-122.4893927,37.8464258],[-122.4895408,37.84655],[-122.4896584,37.8467021],[-122.4898081,37.846836],[-122.4900691,37.8469426],[-122.4903217,37.8470066],[-122.4905581,37.8469952],[-122.4907452,37.8470447],[-122.4908337,37.8471831],[-122.4909177,37.8473647],[-122.4909699,37.8475167],[-122.4911335,37.8476595],[-122.4912097,37.847767],[-122.4914855,37.8483531],[-122.4916532,37.8487095],[-122.4918418,37.8489011],[-122.4920848,37.8490735],[-122.4923337,37.8491984],[-122.4926706,37.8494236],[-122.4928824,37.8497046],[-122.4929401,37.849769],[-122.4930033,37.8498339],[-122.4930613,37.8498925],[-122.493118,37.8499518],[-122.4931696,37.8500072],[-122.4932119,37.8500555],[-122.493247,37.850097],[-122.4932873,37.8501428],[-122.4933281,37.8501855],[-122.4933714,37.8502287],[-122.4934148,37.8502709],[-122.4934631,37.8503097],[-122.4935127,37.8503446],[-122.4935658,37.8503778],[-122.4936317,37.8504133],[-122.4936921,37.8504415],[-122.4937571,37.8504647],[-122.4938213,37.8504804],[-122.4941261,37.8505152],[-122.4942264,37.8505277],[-122.4942954,37.8505346],[-122.4943634,37.8505406],[-122.4944319,37.8505446],[-122.494499,37.8505437],[-122.4945683,37.8505356],[-122.4946339,37.8505192],[-122.494697,37.850498],[-122.4947601,37.8504753],[-122.494822,37.8504542],[-122.494889,37.8504414],[-122.4949571,37.850433],[-122.4950257,37.8504319],[-122.4950937,37.8504348],[-122.495163,37.8504396],[-122.4952246,37.8504511],[-122.4952729,37.8504655],[-122.495315,37.8504826],[-122.4953484,37.8505026],[-122.4953727,37.8505214],[-122.4953929,37.8505419],[-122.4954075,37.8505665],[-122.4954129,37.8505929],[-122.4954091,37.8506194],[-122.4953992,37.8506455],[-122.4953814,37.8506692],[-122.4953612,37.8506901],[-122.4953335,37.8507089],[-122.4952986,37.8507278],[-122.495249,37.8507509],[-122.4951874,37.8507781],[-122.4951119,37.8508093],[-122.4950158,37.8508449],[-122.4948788,37.8508908],[-122.494767,37.8509229],[-122.4946551,37.8509527],[-122.4945908,37.8509681],[-122.4945242,37.8509819],[-122.4942228,37.8510285],[-122.4941563,37.8510396],[-122.4940908,37.8510571],[-122.4940324,37.85108],[-122.4939746,37.85111],[-122.4939217,37.8511452],[-122.4938742,37.8511827],[-122.4938301,37.8512239],[-122.4937921,37.8512684],[-122.4937581,37.851315],[-122.4937272,37.8513645],[-122.4936551,37.8514869],[-122.4936271,37.8515332],[-122.4935917,37.8515793],[-122.4935491,37.8516231],[-122.4935002,37.8516628],[-122.4934455,37.8516962],[-122.4933874,37.8517227],[-122.4933242,37.8517423],[-122.4932585,37.8517545],[-122.4931887,37.8517628],[-122.4931321,37.8517653],[-122.4923205,37.8525925],[-122.4924323,37.8526934],[-122.4925354,37.8527963],[-122.4926335,37.852902],[-122.4927257,37.853011],[-122.4928106,37.8531238],[-122.4928906,37.8532376],[-122.4929639,37.8533556],[-122.4930294,37.8534753],[-122.4930896,37.853596],[-122.4936537,37.8547803]]],[[[-122.4936537,37.8547803],[-122.4937748,37.8550691],[-122.4938432,37.8551874],[-122.4939187,37.8553025],[-122.4940027,37.8554156],[-122.4940936,37.8555243],[-122.4941914,37.8556302],[-122.4942956,37.8557329],[-122.4944052,37.8558297],[-122.4945211,37.855921],[-122.4946441,37.856009],[-122.4947736,37.8560921],[-122.4949063,37.8561715],[-122.4950381,37.8562419],[-122.4951866,37.8563098],[-122.4953331,37.8563707],[-122.4954834,37.8564244],[-122.4956361,37.8564736],[-122.4957938,37.8565163],[-122.4959609,37.8565543],[-122.4969462,37.8567594],[-122.4971052,37.8567934],[-122.4972612,37.8568288],[-122.4974207,37.8568682],[-122.4975774,37.8569109],[-122.4977293,37.8569566],[-122.4978819,37.8570089],[-122.4980309,37.857066],[-122.4981763,37.8571263],[-122.4983225,37.8571923],[-122.4984627,37.857261],[-122.498601,37.8573364],[-122.4987332,37.857414],[-122.4988627,37.8574959],[-122.4989869,37.8575793],[-122.4991083,37.8576689],[-122.4992242,37.8577615],[-122.4993378,37.8578586],[-122.4994413,37.8579559],[-122.4995456,37.858062],[-122.4996422,37.858164],[-122.5003144,37.8589097],[-122.5004106,37.8590145],[-122.5005085,37.8591182],[-122.5006106,37.8592248],[-122.5007139,37.8593252],[-122.5008207,37.8594248],[-122.5009309,37.8595231],[-122.5010442,37.8596181],[-122.5011595,37.8597114],[-122.5012765,37.8598017],[-122.5013967,37.8598893],[-122.5015239,37.8599784],[-122.5016513,37.8600638],[-122.5017804,37.8601446],[-122.5019122,37.860224],[-122.5020439,37.8603008]]],[[[-122.5020439,37.8603008],[-122.5021804,37.8603759],[-122.5023202,37.860448],[-122.5024627,37.860518],[-122.5026053,37.860585],[-122.5027505,37.8606515],[-122.5036184,37.8610426],[-122.5037625,37.8611084],[-122.5039036,37.8611754],[-122.5040476,37.8612468],[-122.5041853,37.8613172],[-122.5043254,37.8613942],[-122.5044596,37.861472],[-122.5045924,37.8615523],[-122.5047208,37.8616349],[-122.5048485,37.8617197],[-122.5049735,37.8618078],[-122.5050944,37.8618971],[-122.5052149,37.8619905]]],[[[-122.5052149,37.8619905],[-122.5053302,37.8620854],[-122.5054431,37.8621811]]],[[[-122.5054431,37.8621811],[-122.5055548,37.8622813],[-122.5056603,37.8623803],[-122.5057664,37.8624855],[-122.505867,37.8625897],[-122.5059641,37.8626966],[-122.5060601,37.8628075],[-122.5061521,37.8629196],[-122.506238,37.863029],[-122.5063229,37.8631435],[-122.5064032,37.8632589],[-122.5064803,37.8633753],[-122.5065556,37.8634956],[-122.5066252,37.8636142],[-122.5066917,37.8637363],[-122.5067529,37.8638567],[-122.5068115,37.863981],[-122.5068681,37.864107],[-122.5069202,37.8642335],[-122.5069661,37.8643581],[-122.5070108,37.864488],[-122.5070512,37.8646166],[-122.5070867,37.8647426],[-122.5071196,37.8648733],[-122.507148,37.8650044],[-122.5071721,37.8651365],[-122.507191,37.865266],[-122.5072074,37.865398],[-122.507219,37.8655281],[-122.5072277,37.8656639],[-122.5072327,37.8657933],[-122.5072351,37.8659246],[-122.5072414,37.8665575],[-122.5075559,37.8669261],[-122.5087427,37.8674782],[-122.5089787,37.867586],[-122.509124,37.8676523],[-122.5094733,37.8675386],[-122.509516,37.8675194],[-122.5101012,37.8672562],[-122.510538,37.8670742],[-122.5116627,37.8682374],[-122.5127881,37.8690589],[-122.5139481,37.8693767],[-122.5141347,37.8694418],[-122.5143421,37.8694376],[-122.5145773,37.8694676],[-122.5146988,37.8694914],[-122.5147715,37.8695248],[-122.5150842,37.8693359],[-122.5153578,37.8691326],[-122.5155885,37.8689717],[-122.5164625,37.868678],[-122.5172555,37.8689472],[-122.5171937,37.8692617],[-122.516048,37.8697572],[-122.5155642,37.8701358],[-122.5152158,37.8705829],[-122.5162549,37.8714731],[-122.5163961,37.8730514],[-122.5165593,37.8735026],[-122.5166721,37.8735947],[-122.5168907,37.8741821],[-122.5172837,37.8745471],[-122.5176784,37.8747747],[-122.5208677,37.8718498],[-122.5238228,37.8737318],[-122.5242463,37.8737878],[-122.5247342,37.8728536],[-122.5252932,37.8721543],[-122.5260391,37.8723872],[-122.5261912,37.872011],[-122.526495,37.8713555],[-122.5266825,37.8709319],[-122.5268532,37.8705217],[-122.5269011,37.870409],[-122.5269534,37.8703039],[-122.5270052,37.8702218],[-122.5270697,37.8701398],[-122.527166,37.87005],[-122.5273931,37.8698662],[-122.5277975,37.8695436],[-122.527886,37.8694759],[-122.5280006,37.8693877],[-122.5281202,37.8694602],[-122.528143,37.8694822],[-122.5282005,37.8695448],[-122.5282181,37.8695592],[-122.5282794,37.8695618],[-122.5283604,37.8695303],[-122.5284169,37.8694933],[-122.5285711,37.8693895],[-122.528834,37.8692196],[-122.528963,37.8691834],[-122.529211,37.8691926],[-122.5293227,37.8691718],[-122.5294107,37.8691191],[-122.5295101,37.8690264],[-122.5296096,37.8689556],[-122.5311175,37.8694154],[-122.5312333,37.8699692],[-122.5310673,37.8702436],[-122.5306239,37.8704487],[-122.5304319,37.870652],[-122.5304104,37.8708552],[-122.5306239,37.8709399],[-122.5311604,37.8707875],[-122.5316539,37.870652],[-122.5318899,37.870364],[-122.531876,37.8700159],[-122.5318545,37.8696094],[-122.5320125,37.8694364],[-122.5328555,37.8694832],[-122.5338327,37.869605],[-122.5340786,37.8696356],[-122.5342251,37.8698363],[-122.5353446,37.8713634],[-122.5362888,37.8724982],[-122.5357523,37.8731927],[-122.5347653,37.8735823],[-122.5320831,37.8745986],[-122.5329843,37.8750728],[-122.5340143,37.8754116],[-122.5350013,37.8754793],[-122.5357952,37.8751744],[-122.5363531,37.8744292],[-122.5367608,37.8751236],[-122.5366321,37.8760891],[-122.5374689,37.8757334],[-122.5381556,37.8753777],[-122.5389281,37.8754116],[-122.5390354,37.876377],[-122.5393358,37.8765125],[-122.5395503,37.8764447],[-122.5399366,37.8758011],[-122.5408593,37.8762246],[-122.5410953,37.876106],[-122.5410738,37.8753608],[-122.5416532,37.8741412],[-122.5412669,37.8733113],[-122.5415855,37.8722632],[-122.5418064,37.871956],[-122.5428119,37.8725829],[-122.5435844,37.8737517],[-122.5445285,37.8743106],[-122.5474682,37.8740565],[-122.5477042,37.8747171],[-122.5471893,37.8756318],[-122.5460091,37.8764109],[-122.5455799,37.8780368],[-122.5471249,37.8772069],[-122.5480476,37.878003],[-122.5488415,37.8784095],[-122.5499144,37.8787313],[-122.5501794,37.8791115],[-122.5500431,37.8794765],[-122.5492707,37.8801201],[-122.5488844,37.881458],[-122.5474253,37.8827282],[-122.5482407,37.883846],[-122.5476963,37.884487],[-122.5480867,37.8848243],[-122.548258,37.8849101],[-122.5485942,37.8850363],[-122.5489172,37.8853426],[-122.5493847,37.8856363],[-122.549461,37.8859823],[-122.5495374,37.8860568],[-122.5497546,37.8861134],[-122.5501284,37.8863521],[-122.5503695,37.8865985],[-122.5507271,37.8868],[-122.5510482,37.8870788],[-122.5512193,37.8871474],[-122.5513712,37.8872054],[-122.5513231,37.8872341],[-122.551236,37.8872613],[-122.5511062,37.8872759],[-122.5509482,37.8872895],[-122.5507908,37.8873161],[-122.5506544,37.8873428],[-122.5505785,37.8873497],[-122.5504859,37.8873369],[-122.5504005,37.8873064],[-122.5502866,37.8872502],[-122.5500694,37.8871527],[-122.5499248,37.8871061],[-122.5498123,37.8870879],[-122.5496492,37.8870833],[-122.5493921,37.8871006],[-122.5492777,37.8870993],[-122.5491845,37.8870874],[-122.5490795,37.8870571],[-122.5488579,37.8869589],[-122.5487688,37.8869241],[-122.5486525,37.8868867],[-122.5484923,37.8868581],[-122.5483768,37.8868576],[-122.5482533,37.886867],[-122.5480971,37.8869026],[-122.5479361,37.8869767],[-122.5476422,37.8871457],[-122.5475013,37.8872437],[-122.547396,37.8873365],[-122.5473242,37.8874217],[-122.5472812,37.8875111],[-122.5472127,37.8877022],[-122.5471666,37.8877462],[-122.5471014,37.8877796],[-122.5470828,37.8883048],[-122.5470745,37.8886812],[-122.5471886,37.8887217],[-122.5473351,37.8887968],[-122.547491,37.8889259],[-122.5475481,37.8889994],[-122.5475823,37.889055],[-122.547588,37.889118],[-122.5475785,37.8891765],[-122.5475595,37.8892291],[-122.5475252,37.8892831],[-122.547472,37.8893266],[-122.5474016,37.8893626],[-122.5473293,37.8893747],[-122.5472476,37.8893762],[-122.5470834,37.8893541],[-122.5463499,37.8891765],[-122.5462852,37.8891765],[-122.5462244,37.8891885],[-122.5461825,37.8892111],[-122.5461464,37.8892471],[-122.546095,37.8893296],[-122.5460665,37.8893566],[-122.5460361,37.8893762],[-122.5459866,37.8893957],[-122.5446422,37.889824],[-122.5439064,37.8891602],[-122.54367,37.8889295],[-122.5436323,37.8889891],[-122.5436204,37.8890571],[-122.5436229,37.8891352],[-122.5439152,37.889614],[-122.5435499,37.8899179],[-122.5438,37.8901905],[-122.5433619,37.8901857],[-122.5426207,37.8903815],[-122.5425661,37.8904518],[-122.5430915,37.8910113],[-122.5433658,37.8911487],[-122.5434907,37.8913288],[-122.5435518,37.8913],[-122.5439314,37.8912565],[-122.544012,37.8910999],[-122.5443139,37.8907368],[-122.5446766,37.8907882],[-122.5448527,37.8906533],[-122.5454955,37.890721],[-122.5456416,37.8910396],[-122.5458271,37.8911984],[-122.545873,37.8912013],[-122.5459154,37.89118],[-122.5459803,37.8911209],[-122.5460721,37.8910149],[-122.546191,37.8906844],[-122.5464565,37.8905012],[-122.5468408,37.8906373],[-122.5471553,37.8905627],[-122.547305,37.8906803],[-122.547398,37.8906819],[-122.5476933,37.8903643],[-122.5482403,37.8905037],[-122.5484887,37.8904653],[-122.5486587,37.8904911],[-122.5490627,37.8904418],[-122.5490636,37.8907035],[-122.5489001,37.8909114],[-122.5488893,37.8910087],[-122.5488546,37.8911017],[-122.5487275,37.8912892],[-122.5485784,37.8914287],[-122.5484106,37.8916225],[-122.5483832,37.8917234],[-122.5485087,37.892034],[-122.548079,37.892196],[-122.5479458,37.8923314],[-122.5480057,37.8924967],[-122.5478657,37.8927757],[-122.547859,37.8928492]]],[[[-122.547859,37.8928492],[-122.547889,37.8929034],[-122.5482616,37.8931138],[-122.5483241,37.8931137],[-122.5488013,37.8929823],[-122.5490502,37.8931011],[-122.5492638,37.8934951],[-122.5493325,37.8934907],[-122.5494025,37.8934602],[-122.549703,37.893064],[-122.5501761,37.8929291],[-122.5501778,37.8933799],[-122.5502021,37.8934454],[-122.5502755,37.8935015],[-122.5510362,37.8936442],[-122.5511547,37.8942746],[-122.5512041,37.894301],[-122.5512967,37.8943026],[-122.5517248,37.8942498],[-122.5515908,37.8946184],[-122.5516431,37.8947856],[-122.5517219,37.8948907],[-122.5518493,37.8949713],[-122.5522702,37.8949099],[-122.5526118,37.8949527],[-122.5529586,37.8948215],[-122.5533325,37.8949932],[-122.5542301,37.8944536],[-122.554266,37.8947639],[-122.5552919,37.8950225],[-122.555985,37.8949958],[-122.5554205,37.8955294],[-122.556436,37.8961368]]],[[[-122.556436,37.8961368],[-122.557334,37.8953013],[-122.5571262,37.8950428],[-122.5570652,37.8949216],[-122.5570369,37.8948139],[-122.5570258,37.8946596],[-122.5570336,37.8944799],[-122.5570628,37.8942599],[-122.5571059,37.8939057],[-122.5571147,37.8937421],[-122.5571017,37.8936338],[-122.5570252,37.893494],[-122.5569873,37.8934261],[-122.5569338,37.8933376],[-122.5567348,37.8930142],[-122.5565672,37.8927639],[-122.556517,37.892676],[-122.5564415,37.8924957],[-122.5563344,37.8919965],[-122.5562578,37.8916066],[-122.5562358,37.8913816],[-122.5562314,37.8912195],[-122.5562407,37.8910514],[-122.5562531,37.8907917],[-122.5562417,37.8906621],[-122.5562145,37.890564],[-122.5561645,37.8904872],[-122.556113,37.8904115],[-122.5560537,37.8903423],[-122.5559795,37.8902601],[-122.5558589,37.8901614],[-122.5556654,37.8900137],[-122.5553712,37.8897844],[-122.5552048,37.8896467],[-122.5551308,37.8895705],[-122.5550156,37.8894223],[-122.5549926,37.8893733],[-122.5549774,37.8893326],[-122.5549183,37.8891676],[-122.554718,37.8887215],[-122.5546296,37.8885356],[-122.5545802,37.8883967],[-122.554549,37.888283],[-122.5545249,37.8881237],[-122.5544997,37.8879124],[-122.5544624,37.8875739],[-122.5544249,37.8872045],[-122.5543805,37.886867],[-122.5543879,37.8866702],[-122.5544056,37.8865488],[-122.5544385,37.886416],[-122.554489,37.8862982],[-122.554579,37.8860562],[-122.55463,37.8858939],[-122.5546695,37.8857555],[-122.5546943,37.8856041],[-122.5546967,37.8854633],[-122.5547003,37.8851921],[-122.554707,37.8849174],[-122.5547198,37.8847182],[-122.5547266,37.8845534],[-122.5547053,37.8843772],[-122.5546677,37.8841915],[-122.5546273,37.8840184],[-122.554571,37.8838042],[-122.5545422,37.8836614],[-122.5545477,37.883541],[-122.5545723,37.8834275],[-122.5545758,37.8833688],[-122.5545591,37.8833365],[-122.554528,37.8833191],[-122.5544813,37.8833134],[-122.554428,37.8833304],[-122.5543821,37.8833599],[-122.5543496,37.8834076],[-122.5543372,37.8834703],[-122.5543447,37.88357],[-122.5543538,37.8836771],[-122.554359,37.8837911],[-122.5543419,37.8838597],[-122.5543129,37.883914],[-122.554279,37.8839561],[-122.554209,37.8840151],[-122.5541152,37.8840709],[-122.5538134,37.8841925],[-122.5537281,37.8841539],[-122.5537609,37.8841155],[-122.553792,37.8840855],[-122.5538486,37.8840451],[-122.5539581,37.8839966],[-122.5540428,37.8839522],[-122.5540837,37.8839236],[-122.5541075,37.8838988],[-122.5541281,37.8838748],[-122.5541416,37.8838434],[-122.5541514,37.883802],[-122.5541482,37.8837667],[-122.55413,37.8836363],[-122.5541071,37.8834982],[-122.5541036,37.8834573],[-122.5541047,37.8834085],[-122.5541129,37.883368],[-122.5541304,37.8833228],[-122.5541549,37.8832675],[-122.5542156,37.8831901],[-122.5543142,37.8830539],[-122.5543276,37.8830039],[-122.5543314,37.8829313],[-122.5542992,37.882862],[-122.5542377,37.8828039],[-122.5539642,37.8826305],[-122.5538675,37.8825707],[-122.553799,37.8825026],[-122.5537708,37.8824623],[-122.5537585,37.8824156],[-122.5537525,37.8823644],[-122.5537661,37.8823097],[-122.5538209,37.8821611],[-122.5538636,37.8820589],[-122.5538731,37.8819826],[-122.5538625,37.8818781],[-122.5538433,37.8817693],[-122.5538354,37.8816873],[-122.5538582,37.881552],[-122.5539019,37.8813629],[-122.5539908,37.8810835],[-122.5542045,37.8805113],[-122.5542248,37.8804392],[-122.5542107,37.8803468],[-122.5541642,37.8802277],[-122.5541023,37.880111],[-122.5540006,37.8799384],[-122.5537587,37.87965],[-122.5537144,37.8795778],[-122.5536933,37.8795166],[-122.5537046,37.8794454],[-122.5537342,37.8793764],[-122.5537958,37.8793083],[-122.5538526,37.8792662],[-122.5539245,37.8792337],[-122.5539823,37.8792117]]],[[[-122.5539823,37.8792117],[-122.5540528,37.8792106],[-122.5541301,37.8792245],[-122.5542283,37.8792641],[-122.554433,37.879385],[-122.5544732,37.879402],[-122.5545239,37.8794157],[-122.554552,37.8794196],[-122.5545787,37.8794209],[-122.5546063,37.8794192],[-122.5546336,37.8794145],[-122.554658,37.8794058],[-122.5546785,37.8793947],[-122.5546959,37.8793818],[-122.5547081,37.8793696],[-122.5547183,37.8793564],[-122.5547263,37.8793424],[-122.5547322,37.8793283],[-122.5547358,37.8793153],[-122.5547401,37.8792843],[-122.5547387,37.8792513],[-122.5547327,37.8792063],[-122.5547247,37.8791476],[-122.5547173,37.8790871],[-122.5547147,37.8790155],[-122.554718,37.8789372],[-122.5547293,37.8788615],[-122.5547496,37.8787784],[-122.5547823,37.878711],[-122.5548275,37.878638],[-122.5548976,37.8785807],[-122.5549933,37.8785294],[-122.555078,37.8785079],[-122.5551574,37.8784886],[-122.5552386,37.8784696],[-122.5553387,37.8784389],[-122.5554163,37.8783923],[-122.5554741,37.8783379],[-122.5554927,37.8783114],[-122.5555292,37.8782315],[-122.5555462,37.8781447],[-122.5556114,37.8778207],[-122.5556464,37.8776889],[-122.5556708,37.877623],[-122.555705,37.8775606],[-122.5557854,37.8774672],[-122.5558774,37.8773847],[-122.5560038,37.8772794],[-122.5561549,37.8771645],[-122.5564099,37.8770081],[-122.5565457,37.8769441],[-122.5566901,37.8769012],[-122.5568104,37.8768841],[-122.5569277,37.876885],[-122.5571856,37.8769148],[-122.5573711,37.8769281],[-122.5574907,37.8769266],[-122.5575673,37.876918],[-122.5576074,37.8769076],[-122.5576429,37.8768927],[-122.5576727,37.8768752],[-122.5576982,37.8768519],[-122.5577166,37.876825],[-122.5577274,37.8767989],[-122.5577344,37.8767729],[-122.5577362,37.8767462],[-122.5577354,37.8767187],[-122.5577311,37.8766913],[-122.5577248,37.8766611],[-122.557715,37.8766277],[-122.5576893,37.8765641],[-122.5576282,37.8764394],[-122.557535,37.8762532],[-122.5575042,37.8761773],[-122.5574931,37.8761083],[-122.5574976,37.8760569],[-122.5575202,37.875992],[-122.5576099,37.8758801],[-122.5576654,37.8758313],[-122.5577245,37.8757882],[-122.5577974,37.8757458],[-122.5579465,37.8756787],[-122.5580457,37.8756384],[-122.5581591,37.8755866],[-122.5584112,37.8754429],[-122.558505,37.8754052],[-122.5586039,37.8753794],[-122.5587225,37.8753594],[-122.5587847,37.8753448],[-122.5588409,37.875323],[-122.5588806,37.8752989],[-122.5589217,37.8752629],[-122.5589556,37.875221],[-122.5590085,37.8751292],[-122.5590485,37.8750745],[-122.5590866,37.8750314],[-122.5591379,37.8749885],[-122.5591943,37.8749486],[-122.5592673,37.8749099],[-122.5593763,37.8748604],[-122.5594549,37.8748309],[-122.5595394,37.874804],[-122.5596442,37.8747825],[-122.5597506,37.8747719],[-122.559837,37.874763],[-122.5599154,37.8747485],[-122.5600664,37.8747006],[-122.560157,37.8746767],[-122.5602526,37.8746654],[-122.5603399,37.8746658],[-122.5604402,37.8746796],[-122.5607595,37.8747432],[-122.5609562,37.8747887],[-122.561111,37.8748399],[-122.5614385,37.8749786],[-122.5615015,37.8749968],[-122.5615565,37.8750073],[-122.5615996,37.8750085],[-122.5616455,37.8749995],[-122.5616827,37.8749841],[-122.5617155,37.8749596],[-122.5617468,37.8749157],[-122.5617562,37.8748663],[-122.5617505,37.8748151],[-122.561729,37.8747452],[-122.5616168,37.8743973],[-122.5615831,37.874319],[-122.5615418,37.8742476],[-122.561484,37.8741762],[-122.5614344,37.8741081],[-122.5614073,37.8740618],[-122.5613896,37.8740087],[-122.5613836,37.8739363],[-122.561404,37.8738515],[-122.5614378,37.8737832],[-122.5614836,37.8737199],[-122.5615675,37.8736505],[-122.5616476,37.8736122],[-122.5617615,37.8735748],[-122.5618495,37.8735493],[-122.5619161,37.8735257],[-122.5619663,37.873499],[-122.5620077,37.8734671],[-122.5620414,37.8734308],[-122.562063,37.873391],[-122.562077,37.8733475],[-122.5620882,37.8732598],[-122.5621023,37.8731916],[-122.5621261,37.8731278],[-122.5621727,37.8730587],[-122.562216,37.8730209],[-122.5622686,37.8729872],[-122.5623469,37.8729542],[-122.5624518,37.8729133]]],[[[-122.5624518,37.8729133],[-122.5617441,37.8721057],[-122.559485,37.8718235]]],[[[-122.559485,37.8718235],[-122.5615023,37.8695727],[-122.5621568,37.8687639],[-122.5628354,37.8680907]]],[[[-122.5628354,37.8680907],[-122.5628419,37.8680212],[-122.5629128,37.8678194],[-122.5629507,37.8677137],[-122.5629959,37.8676252],[-122.5630956,37.8674342],[-122.5629937,37.8671462],[-122.5629239,37.8668117],[-122.5628327,37.8664517],[-122.5626664,37.8662781]]],[[[-122.5626664,37.8662781],[-122.5625851,37.8662666],[-122.5625272,37.8662656],[-122.562457,37.866271],[-122.5615734,37.866429],[-122.5609981,37.8665618],[-122.5602524,37.8668582],[-122.5600271,37.8671462],[-122.5597656,37.8673099],[-122.5591795,37.8672224],[-122.5585251,37.8669218],[-122.5584017,37.8666338],[-122.5582783,37.866223],[-122.5581549,37.865863],[-122.5583427,37.865664],[-122.5589435,37.8655285],[-122.5593405,37.8657783],[-122.5598823,37.8659604],[-122.5606869,37.8659308],[-122.5614862,37.8657402],[-122.5620173,37.8656216]]],[[[-122.5620173,37.8656216],[-122.561851,37.865232],[-122.5616955,37.8650287],[-122.5617095,37.8648659],[-122.5618919,37.864849],[-122.5620529,37.8648194],[-122.5622353,37.8648448],[-122.5624606,37.8649591],[-122.5627878,37.8650269],[-122.5631848,37.8650989],[-122.5635998,37.8652278],[-122.5638982,37.8651709],[-122.5640622,37.8649702],[-122.5641611,37.8648744],[-122.5642523,37.8647304],[-122.5643542,37.8646203],[-122.5644722,37.8645102],[-122.564558,37.8643196],[-122.56466,37.8641841],[-122.5647552,37.8640559],[-122.5647962,37.863953],[-122.5648095,37.8638682],[-122.5647521,37.8637668],[-122.5642275,37.8632373],[-122.5639592,37.8629959],[-122.5639056,37.8628265],[-122.564029,37.8625766],[-122.5645279,37.862475],[-122.5649838,37.8626741],[-122.56513,37.8628886],[-122.5657724,37.8631907],[-122.5661426,37.8632712],[-122.5666039,37.863123]]],[[[-122.5666039,37.863123],[-122.5684399,37.861297],[-122.5688234,37.8627103]]],[[[-122.5688234,37.8627103],[-122.5691117,37.8626819],[-122.5694475,37.8626111],[-122.5695335,37.862613],[-122.5696745,37.8626572],[-122.5699894,37.8626637],[-122.5701492,37.8626268],[-122.5702966,37.86264],[-122.5706093,37.8626124],[-122.5708308,37.8625742],[-122.5711854,37.8625599],[-122.5713483,37.8625059],[-122.5715049,37.8624667],[-122.5715624,37.8624235],[-122.5716663,37.8623854],[-122.571695,37.8623414],[-122.5717608,37.8623245],[-122.5718743,37.862296],[-122.5719578,37.8622911],[-122.5720107,37.8622389],[-122.5722037,37.8622159],[-122.5722987,37.8621915],[-122.5725486,37.8620968],[-122.5728381,37.862004],[-122.5729411,37.8619391],[-122.5730493,37.8618243],[-122.5732672,37.86162],[-122.5734459,37.8614558],[-122.5734629,37.8613941]]],[[[-122.5734629,37.8613941],[-122.5713206,37.8598731],[-122.5721561,37.8591885],[-122.574039,37.8604633],[-122.5741188,37.860523],[-122.5745486,37.8608445],[-122.5747578,37.8605734],[-122.5751333,37.8605522],[-122.575388,37.8606434],[-122.5755947,37.8607174],[-122.5762759,37.8610562],[-122.5783144,37.8599339],[-122.5789378,37.8596194],[-122.5786752,37.8596301],[-122.5781145,37.8596788],[-122.5779678,37.8597037],[-122.5776887,37.859694],[-122.5774711,37.8596414],[-122.5772482,37.8595801],[-122.5760186,37.8590874],[-122.5757277,37.8589764],[-122.5750312,37.8585584],[-122.5747554,37.858301],[-122.5742552,37.8576882]]],[[[-122.5742552,37.8576882],[-122.5739701,37.8572006],[-122.5738659,37.8570108],[-122.5738315,37.8568373],[-122.5737968,37.8562987],[-122.5737271,37.8560911],[-122.5735712,37.8558742],[-122.5733277,37.8557336],[-122.5730846,37.8556313],[-122.5719741,37.8550324],[-122.5717657,37.8549528],[-122.5712618,37.8548315],[-122.5710012,37.8548058],[-122.57088,37.8547716],[-122.5707411,37.8547012],[-122.5704635,37.8546664],[-122.570238,37.854501],[-122.5701851,37.8543973],[-122.5701857,37.8543206],[-122.5702723,37.854215],[-122.5703493,37.8541412],[-122.5704075,37.8540779],[-122.5705499,37.8539817],[-122.5705157,37.8538847],[-122.570602,37.8538242],[-122.5705846,37.8537633],[-122.5703936,37.8536341],[-122.5703243,37.8535641],[-122.5702548,37.853539],[-122.570151,37.8535476],[-122.5700296,37.8536689],[-122.5699943,37.8537566],[-122.5698899,37.8538238],[-122.5696993,37.8538682],[-122.5695082,37.8538518],[-122.5691437,37.8537467],[-122.568935,37.8537302],[-122.5684491,37.8538163],[-122.568119,37.8537813],[-122.5680498,37.8537382],[-122.5679283,37.8534854],[-122.5678413,37.8534265],[-122.5677203,37.8534508],[-122.5676506,37.8535723],[-122.5677199,37.8536333],[-122.567737,37.8537371],[-122.567668,37.8537728],[-122.5674767,37.8538172],[-122.5673901,37.8537988],[-122.5672339,37.8537825],[-122.567182,37.853904],[-122.5669212,37.8539121],[-122.5667824,37.8539634],[-122.5666953,37.8540239],[-122.5665217,37.8540593],[-122.5664353,37.8540252],[-122.566383,37.8539732],[-122.5663658,37.8538762],[-122.5661574,37.8537899],[-122.5659495,37.8537642],[-122.5658971,37.8537213],[-122.5659666,37.8536156],[-122.5659316,37.8535478],[-122.5658273,37.8535205],[-122.5656019,37.8535309],[-122.5654807,37.8535034],[-122.5651503,37.8533918],[-122.5650981,37.8533217],[-122.5648034,37.8532868],[-122.5646473,37.8531489],[-122.5644039,37.853069],[-122.5639001,37.8526954],[-122.5637441,37.85267],[-122.5635881,37.8526176],[-122.5635011,37.8525588],[-122.563362,37.8524185],[-122.5631882,37.8523413],[-122.5630151,37.8523136],[-122.5628409,37.8522183],[-122.5625985,37.8521318],[-122.5623728,37.8520971],[-122.5622685,37.8520629],[-122.5621802,37.8520985],[-122.5620608,37.8520977],[-122.5620438,37.8520904],[-122.5620143,37.8520612],[-122.5620007,37.8520478],[-122.5619866,37.8519932],[-122.5619936,37.851944],[-122.5620027,37.851906],[-122.5619776,37.8518403],[-122.5619696,37.8517753],[-122.5619907,37.8517059],[-122.5620603,37.8516025],[-122.5622505,37.8513778],[-122.5623204,37.8512204],[-122.5623202,37.8511167],[-122.5622857,37.8510648],[-122.562181,37.8509788],[-122.5619905,37.8508992],[-122.561869,37.8507951],[-122.5617993,37.8506912],[-122.5617475,37.8505446],[-122.5616778,37.8504226],[-122.5616087,37.8503616],[-122.5615045,37.8503003],[-122.5614176,37.8502144],[-122.5613311,37.8500923],[-122.5613481,37.8499617],[-122.5614868,37.8497099],[-122.5615213,37.8495117],[-122.5615044,37.849372],[-122.5614524,37.8492771],[-122.5612784,37.84913],[-122.561088,37.8490324],[-122.560723,37.8488869],[-122.5605843,37.8487894],[-122.5604974,37.8486945],[-122.5604801,37.8486336],[-122.5605147,37.8485639],[-122.5605497,37.8485212],[-122.5606185,37.8485214],[-122.5606886,37.8484518],[-122.560636,37.84833],[-122.560636,37.8482353],[-122.5606882,37.8481747],[-122.5606886,37.8481139],[-122.5605665,37.8480616],[-122.5604103,37.84807],[-122.5602541,37.8480536],[-122.5601154,37.8479652],[-122.559959,37.8479647],[-122.5598378,37.8480363],[-122.5596468,37.8480266],[-122.5593339,37.8479735],[-122.5591257,37.8479751],[-122.5589865,37.8479475],[-122.5589345,37.8479653],[-122.5588654,37.8478704],[-122.5588306,37.8477667],[-122.558865,37.8477217],[-122.5588476,37.8475413],[-122.5587262,37.8473832],[-122.5586743,37.8472793],[-122.5586396,37.8470291],[-122.5586566,37.8469075],[-122.5587612,37.8466375],[-122.5588128,37.8465679],[-122.558917,37.8464804],[-122.559126,37.8464992],[-122.5593163,37.8464908],[-122.5594559,37.8463427],[-122.5595077,37.8462302],[-122.5595081,37.8460477],[-122.5595424,37.8459961],[-122.5595423,37.8458834],[-122.5596292,37.8457259],[-122.5596636,37.8455706],[-122.5596467,37.8455254],[-122.5595769,37.8454396],[-122.5594554,37.8453535],[-122.5593165,37.8452831],[-122.5591081,37.8452148],[-122.5586397,37.8451094],[-122.558171,37.8450919],[-122.5578406,37.8449802],[-122.5574765,37.844918],[-122.5574241,37.844893],[-122.5574417,37.8447894],[-122.5574763,37.8447287],[-122.5574069,37.8446766],[-122.5573197,37.8446493],[-122.5571289,37.8447184],[-122.5568514,37.8445709],[-122.5565733,37.8445112],[-122.5563998,37.8445286],[-122.5561743,37.8445976],[-122.55607,37.8445544],[-122.5559308,37.8444412],[-122.5556879,37.8442082],[-122.5555667,37.8440342],[-122.5554625,37.8437387],[-122.5554102,37.8434523],[-122.5554272,37.8433555],[-122.555514,37.8432094],[-122.5556183,37.8431128],[-122.555653,37.8430183],[-122.5556533,37.8428697],[-122.5556877,37.8427999],[-122.5557227,37.8427572],[-122.5557747,37.8427394],[-122.555886,37.8426062],[-122.5559832,37.8426974],[-122.556182,37.8426041],[-122.5561596,37.8424906],[-122.5558235,37.8424338],[-122.5557935,37.8422404],[-122.5553929,37.842089],[-122.5553931,37.8420643],[-122.5554623,37.8420014],[-122.5554798,37.8419249],[-122.5554624,37.841864],[-122.5554102,37.8418119],[-122.555323,37.8417846],[-122.5551674,37.841802],[-122.5549417,37.84188],[-122.55482,37.8419066],[-122.5546461,37.8420119],[-122.5545418,37.8419934],[-122.5544897,37.8420451],[-122.5544028,37.8421844],[-122.5543166,37.8422359],[-122.5542121,37.8422446],[-122.5539346,37.842203],[-122.5537434,37.8421233],[-122.5535869,37.8420191],[-122.5533964,37.8419237],[-122.5532917,37.8418377],[-122.5532225,37.8417495],[-122.5532051,37.8417067],[-122.5532574,37.8415086],[-122.5533611,37.841385],[-122.553396,37.8413852],[-122.5535568,37.8413648],[-122.5534943,37.8412557],[-122.5534329,37.8412181],[-122.5533709,37.841249],[-122.5532998,37.8411628],[-122.5530613,37.8413251],[-122.5529935,37.8414773],[-122.5529716,37.8415928],[-122.5530161,37.8416571],[-122.552966,37.8416919],[-122.5529315,37.8416925],[-122.5526759,37.841581],[-122.5524965,37.8414711],[-122.5522566,37.8412518],[-122.5521248,37.841126],[-122.551852,37.8407482],[-122.5517468,37.8406486],[-122.5516862,37.8405372],[-122.5516356,37.8403619],[-122.5515561,37.8401517],[-122.5514311,37.8399741],[-122.5513644,37.8398701],[-122.5514295,37.8398396],[-122.5514451,37.8397826],[-122.5513654,37.8395998],[-122.5512707,37.8395575],[-122.551224,37.8394947],[-122.5511739,37.8394074],[-122.5512255,37.8392251],[-122.551226,37.8391463],[-122.5513079,37.8390668],[-122.5512815,37.8389248],[-122.550948,37.8388252],[-122.5508438,37.838791],[-122.5508165,37.8386579],[-122.550608,37.8385931],[-122.5504327,37.8385935],[-122.5503401,37.8385818],[-122.5502882,37.8385815],[-122.5499837,37.8384739],[-122.5500391,37.8382328],[-122.5500774,37.8380295],[-122.5499412,37.8378186],[-122.5499587,37.8377669],[-122.549854,37.8375659],[-122.5498718,37.8374443],[-122.5498368,37.8373586],[-122.5497846,37.8372975],[-122.5497152,37.8372545],[-122.5496976,37.8371147],[-122.5496285,37.8370378],[-122.5495767,37.836916],[-122.5494204,37.8368027],[-122.5493677,37.8368115],[-122.5492814,37.8367684],[-122.5492115,37.8366982],[-122.5491076,37.8363778],[-122.5491078,37.8362382],[-122.5491426,37.8361167],[-122.5491252,37.8360399],[-122.5490381,37.8359946],[-122.5489515,37.8360032],[-122.5488817,37.836039],[-122.5488469,37.8360389],[-122.5488123,37.8360049],[-122.5488122,37.8358923],[-122.5488645,37.83571],[-122.5489168,37.8356313],[-122.5489343,37.8355616],[-122.5489169,37.835379],[-122.5490206,37.8352757],[-122.5490465,37.8351513],[-122.5490556,37.8351114],[-122.549142,37.8350486],[-122.5492115,37.8350669],[-122.5493509,37.8350404],[-122.5495072,37.8349193],[-122.5495245,37.8348586],[-122.5495246,37.8347459],[-122.5494201,37.8343894],[-122.5494026,37.8342339],[-122.5493677,37.8341301],[-122.5493157,37.8340421],[-122.5490212,37.8340161],[-122.5486907,37.8340509],[-122.5485691,37.8340774],[-122.5482565,37.8340695],[-122.5481353,37.8340511],[-122.5480314,37.8340596],[-122.5479444,37.8341112],[-122.5477709,37.8340339],[-122.5476317,37.8339996],[-122.5475451,37.8339992],[-122.5474931,37.8341387],[-122.5473364,37.8342169],[-122.5471806,37.8342592],[-122.5470065,37.8342675],[-122.5468853,37.8342333],[-122.5467464,37.8341719],[-122.5466249,37.8341804],[-122.5465032,37.834225],[-122.5463816,37.8342336],[-122.5459129,37.8341304],[-122.5453747,37.8338511],[-122.5452013,37.8334358],[-122.5450624,37.8332438],[-122.5447323,37.8330961],[-122.5445763,37.8330617],[-122.5444717,37.833104],[-122.5443331,37.8331058],[-122.5441944,37.8330444],[-122.5437773,37.8326012],[-122.5436386,37.832524],[-122.5435342,37.8325145],[-122.5434826,37.8324715],[-122.5433954,37.8323315],[-122.5433084,37.8322793],[-122.5432047,37.8322722],[-122.5431523,37.8322382],[-122.5430656,37.832132],[-122.5429789,37.8321496],[-122.5428572,37.8322032],[-122.542701,37.8321508],[-122.5425964,37.8320715],[-122.5424405,37.8320034],[-122.542336,37.832021],[-122.5422318,37.8321062],[-122.5421623,37.8322029],[-122.5421278,37.8323852],[-122.5420757,37.8325314],[-122.5420415,37.8325763],[-122.5419198,37.8326007],[-122.5418503,37.8325666],[-122.5417806,37.8324717],[-122.5417635,37.8322463],[-122.5417803,37.8321856],[-122.5418672,37.8320462],[-122.5418848,37.8319516],[-122.541798,37.8317328],[-122.5416589,37.8316038],[-122.5415722,37.8316034],[-122.5414335,37.8316299],[-122.5413637,37.8316634],[-122.5412424,37.8316562],[-122.5411734,37.8315771],[-122.5410394,37.8315101],[-122.5409821,37.8314907],[-122.540918,37.8316463],[-122.54084,37.8316133],[-122.5407684,37.8316334],[-122.540736,37.8315826],[-122.5406772,37.8315817],[-122.5406583,37.8316382],[-122.5406432,37.8316594],[-122.5406082,37.8316523],[-122.5405796,37.831663],[-122.5405659,37.8316879],[-122.5405334,37.8316716],[-122.5405092,37.8316743],[-122.5405102,37.8316253],[-122.5404553,37.831635],[-122.5404039,37.8316584],[-122.5403775,37.831704],[-122.5403854,37.8318058],[-122.5403746,37.8318175],[-122.5403446,37.8318171],[-122.5403461,37.8317643],[-122.540343,37.8317152],[-122.5402977,37.8317011],[-122.5402648,37.8317164],[-122.5402258,37.8317451],[-122.5401866,37.8317688],[-122.5400291,37.8319589]]],[[[-122.5400291,37.8319589],[-122.5398847,37.8319626],[-122.5391245,37.8316235],[-122.5385765,37.8313851],[-122.5380562,37.8311968],[-122.5375188,37.8308227],[-122.5371388,37.8305682],[-122.5366776,37.8302796],[-122.5360045,37.8298715],[-122.5356379,37.8296115],[-122.5352992,37.8292543],[-122.5353046,37.8289777],[-122.5355139,37.8289419]]],[[[-122.5355139,37.8289419],[-122.5354987,37.82891],[-122.5353284,37.8286317],[-122.5350551,37.828264],[-122.5349279,37.8280655],[-122.5348094,37.8279304],[-122.5347553,37.8278176],[-122.5346219,37.8275704],[-122.5344104,37.8272755]]],[[[-122.5344104,37.8272755],[-122.534495,37.8272205],[-122.5345015,37.827082],[-122.5345489,37.8269851],[-122.5345379,37.8268901],[-122.5344903,37.8268552],[-122.5344741,37.8268138],[-122.5345003,37.8267891],[-122.5344544,37.826731],[-122.5343541,37.8265866],[-122.5342703,37.8264863],[-122.5340529,37.8262264],[-122.5341525,37.8262057],[-122.534276,37.82618],[-122.5342801,37.8260537],[-122.5342841,37.8259371]]],[[[-122.5342841,37.8259371],[-122.5341987,37.825775],[-122.5341812,37.8253039],[-122.5342656,37.8251232],[-122.5344556,37.8248269],[-122.5345826,37.8246603],[-122.5346582,37.8246686],[-122.5346876,37.8246396],[-122.5347436,37.8245415],[-122.5348436,37.8244407],[-122.534941,37.8244168],[-122.5350455,37.8243937]]],[[[-122.5350455,37.8243937],[-122.5351538,37.8244444],[-122.5352379,37.8245258],[-122.5352981,37.8245424],[-122.5353392,37.8245465],[-122.5353913,37.8245087],[-122.5354421,37.8244818],[-122.5355224,37.8243969],[-122.535617,37.824389],[-122.5358359,37.8244205],[-122.5358809,37.8244392],[-122.5359294,37.8244339],[-122.5360529,37.8244474],[-122.5361227,37.8244897],[-122.5360923,37.8243446],[-122.5360834,37.8242551],[-122.5360762,37.824169],[-122.5360575,37.8240118],[-122.5360956,37.8239766],[-122.5360944,37.8239044],[-122.5358916,37.8240883],[-122.5359186,37.8241868],[-122.5358926,37.8242176],[-122.5358748,37.8242728],[-122.5357946,37.8243171],[-122.5356892,37.8243083],[-122.5357146,37.8242433],[-122.5356986,37.8241842],[-122.53564,37.8240154],[-122.5357004,37.8239158],[-122.5356643,37.8238345],[-122.5355204,37.8238758],[-122.5353491,37.8238022],[-122.5352723,37.8236775],[-122.5352411,37.8235928],[-122.5352869,37.8234963],[-122.5351859,37.8234111],[-122.5350739,37.8234286],[-122.5349515,37.8235306],[-122.5348079,37.8236025],[-122.534674,37.8236287]]],[[[-122.534674,37.8236287],[-122.5346371,37.8236213],[-122.5345825,37.8235598],[-122.5345063,37.8235315],[-122.5343664,37.8234622],[-122.5342949,37.8233677],[-122.5342329,37.8234134],[-122.5341657,37.8234218],[-122.5341323,37.8232184],[-122.5341063,37.8230973],[-122.5340185,37.8230714],[-122.533982,37.8230351],[-122.5340578,37.8230176],[-122.5340396,37.8229939],[-122.533977,37.8229192],[-122.5338816,37.8229082],[-122.5338257,37.8228946],[-122.5337744,37.8227828],[-122.5338177,37.8227092],[-122.5339155,37.8226798],[-122.5340143,37.8226216],[-122.5340412,37.8225773],[-122.5340461,37.8224891],[-122.5339588,37.8224976],[-122.5339289,37.8225238],[-122.5339204,37.8224413],[-122.5338968,37.8224068],[-122.533979,37.8222566],[-122.5340139,37.8222584],[-122.5340625,37.8221891],[-122.5340479,37.822129],[-122.5339417,37.8220613],[-122.5338115,37.8220709],[-122.5337381,37.8219666],[-122.5336572,37.821939],[-122.5336124,37.8219565],[-122.5335552,37.8220087],[-122.5334504,37.8220135],[-122.5334063,37.821992],[-122.5334109,37.8219578],[-122.5334255,37.8218794],[-122.5334438,37.8217987],[-122.5334032,37.8217515],[-122.533361,37.8217216],[-122.533268,37.8217109],[-122.5333187,37.8216917],[-122.5333912,37.8216837],[-122.5334586,37.8216583],[-122.5334344,37.8216237],[-122.5333215,37.8216385],[-122.5332552,37.8216323],[-122.5332236,37.8216386],[-122.5332071,37.8216883],[-122.5331432,37.8216597],[-122.5331102,37.8216684],[-122.5330779,37.821648],[-122.5330504,37.8216149],[-122.5329646,37.8216221],[-122.5328218,37.8216028],[-122.5327988,37.8215762],[-122.532734,37.821596],[-122.532641,37.8216151],[-122.5326038,37.8216365],[-122.5325727,37.8216232],[-122.532524,37.8215875],[-122.5324677,37.8215644]]],[[[-122.5324677,37.8215644],[-122.5323493,37.821534],[-122.5322139,37.821499],[-122.5320923,37.8213948],[-122.5318567,37.8211589],[-122.5317086,37.8210201],[-122.5315804,37.8207456],[-122.5314476,37.8205208],[-122.5314588,37.8201496],[-122.5314434,37.8200077]]],[[[-122.5314434,37.8200077],[-122.531462,37.8199481],[-122.5314811,37.819899],[-122.5314882,37.8198336],[-122.531512,37.8197741],[-122.531541,37.8197632],[-122.5315392,37.8198548],[-122.5315954,37.8198609],[-122.5316035,37.8198324],[-122.5316265,37.8198212],[-122.5316393,37.8198503],[-122.5316957,37.819851],[-122.5317578,37.8198214],[-122.5317852,37.8197172],[-122.5317645,37.8196782],[-122.5316548,37.8196988],[-122.5316299,37.8196581],[-122.5315874,37.8196517],[-122.53159,37.8195716],[-122.5315726,37.819561],[-122.5315173,37.8195491],[-122.5315177,37.8194518],[-122.5314555,37.8194185],[-122.5315031,37.8193107],[-122.5313856,37.8193401],[-122.5313503,37.8192371],[-122.531404,37.8191502],[-122.5315153,37.8191465],[-122.5314385,37.8189567],[-122.5313759,37.8188968],[-122.5313137,37.8189211],[-122.5312751,37.8189011],[-122.5312988,37.8189949],[-122.5311381,37.8190397],[-122.5310459,37.8190226],[-122.5310156,37.8189316],[-122.5309734,37.8188923],[-122.5309368,37.818952],[-122.5308938,37.8189603],[-122.5308466,37.8189193],[-122.5307533,37.8188274],[-122.5306076,37.8187854],[-122.530464,37.8186951],[-122.5303249,37.8185361],[-122.5302901,37.8183817],[-122.5303313,37.8182246],[-122.5302652,37.8181368],[-122.5302671,37.8180612],[-122.5302964,37.8179355],[-122.5304473,37.8179111],[-122.5304952,37.8178013],[-122.5305156,37.8176715],[-122.5305818,37.8176369],[-122.5305662,37.8175513],[-122.5305647,37.8174637],[-122.530495,37.8173597],[-122.5304285,37.8173343],[-122.5303872,37.8173687],[-122.5303673,37.8173988],[-122.5303148,37.8174038],[-122.5303196,37.8173558],[-122.5302875,37.8173333],[-122.5302415,37.8173217],[-122.5301784,37.8172797],[-122.530108,37.8172871],[-122.5300546,37.817301],[-122.5299529,37.8172385],[-122.5298213,37.8171486],[-122.5298565,37.8170852],[-122.5298107,37.8170531],[-122.5297602,37.8170608],[-122.5296566,37.8170299],[-122.5296403,37.8169875],[-122.5295771,37.8170061],[-122.5295074,37.8169708],[-122.5294234,37.8167836],[-122.5293147,37.8167165],[-122.5292842,37.8166437],[-122.5292873,37.8165887],[-122.5293299,37.8165868],[-122.5292682,37.8164592],[-122.5292341,37.8164685],[-122.5292061,37.8164429],[-122.5291686,37.8164174],[-122.5291088,37.8163962],[-122.5290737,37.8163463],[-122.5290512,37.8162335],[-122.5290231,37.8160582],[-122.5290965,37.8159483],[-122.5292284,37.8159742],[-122.5292852,37.8159599],[-122.5293238,37.8159812],[-122.5294036,37.8159597],[-122.5294367,37.8159895],[-122.5295751,37.8159703],[-122.5296115,37.8158801],[-122.5296535,37.8158383],[-122.5297362,37.8157897],[-122.5298418,37.8157703],[-122.5299126,37.8156797],[-122.529957,37.8156586],[-122.5299571,37.8155743],[-122.5299763,37.8155514],[-122.5299786,37.8154708],[-122.5299923,37.8154354],[-122.5299694,37.8154113],[-122.529957,37.815406]]],[[[-122.529957,37.815406],[-122.5299118,37.8154166],[-122.5298768,37.8154469],[-122.5298522,37.8154748],[-122.5298276,37.8154976],[-122.5297878,37.8154924],[-122.5297376,37.8154934],[-122.5297246,37.8154856],[-122.5296943,37.8154824],[-122.5296217,37.8154745],[-122.5295409,37.8154865],[-122.5294706,37.8155068],[-122.5294326,37.8155004],[-122.529355,37.8155044],[-122.5293323,37.8154773],[-122.5293318,37.8154467],[-122.5293667,37.8153491],[-122.5293537,37.8152674],[-122.5293178,37.8152389],[-122.529261,37.815268]]],[[[-122.529261,37.815268],[-122.5292278,37.8153545],[-122.5292344,37.815403],[-122.529279,37.8154381],[-122.5292989,37.8154919],[-122.5292977,37.8155226],[-122.5292781,37.8155501],[-122.529233,37.8155838],[-122.5292051,37.8155843],[-122.5291859,37.8156074],[-122.5291528,37.8156532],[-122.529135,37.8157223],[-122.5291304,37.8157907],[-122.529072,37.8158215],[-122.529057,37.8158256],[-122.5290364,37.8158201],[-122.5290185,37.8158146],[-122.528995,37.8158396],[-122.5289773,37.8158592],[-122.5289383,37.8158676],[-122.5288987,37.8158595],[-122.5288674,37.815836],[-122.5288506,37.8158232],[-122.5288008,37.8158236],[-122.5287294,37.8157586],[-122.528678,37.8157774],[-122.5286607,37.8157455],[-122.5286234,37.8156859],[-122.5286037,37.8156457],[-122.5285554,37.8156348],[-122.5285541,37.8156548]]],[[[-122.5285541,37.8156548],[-122.5285367,37.8156593],[-122.528489,37.8156824],[-122.5284762,37.8156797],[-122.5284591,37.8156797],[-122.52847,37.815698],[-122.5284551,37.8157058],[-122.5284245,37.8156964],[-122.5284031,37.8156964],[-122.5283857,37.8156968],[-122.5283719,37.8157001],[-122.5283515,37.8157017],[-122.5283349,37.8156906],[-122.528306,37.8156708],[-122.5282949,37.8156683],[-122.5282832,37.8156671],[-122.5282742,37.8156575],[-122.5282573,37.8156298],[-122.5282498,37.8156161],[-122.528229,37.8155947],[-122.5282023,37.8155574],[-122.5280672,37.8155227],[-122.5280611,37.8154997],[-122.5280473,37.8154481],[-122.5280097,37.8154438],[-122.528006,37.8154405],[-122.5279963,37.8153895],[-122.5279834,37.8153106],[-122.5279603,37.8153448],[-122.5279331,37.815457],[-122.5279518,37.8155418],[-122.5279197,37.8155185],[-122.5278928,37.8156414],[-122.527866,37.8156668],[-122.5279498,37.8157836],[-122.5279813,37.8159126],[-122.5279626,37.815959],[-122.528043,37.8159677],[-122.5280699,37.8160079],[-122.5282648,37.8159586],[-122.5282415,37.8160927],[-122.5284174,37.8162486],[-122.5284776,37.8163025],[-122.5286009,37.8163914],[-122.5286707,37.8165334],[-122.5286117,37.8165165],[-122.5285553,37.8165101],[-122.5285607,37.8165546],[-122.5286385,37.816616],[-122.528719,37.816722],[-122.5288376,37.8168452],[-122.5289258,37.8169473],[-122.5291157,37.8170704],[-122.5291102,37.817153],[-122.5290254,37.8171943],[-122.528906,37.8171692],[-122.5288565,37.817309],[-122.5287704,37.8173203],[-122.5286721,37.8172672],[-122.5285735,37.8172507],[-122.5286125,37.8173809],[-122.5287566,37.8175396],[-122.5288604,37.8177902],[-122.5292668,37.8180559],[-122.5292713,37.8182586],[-122.5292514,37.8182984],[-122.5292235,37.8183432],[-122.5291834,37.8183813],[-122.5291993,37.818426],[-122.5292301,37.81847]]],[[[-122.5292301,37.81847],[-122.5292398,37.8185079],[-122.5293155,37.8185429],[-122.5293852,37.8185642],[-122.5294228,37.8185885],[-122.5294786,37.818608],[-122.5295447,37.8186],[-122.5296277,37.8187375],[-122.5296526,37.8189266],[-122.529602,37.8190953],[-122.5295638,37.819236],[-122.5295312,37.8193266],[-122.52946,37.8193999],[-122.529342,37.819415],[-122.529297,37.8193845],[-122.529254,37.8194167],[-122.529228,37.8194185],[-122.529201,37.8194478],[-122.529222,37.8194736],[-122.529182,37.8195062],[-122.5291536,37.8195188],[-122.5290988,37.8194904],[-122.5291,37.8194302],[-122.5290748,37.819406],[-122.529039,37.8193717],[-122.528983,37.8193482],[-122.52898,37.8193853],[-122.5290172,37.8194279],[-122.52902,37.8194311],[-122.5290385,37.8194428],[-122.5290566,37.8194542],[-122.5290793,37.8194683],[-122.5290514,37.8194932],[-122.5290258,37.8194858],[-122.528984,37.8194726],[-122.528915,37.8194468],[-122.528917,37.8194674],[-122.5289556,37.8195146],[-122.5289618,37.8195255],[-122.5290039,37.8195317],[-122.5290255,37.8195261],[-122.529054,37.8195366],[-122.5290213,37.8195539],[-122.5290157,37.8195969],[-122.5290371,37.8196131],[-122.5290436,37.8196445],[-122.5290838,37.8196994],[-122.5291186,37.8196724],[-122.5291272,37.8196543],[-122.5291218,37.8196269],[-122.5292459,37.8197039],[-122.5293196,37.8197594],[-122.5292904,37.8198549],[-122.5292458,37.8199408],[-122.5291759,37.8200366],[-122.5290935,37.8200634],[-122.5290017,37.8199684],[-122.5289731,37.8199952],[-122.5290303,37.8200865],[-122.529008,37.8200863],[-122.5289624,37.8200859],[-122.5289394,37.8200955],[-122.5290215,37.8202352],[-122.5290693,37.8202501],[-122.5290289,37.8203123],[-122.5289654,37.8203152],[-122.528959,37.8203592],[-122.5289451,37.8204162],[-122.5287779,37.8205424],[-122.5287052,37.8204887],[-122.5286705,37.8204617],[-122.5286664,37.8205145],[-122.5286891,37.8205669],[-122.5287045,37.8206334],[-122.5287004,37.8206609],[-122.5286585,37.8206157],[-122.5286036,37.8205758],[-122.5285706,37.8205687],[-122.5284282,37.82059],[-122.5283414,37.8206236],[-122.5282992,37.8207093],[-122.5283048,37.8207408],[-122.5283475,37.8208201],[-122.5283824,37.8208483],[-122.5284375,37.8208776],[-122.5284248,37.8209539],[-122.528313,37.8209836],[-122.5282337,37.8209749],[-122.5281783,37.8209743],[-122.528118,37.8209698],[-122.5280916,37.8210383],[-122.5280892,37.8210919],[-122.5279644,37.8212041],[-122.5279126,37.8211963],[-122.5278735,37.8211551],[-122.527853,37.8211673],[-122.5278072,37.821202],[-122.5276808,37.821164],[-122.5275884,37.821196],[-122.527496,37.8212193],[-122.5275007,37.8212595],[-122.5274733,37.8212613],[-122.5274275,37.8212319],[-122.5273643,37.8212489],[-122.5273514,37.8212798],[-122.5273974,37.8213254],[-122.5273234,37.821347],[-122.5272213,37.8213313],[-122.5271434,37.8213083],[-122.5270046,37.8212421],[-122.5269697,37.8212363],[-122.5269244,37.8212439],[-122.5266971,37.8211412],[-122.5266405,37.8210902],[-122.5266056,37.8210945],[-122.5265653,37.821044],[-122.5264938,37.8209658],[-122.5263759,37.8209274],[-122.5263963,37.8210194],[-122.52629,37.8209606],[-122.5262471,37.8209819],[-122.5263334,37.8211528],[-122.5264924,37.8212537],[-122.5264836,37.821335],[-122.5264243,37.8213505],[-122.5262806,37.8212562],[-122.5261562,37.8212179],[-122.5259477,37.8211536],[-122.5257968,37.8211607],[-122.5258313,37.8212447],[-122.5257442,37.8211983],[-122.5256769,37.8212425],[-122.5260123,37.8214317],[-122.5260167,37.8215055],[-122.5257978,37.8213981],[-122.5257225,37.8213862],[-122.5256643,37.8213771],[-122.5256054,37.8213993],[-122.525451,37.8213436],[-122.5256935,37.8216194],[-122.5255231,37.8215747],[-122.5258971,37.8219262],[-122.5257048,37.8218987],[-122.5256501,37.8219444],[-122.5257994,37.8220739],[-122.5256428,37.822118],[-122.5253558,37.8222501],[-122.5254704,37.8223401],[-122.5255046,37.8223905],[-122.5253355,37.8224086],[-122.5254254,37.8224742],[-122.5255078,37.8225261],[-122.5255104,37.8225846],[-122.5253675,37.8226256],[-122.5253043,37.8226146],[-122.5252348,37.8225691],[-122.5250864,37.8225604],[-122.5250527,37.8226113],[-122.5250104,37.8226019],[-122.5250057,37.8225381],[-122.5249685,37.8225527],[-122.5249318,37.8225844],[-122.5248691,37.8225098],[-122.5247382,37.8224663],[-122.5247142,37.8225104],[-122.5247664,37.8225818],[-122.5247922,37.8226754],[-122.5246455,37.8226442],[-122.5245405,37.822619],[-122.5245051,37.8226761],[-122.5244607,37.8227189],[-122.5243043,37.8226447],[-122.5241473,37.8228052],[-122.5243481,37.8227937],[-122.5245109,37.8229272],[-122.5247371,37.8230512],[-122.5247097,37.8233718],[-122.5245457,37.8237159],[-122.524113,37.8239738],[-122.523912,37.8238723],[-122.5235508,37.8241797],[-122.5238154,37.8242564],[-122.5237033,37.8244059],[-122.5239538,37.8246211],[-122.5237109,37.8248656],[-122.523477,37.8250238],[-122.5229995,37.8251486],[-122.5223182,37.8252108],[-122.5220384,37.8253073],[-122.5216055,37.8253581],[-122.5208619,37.825403],[-122.5202446,37.8254205],[-122.5200653,37.8252591],[-122.5197367,37.8253103],[-122.5196486,37.8251174],[-122.5191533,37.8251094],[-122.5191416,37.8253356],[-122.5188611,37.8254256],[-122.518555,37.8253035],[-122.5182919,37.8253829],[-122.5178039,37.8253121],[-122.5173654,37.8252826],[-122.5170711,37.8251505],[-122.5170915,37.8249627],[-122.5170109,37.8247699],[-122.5168207,37.8248629],[-122.5166788,37.8248613],[-122.5165309,37.824983],[-122.516599,37.825143],[-122.5163311,37.8253243],[-122.5161266,37.8254323]]],[[[-122.4858751,37.7908179],[-122.4856275,37.7906588],[-122.4854638,37.7905401],[-122.4853375,37.7904266],[-122.4852262,37.7903056],[-122.4851287,37.7901735],[-122.4850493,37.7900383],[-122.484976,37.7898896],[-122.4848987,37.7897709],[-122.4847815,37.7896846],[-122.4845294,37.7895973],[-122.484186,37.7894828],[-122.4839414,37.7893779],[-122.4838146,37.7892577],[-122.4837596,37.7891148],[-122.4837743,37.7889404],[-122.4838757,37.7886992],[-122.4839025,37.78843],[-122.4839366,37.7882125],[-122.48402,37.7879931],[-122.4841654,37.7877724],[-122.4841616,37.7875736],[-122.4846833,37.7875481],[-122.4846686,37.7874077],[-122.4843366,37.7873805],[-122.4840759,37.7872548],[-122.484081,37.7872954],[-122.48215,37.7870756],[-122.4820538,37.7870724],[-122.4819826,37.7870868],[-122.4819215,37.7871224],[-122.4817861,37.7872288],[-122.4817114,37.787273],[-122.4816206,37.7872971],[-122.481506,37.7872827],[-122.4813943,37.7872425],[-122.4812944,37.7871682],[-122.4811958,37.7871221],[-122.4810857,37.787084],[-122.4808478,37.7870761],[-122.480468,37.7871136],[-122.4800756,37.7870958],[-122.4797178,37.7870303],[-122.4793538,37.7870032],[-122.4791183,37.7870074],[-122.4788345,37.7870355],[-122.4786058,37.7870322],[-122.4777506,37.7868624],[-122.4775696,37.7868692],[-122.4773368,37.786901],[-122.477127,37.7869735],[-122.4769119,37.7869653],[-122.4767448,37.7868915],[-122.4765307,37.7868839],[-122.4745198,37.7868011],[-122.4745325,37.7869786],[-122.4733545,37.7872262],[-122.4724549,37.7873849],[-122.4722963,37.7874167],[-122.4721477,37.7874465],[-122.4710167,37.7876685],[-122.4709873,37.7872621],[-122.4687817,37.7876996],[-122.4664043,37.7881713],[-122.4633788,37.7887766],[-122.4607644,37.7892997],[-122.4593153,37.7895896],[-122.457944,37.789864],[-122.4543174,37.7905897],[-122.4493031,37.7915919],[-122.4492093,37.7916109],[-122.4464893,37.7921443],[-122.4466057,37.7929219],[-122.4467173,37.7936669],[-122.4467442,37.7938474],[-122.4467937,37.794179],[-122.4468024,37.7942374],[-122.4471329,37.79424],[-122.4471272,37.7947422],[-122.4471233,37.7950162],[-122.446928,37.7950136],[-122.4479338,37.8014334],[-122.4480995,37.801442],[-122.4482549,37.8014633],[-122.4484085,37.801497],[-122.4485545,37.8015463],[-122.4486816,37.8016026],[-122.4487989,37.8016649],[-122.4489143,37.8017388],[-122.4490483,37.8018303],[-122.4491732,37.8019287],[-122.4492794,37.8020254],[-122.4493959,37.8021407],[-122.449528,37.8022776],[-122.4496416,37.8024147],[-122.4497386,37.8025531],[-122.4498001,37.8026924],[-122.4498345,37.8028324],[-122.4498512,37.8029744],[-122.4498531,37.8031208],[-122.4498237,37.8032819],[-122.4497813,37.8034325],[-122.4497143,37.8035931],[-122.4496306,37.803746],[-122.4495362,37.8038926],[-122.4494084,37.8040425],[-122.4492525,37.8041865],[-122.4490565,37.804329],[-122.4484657,37.8047567],[-122.4486899,37.8065096],[-122.4487166,37.8066875],[-122.4487144,37.8067277],[-122.4487136,37.8067428]]],[[[-122.4825969,37.7966856],[-122.4826678,37.7964285],[-122.482783,37.7961342],[-122.482961,37.7957084],[-122.4830168,37.7955304],[-122.4831541,37.7951907],[-122.4832379,37.7949557],[-122.4834054,37.7945893],[-122.4835414,37.7943451],[-122.4836944,37.7940925],[-122.4837709,37.7939145],[-122.4838745,37.7936998],[-122.4839433,37.7933785],[-122.4842719,37.7928576],[-122.4845939,37.7926046],[-122.4849243,37.792078],[-122.4851154,37.7916147],[-122.4852073,37.7914821],[-122.4854318,37.7913006],[-122.4856901,37.7910738],[-122.4858751,37.7908179]]],[[[-122.4818896,37.7983933],[-122.4819396,37.798327],[-122.4820315,37.798049],[-122.4821288,37.7977442],[-122.482149,37.7976814],[-122.4823049,37.7972253],[-122.4824852,37.796931],[-122.4825969,37.7966856]]],[[[-122.4766537,37.8108882],[-122.4768614,37.810958],[-122.4769462,37.8109912],[-122.4771138,37.8110173],[-122.4773357,37.8110315],[-122.4775167,37.8110177],[-122.4777987,37.8109716],[-122.4777725,37.8108213],[-122.4776897,37.8106343],[-122.4776393,37.8101856],[-122.4777885,37.8093336],[-122.4777418,37.8090247],[-122.4777571,37.8089291],[-122.4778171,37.8086918],[-122.4778429,37.8084951],[-122.4778858,37.8083663],[-122.4781175,37.8080815],[-122.4783487,37.8079007],[-122.4785021,37.8070436],[-122.4786877,37.8060147],[-122.478721,37.8056381],[-122.4787322,37.8051678],[-122.4790482,37.8043797],[-122.4792818,37.8036451],[-122.4793373,37.8034716],[-122.4794766,37.8033771],[-122.4796133,37.8033153],[-122.4796348,37.8032197],[-122.4796602,37.8031626],[-122.479708,37.8031208],[-122.4797184,37.8030595],[-122.4798491,37.8022894],[-122.4803627,37.8011073],[-122.4805241,37.8007926],[-122.4806047,37.8006789],[-122.4806154,37.8006099],[-122.480624,37.8005578],[-122.480624,37.8004508],[-122.4806737,37.8003734],[-122.4807509,37.8003147],[-122.4808174,37.8002184],[-122.4808827,37.8001763],[-122.4808961,37.8000275],[-122.4809113,37.7999468],[-122.4809679,37.799914],[-122.4810521,37.7998911],[-122.4810859,37.7995555],[-122.4813562,37.7994453],[-122.4814407,37.7990979],[-122.4818896,37.7983933]]],[[[-122.469067,37.8071696],[-122.4691179,37.8072117],[-122.4691866,37.8073278],[-122.4692673,37.8074388],[-122.4693552,37.8075625],[-122.4694861,37.8077096],[-122.4697051,37.8079002],[-122.469964,37.8081053],[-122.4702818,37.8083242],[-122.4705931,37.8085312],[-122.4706509,37.8085623],[-122.4713947,37.8087832],[-122.4720107,37.8089024],[-122.4721093,37.8089267],[-122.4727722,37.8090414],[-122.472962,37.8090704],[-122.4731841,37.809097],[-122.4733535,37.8091012],[-122.4735032,37.8090946],[-122.4740306,37.8090904],[-122.4741719,37.8090938],[-122.4743114,37.8091052],[-122.4746598,37.8091437],[-122.4747671,37.8091646],[-122.4748776,37.8092009],[-122.4749448,37.8093474],[-122.4750875,37.8092802],[-122.4752917,37.8093338],[-122.475441,37.8093694],[-122.475578,37.809398],[-122.4757045,37.809439],[-122.4759722,37.8095615],[-122.4760245,37.809593],[-122.4760661,37.8096344],[-122.4761043,37.8096844],[-122.4761401,37.8097516],[-122.4761682,37.8098159],[-122.4761798,37.8098694],[-122.476202,37.8100749],[-122.4762194,37.8101662],[-122.4762469,37.8102596],[-122.4762689,37.8103536],[-122.4762996,37.8104334],[-122.4763447,37.8105401],[-122.4763778,37.8106437],[-122.4764135,37.8107259],[-122.476456,37.8107928],[-122.476497,37.8108362],[-122.4765474,37.810873],[-122.4765809,37.8108868],[-122.4766203,37.8108918],[-122.4766537,37.8108882]]],[[[-122.4638689,37.8051797],[-122.4643096,37.8052862],[-122.4648276,37.8054143],[-122.4653982,37.8056051],[-122.4660442,37.805762],[-122.4663805,37.8058513],[-122.4668407,37.8060421],[-122.4671986,37.8062664],[-122.4672517,37.806302],[-122.4675911,37.8065269],[-122.4678956,37.8066449],[-122.4681851,37.8066838],[-122.4684227,37.8067732],[-122.468657,37.8068056],[-122.468791,37.806912],[-122.4688913,37.8069874],[-122.4689737,37.8070748],[-122.469067,37.8071696]]],[[[-122.4542566,37.8060945],[-122.4541648,37.806132],[-122.4537984,37.806156],[-122.4534174,37.806263],[-122.4529803,37.8061772],[-122.4528435,37.8061645],[-122.4526799,37.8061878],[-122.452527,37.8061666],[-122.4524519,37.806209],[-122.4524975,37.8062874],[-122.4526906,37.806423],[-122.4530795,37.8065904],[-122.4536374,37.8064167],[-122.4539459,37.8063425],[-122.4541882,37.8063571],[-122.4543689,37.8064266],[-122.4548298,37.8063512],[-122.4558165,37.8060442],[-122.4564339,37.8059463],[-122.4568941,37.8059009],[-122.4571683,37.8058789],[-122.4576883,37.8058033],[-122.4579917,37.8057199],[-122.4582556,37.8056618],[-122.4584656,37.8056366],[-122.4587591,37.8055905],[-122.459145,37.8055645],[-122.4597221,37.8054576],[-122.4603994,37.8053716],[-122.461303,37.8053021],[-122.4617494,37.8052778],[-122.4619627,37.8052396],[-122.4621419,37.8052127],[-122.4623243,37.8051947],[-122.4625855,37.8051554],[-122.4628762,37.8050964],[-122.4630302,37.8050755],[-122.4632009,37.8050656],[-122.4633538,37.8050901],[-122.4635867,37.8051661],[-122.4638689,37.8051797]]],[[[-122.4487136,37.8067428],[-122.4489062,37.8067459],[-122.4490896,37.8067794],[-122.449487,37.8067464],[-122.4500591,37.8066709],[-122.4503516,37.8066097],[-122.4505228,37.806556],[-122.4505873,37.8065333],[-122.450765,37.8064716],[-122.4511046,37.8064196],[-122.4515222,37.8064231],[-122.4516323,37.8064034],[-122.4517643,37.8063854],[-122.4518661,37.8063629],[-122.4520902,37.806297],[-122.4522333,37.8061522],[-122.4524304,37.8060924],[-122.4526262,37.8060755],[-122.4529809,37.8060423],[-122.4534772,37.8060354],[-122.4536025,37.8059757],[-122.4536805,37.8059089],[-122.4538495,37.8059111],[-122.4539449,37.8058934],[-122.4539703,37.8058888],[-122.4540698,37.8058059],[-122.454078,37.8057118],[-122.4540886,37.8056599],[-122.4540839,37.8055887],[-122.4543516,37.8055539],[-122.454351,37.8056809],[-122.4543167,37.8060132],[-122.4542905,37.8060478],[-122.4542566,37.8060945]]],[[[-122.6406927,37.9264758],[-122.6416467,37.9273074],[-122.6439974,37.9302625],[-122.6457784,37.932852],[-122.6517329,37.934778],[-122.6586959,37.939706],[-122.6632964,37.945105],[-122.6779745,37.9532159],[-122.6827604,37.9593036],[-122.6869186,37.9631892],[-122.6876282,37.9631759],[-122.6880058,37.9634854],[-122.6881449,37.9638421],[-122.6882864,37.9640186],[-122.688405,37.964119],[-122.6887877,37.9643667],[-122.6889161,37.9649161],[-122.6890906,37.9652734],[-122.6903223,37.966042],[-122.691347,37.9665468],[-122.6918996,37.9665065],[-122.6921013,37.9667348],[-122.6924049,37.966895],[-122.6928288,37.9673014],[-122.694837,37.9684371],[-122.6949134,37.9691529],[-122.6957031,37.9696709],[-122.6959046,37.9699646],[-122.6960562,37.9701228],[-122.6962174,37.9702529],[-122.6967365,37.9709722],[-122.6970347,37.9718773],[-122.6972254,37.972079],[-122.6976853,37.9724066],[-122.6978407,37.9726942],[-122.6984837,37.9732665],[-122.699237,37.9735274],[-122.6999115,37.974156],[-122.7001674,37.9745684],[-122.7005467,37.9748979],[-122.7009079,37.9751677],[-122.7014362,37.9759141],[-122.7019649,37.9761621],[-122.702609,37.9763021],[-122.7030772,37.9768856],[-122.7037538,37.9773608],[-122.7041261,37.9778069],[-122.7043608,37.9778639],[-122.7048215,37.9793995],[-122.7050812,37.9797101],[-122.705177,37.9801055],[-122.7053847,37.9804901],[-122.7055227,37.9806091],[-122.7066076,37.9813486],[-122.7068656,37.9814723],[-122.7072871,37.9818827],[-122.7099769,37.9835012],[-122.7104588,37.98371],[-122.7110176,37.9838549],[-122.7116994,37.9837484],[-122.7122627,37.9834852],[-122.7124472,37.9835469],[-122.715829,37.98654],[-122.7159355,37.9876494],[-122.715709,37.9887452],[-122.7165667,37.9904398],[-122.7193409,37.9937585],[-122.722499,37.9975461],[-122.7249717,38.0004889],[-122.7188419,38.0048226]]],[[[-122.7188419,38.0048226],[-122.7381638,38.0157287],[-122.7382602,38.0156651],[-122.7398776,38.0145993],[-122.7418452,38.0194766],[-122.7422914,38.0191827],[-122.7425758,38.0189954],[-122.7433677,38.0184738],[-122.745049,38.020285],[-122.7468421,38.027673],[-122.7471887,38.0291008],[-122.7471413,38.0291631],[-122.7436156,38.0337995],[-122.7433547,38.0341426],[-122.7430295,38.0342591],[-122.7429837,38.0342756],[-122.7427662,38.0343515],[-122.7356247,38.0370065],[-122.7347539,38.0371753],[-122.7208943,38.0469942],[-122.7208807,38.0470037],[-122.7206383,38.0440831],[-122.7205852,38.0434433],[-122.7203868,38.0410542],[-122.7203864,38.0410482],[-122.7192315,38.0404679],[-122.7192286,38.0404665],[-122.7186848,38.0401935],[-122.7173105,38.0391806],[-122.7170646,38.0389993],[-122.7168773,38.0388613],[-122.7167887,38.038796],[-122.7167668,38.0387799],[-122.7167637,38.0387776],[-122.7166966,38.0387282],[-122.7164813,38.0389186],[-122.7163916,38.0389957],[-122.7162447,38.0390547],[-122.7161161,38.0390789],[-122.7154671,38.0391126],[-122.7150709,38.0391131],[-122.7147864,38.0390837],[-122.7145398,38.0391071],[-122.7139955,38.039005],[-122.7136194,38.03892],[-122.7134122,38.0388866],[-122.713228,38.0388815],[-122.7130184,38.0388958],[-122.7126477,38.0387862],[-122.712393,38.0386106],[-122.7123169,38.0385129],[-122.7118935,38.0382449],[-122.711705,38.038044],[-122.7053552,38.0359888],[-122.7030912,38.0352791],[-122.6981545,38.0336166]]],[[[-122.6981545,38.0336166],[-122.7002468,38.0435399],[-122.7041915,38.0485625],[-122.7042885,38.0515778],[-122.7075751,38.0526215],[-122.7113664,38.0499602],[-122.7109828,38.049524],[-122.7109158,38.0489875],[-122.7101634,38.0481215],[-122.718198,38.0508563],[-122.71429,38.0522714],[-122.7151295,38.0535724],[-122.7167657,38.0549933],[-122.7125841,38.0532139],[-122.7115018,38.0539299],[-122.7153642,38.0561074],[-122.7272702,38.0581379],[-122.7267337,38.0557244],[-122.7355763,38.0574731],[-122.7389955,38.0563539],[-122.7425574,38.0609314],[-122.7497712,38.0671882],[-122.7582872,38.0711723],[-122.7583999,38.0709966],[-122.7584574,38.0709213],[-122.7585181,38.0708851],[-122.7586387,38.0708362],[-122.7588129,38.0707774],[-122.7590513,38.0707246],[-122.7594143,38.0703464],[-122.7600863,38.0704179],[-122.7604774,38.0707535],[-122.7624268,38.0700571],[-122.7626453,38.0701978],[-122.7624404,38.0704951],[-122.7625344,38.0704475],[-122.7627624,38.0703097],[-122.7629686,38.0702002],[-122.7631337,38.0700504],[-122.7633227,38.0698887],[-122.7634739,38.0697161],[-122.7636137,38.0695346],[-122.7637637,38.0693332],[-122.76377,38.0692797],[-122.7638153,38.0692073],[-122.763901,38.069123],[-122.7640018,38.0690694],[-122.7641417,38.0690446],[-122.7642462,38.0690059],[-122.7643244,38.068998],[-122.7649304,38.0690932],[-122.7652366,38.0692192],[-122.7654206,38.0692658],[-122.7657608,38.0694582],[-122.7662496,38.0696616],[-122.7666944,38.0699116],[-122.7671783,38.070108],[-122.7673219,38.0701903],[-122.7674429,38.0702393],[-122.7675552,38.0702737],[-122.767711,38.0702907],[-122.7680114,38.0703087],[-122.7681549,38.0703119],[-122.7684258,38.0702812],[-122.768631,38.0702284],[-122.7687906,38.0701852],[-122.7688898,38.070164],[-122.7690172,38.0701408],[-122.7691996,38.0701208],[-122.7693592,38.0701176],[-122.7695255,38.0701271],[-122.7696811,38.0701366],[-122.7698366,38.0701683],[-122.7700003,38.0702242],[-122.7702484,38.0703256],[-122.7700874,38.0699286],[-122.7706601,38.069615],[-122.7714299,38.0692033],[-122.7726959,38.0685307],[-122.773294,38.0682087],[-122.7740343,38.0678212],[-122.7743649,38.0676785],[-122.7764752,38.0679353],[-122.7826592,38.0686209],[-122.7852626,38.068894],[-122.7853457,38.0697619],[-122.7854463,38.0710437],[-122.7855509,38.0723296],[-122.7856676,38.0728184],[-122.786002,38.0727572],[-122.7862514,38.0727245],[-122.7864566,38.072697],[-122.7866793,38.0726812],[-122.7870065,38.0726833],[-122.7872921,38.0726991],[-122.7885099,38.0728617],[-122.7890839,38.0729314],[-122.7892072,38.0729462],[-122.7893038,38.0729609],[-122.7895251,38.0730201],[-122.7898402,38.0731869],[-122.7899301,38.0732872],[-122.7900387,38.0734181],[-122.7900843,38.0734857],[-122.7901929,38.0735342],[-122.7902922,38.0735838],[-122.7904706,38.0736746],[-122.7906945,38.0738794],[-122.7907723,38.0739776],[-122.7908729,38.0741941],[-122.7910526,38.0743915],[-122.791357,38.074552],[-122.7915671,38.0748509],[-122.791854,38.0749559],[-122.7919886,38.0750439],[-122.7922283,38.0753184],[-122.7923442,38.0754191],[-122.7924721,38.0755357],[-122.7925637,38.0755994],[-122.7927145,38.0756704],[-122.7928626,38.075717],[-122.7931831,38.0757775],[-122.7932653,38.0757722],[-122.7933717,38.0757732],[-122.7934552,38.0757775],[-122.7935629,38.0757859],[-122.7936289,38.0757997],[-122.7937164,38.0758368],[-122.7938619,38.0759057],[-122.793979,38.0759778],[-122.7940908,38.07607],[-122.7943144,38.0761156],[-122.7944962,38.0761337],[-122.7946268,38.0761347],[-122.7947561,38.0761262],[-122.7948867,38.0761124],[-122.7950712,38.0760658],[-122.7953537,38.0758943],[-122.7956225,38.0756954],[-122.7958768,38.0754953],[-122.7960928,38.0752923],[-122.7962695,38.075126],[-122.7963345,38.0750979],[-122.7964128,38.0750633],[-122.796665,38.074813],[-122.7968937,38.0745541],[-122.7971333,38.074252],[-122.7973965,38.073956],[-122.7974889,38.0739042],[-122.7976361,38.0738438],[-122.7977364,38.0737933],[-122.7978413,38.0737045],[-122.797904,38.0736638],[-122.7979885,38.073628],[-122.798059,38.0735738],[-122.7982642,38.0733506],[-122.7983958,38.0732063],[-122.7984976,38.0730929],[-122.798554,38.0729831],[-122.7986856,38.0727378],[-122.7987702,38.0725577],[-122.7988109,38.0724665],[-122.7988078,38.0723715],[-122.7987404,38.0720275],[-122.7987122,38.0717883],[-122.7987608,38.0713715],[-122.7987968,38.0710792],[-122.7987811,38.0708758],[-122.7987373,38.0707105],[-122.7986887,38.0706242],[-122.7986605,38.0704651],[-122.7986323,38.0703024],[-122.7985571,38.0701532],[-122.7984318,38.0700086],[-122.7982445,38.0698454],[-122.7981318,38.0696614],[-122.7979809,38.0694134],[-122.7979079,38.069275],[-122.7978714,38.0691667],[-122.7978217,38.0690453],[-122.7977703,38.0688416],[-122.7977272,38.0685623],[-122.7977338,38.0682608],[-122.7977803,38.0681042],[-122.7978745,38.0678556],[-122.7975799,38.0671425],[-122.7966616,38.0647576],[-122.7994165,38.0627474],[-122.802175,38.0607503]]],[[[-122.802175,38.0607503],[-122.801898,38.0604955],[-122.8017799,38.0603698]]],[[[-122.8017799,38.0603698],[-122.801707,38.0602733],[-122.8012868,38.0594027],[-122.8010141,38.0588548],[-122.8009455,38.0588067],[-122.8008696,38.058653],[-122.8007654,38.0584844]]],[[[-122.8007654,38.0584844],[-122.8007089,38.058414],[-122.8005511,38.0582943],[-122.8004325,38.0582298],[-122.8002971,38.0581675],[-122.80011,38.0580897],[-122.7993962,38.0578391],[-122.7992282,38.0577375],[-122.7990878,38.0576248],[-122.7989571,38.0575087],[-122.7988598,38.0573607],[-122.7987484,38.0572075],[-122.7986138,38.056957],[-122.7985083,38.056658],[-122.7981364,38.0554367],[-122.7980493,38.0551997],[-122.7979694,38.0550599],[-122.7978672,38.054891],[-122.7976318,38.0545887],[-122.7975011,38.0544386],[-122.7973931,38.0543184],[-122.7972459,38.0541948],[-122.7965099,38.0536383],[-122.7961875,38.0534331],[-122.7947226,38.0525982],[-122.7945531,38.0524888],[-122.7944481,38.0523794],[-122.7943744,38.0522749],[-122.7943013,38.0521466],[-122.7938981,38.0512406],[-122.7937689,38.0510103],[-122.7927177,38.04927],[-122.7926425,38.0491389],[-122.792559,38.0489585],[-122.7924907,38.0487283],[-122.7924625,38.0485335],[-122.7923708,38.0477181],[-122.7923386,38.0475076]]],[[[-122.7923386,38.0475076],[-122.7923119,38.0474179],[-122.7922589,38.0473005],[-122.7921741,38.0471856],[-122.7920535,38.0470462],[-122.7918928,38.0469138],[-122.7916518,38.046745],[-122.7915093,38.0466105],[-122.7913532,38.0464209],[-122.7907932,38.0457255],[-122.7904052,38.0452778],[-122.790129,38.0449627],[-122.7899583,38.044806],[-122.7896459,38.0445619],[-122.789331,38.0443431],[-122.7892502,38.0442844],[-122.78825,38.0448392],[-122.7878666,38.0450598],[-122.7864491,38.0457984],[-122.7864042,38.0458175],[-122.7849396,38.0462802],[-122.7843093,38.0464807],[-122.7829865,38.0469026],[-122.782467,38.0470713],[-122.7809381,38.0455821],[-122.7795729,38.0442366],[-122.7801764,38.0440993],[-122.7807101,38.0439408],[-122.7813968,38.0437402],[-122.7818903,38.043605],[-122.7820915,38.0435775],[-122.7823812,38.0435479],[-122.7826869,38.0435374],[-122.7829176,38.0435268],[-122.7830893,38.0435057],[-122.7832207,38.0434761],[-122.7840146,38.0431867],[-122.7843821,38.0430621],[-122.7847603,38.0429142],[-122.7849239,38.0428255],[-122.785066,38.0427579],[-122.7852511,38.0426333],[-122.7857473,38.0422171],[-122.7863642,38.0416024],[-122.7869651,38.0410849],[-122.7876286,38.0405211],[-122.7874362,38.0404316],[-122.7873721,38.0405],[-122.7872812,38.0404604],[-122.7872487,38.0404975],[-122.7871975,38.0404783],[-122.7871439,38.0405454],[-122.7871147,38.040564],[-122.7870687,38.0405705],[-122.7870151,38.0405509],[-122.786997,38.0405403],[-122.7869848,38.040502],[-122.7869742,38.0404732],[-122.7869499,38.0404521],[-122.7869158,38.040438],[-122.7868671,38.0404131],[-122.786958,38.0402545],[-122.7863784,38.0400026],[-122.7862148,38.0402054],[-122.7846711,38.0401062],[-122.7852693,38.0394682],[-122.7848878,38.0392894],[-122.7842306,38.0387965],[-122.7838513,38.0382908],[-122.7837787,38.0378443],[-122.7835336,38.037194],[-122.7839061,38.0371066],[-122.78375,38.0366785],[-122.7837459,38.0365922],[-122.7836295,38.0361985],[-122.7834939,38.0358448],[-122.7832967,38.0354134],[-122.7832187,38.0353606],[-122.7838301,38.034258],[-122.7837453,38.033824],[-122.7838725,38.0334346],[-122.7839761,38.0330933],[-122.784374,38.0329598],[-122.7845621,38.0326306],[-122.7848975,38.0324831],[-122.7849552,38.0320003],[-122.7851244,38.0319656]]],[[[-122.7584279,38.0003378],[-122.7584313,38.0003452],[-122.7585293,38.0005439],[-122.7585745,38.0005829],[-122.7586119,38.0005923],[-122.7586439,38.0005912],[-122.7588195,38.0005326],[-122.7588618,38.0005275],[-122.7589105,38.0005316],[-122.758956,38.0005458],[-122.7593012,38.0007094],[-122.7593363,38.0007359],[-122.7593541,38.0007747],[-122.7594365,38.0013716],[-122.7594541,38.0014135],[-122.7594843,38.0014415],[-122.7595204,38.0014584],[-122.7597988,38.0015089],[-122.759848,38.0015317],[-122.7598824,38.0015825],[-122.7598852,38.0016903],[-122.7599129,38.0017832],[-122.7599581,38.0018569],[-122.7600492,38.0019598],[-122.7601192,38.002017],[-122.7606016,38.0022728],[-122.7606794,38.0023225],[-122.761714,38.0038043],[-122.7623957,38.004987],[-122.7632109,38.0062022],[-122.7633999,38.0064261],[-122.7638051,38.0068587],[-122.7642451,38.0072695],[-122.7648767,38.0077872],[-122.7650239,38.007926],[-122.7652214,38.0081482],[-122.7653891,38.0083853],[-122.7654834,38.0085504],[-122.7668985,38.0112997],[-122.7670196,38.0115192],[-122.7672006,38.0118019],[-122.7672998,38.0119396],[-122.7674046,38.0120746],[-122.7676308,38.0123361],[-122.7678781,38.0125853],[-122.7681455,38.0128212],[-122.7684319,38.0130427],[-122.768807,38.0133133],[-122.7692373,38.0136606],[-122.769442,38.0138421],[-122.7698292,38.0142198],[-122.7701257,38.0145385],[-122.7703378,38.0147932],[-122.770527,38.015059],[-122.7706127,38.0151957],[-122.7707926,38.0155271],[-122.7708858,38.0156767],[-122.7709977,38.0158181],[-122.7711738,38.0159913],[-122.7713778,38.0161443],[-122.771606,38.0162741],[-122.7717904,38.0163548],[-122.7720916,38.0164589],[-122.772429,38.0165901],[-122.772754,38.0167395],[-122.7729115,38.0168209],[-122.7730965,38.0169355],[-122.7731812,38.017],[-122.7732972,38.017105],[-122.7733668,38.01718],[-122.7734586,38.0172991],[-122.7735345,38.017425],[-122.7735759,38.0175121],[-122.7736237,38.0176464],[-122.7736457,38.0177377],[-122.7736898,38.0180764],[-122.7737409,38.0182733],[-122.7738473,38.0185276],[-122.7739955,38.0187684],[-122.7740388,38.018826],[-122.7758709,38.0206179],[-122.7781008,38.0223915],[-122.7782621,38.0225058],[-122.7784979,38.0226375],[-122.7787537,38.0227433],[-122.7788876,38.0227859],[-122.7790552,38.0228035],[-122.7792195,38.0228346],[-122.779379,38.0228788],[-122.7794819,38.0229154],[-122.7796296,38.0229803],[-122.7797231,38.0230301],[-122.7798547,38.023114],[-122.7799362,38.0231756],[-122.7800479,38.0232759],[-122.780115,38.0233476],[-122.7802036,38.0234614],[-122.7802543,38.023541],[-122.7803978,38.0246191],[-122.780436,38.0247286],[-122.7805021,38.0248294],[-122.7805603,38.0248896],[-122.7806471,38.0249549],[-122.7807259,38.0249979],[-122.7808116,38.0250318],[-122.7816275,38.0252127],[-122.7812641,38.0260085],[-122.7812248,38.0261295],[-122.7812068,38.0262537],[-122.7812104,38.0263786],[-122.7812355,38.026502],[-122.7812965,38.0266505],[-122.7813481,38.0267349],[-122.7814335,38.02684],[-122.7817381,38.0270474],[-122.7820334,38.0272631],[-122.782319,38.0274868],[-122.7825947,38.0277182],[-122.7828599,38.027957],[-122.7831145,38.028203],[-122.7833581,38.0284559],[-122.7835904,38.0287153],[-122.7838112,38.028981],[-122.7840202,38.0292526],[-122.784217,38.0295298],[-122.7844016,38.0298122],[-122.7845736,38.0300995],[-122.7847538,38.030483],[-122.7848315,38.0306782],[-122.7849008,38.0308753],[-122.7850139,38.0312745],[-122.7850927,38.0316788],[-122.785119,38.0318824],[-122.7851244,38.0319656]]],[[[-122.7584279,38.0003378],[-122.7584255,38.0003335],[-122.758384,38.0003004],[-122.7583342,38.0002945],[-122.7577784,38.0004052],[-122.7576998,38.0004112],[-122.7576213,38.0004049],[-122.7572659,38.0003359],[-122.7564243,38.0000642],[-122.756337,38.0000048],[-122.7562784,37.9999545],[-122.7558743,37.999547],[-122.7558145,37.9995175],[-122.7557421,37.9995104]]],[[[-122.7087226,37.9468593],[-122.7087884,37.9468929],[-122.7090552,37.9470123],[-122.7098026,37.9471927],[-122.7100834,37.9472987],[-122.7103492,37.9474295],[-122.7105663,37.9475662],[-122.7108024,37.9477569],[-122.7109565,37.9479293],[-122.7114249,37.9486335],[-122.7116281,37.9490043],[-122.7117672,37.9493261],[-122.7118328,37.9494573],[-122.7119099,37.9495845],[-122.7122078,37.950009],[-122.7123838,37.950321],[-122.7124874,37.9505305],[-122.7125665,37.9507245],[-122.7126747,37.9509326],[-122.7129696,37.9515651],[-122.7130999,37.9519025],[-122.713233,37.952366],[-122.7133206,37.9526745],[-122.7134038,37.952918],[-122.7135072,37.9531566],[-122.7136663,37.9534432],[-122.7138527,37.9538335],[-122.7139886,37.9542063],[-122.7140912,37.9545505],[-122.7141754,37.9549802],[-122.7142395,37.9553897],[-122.7142847,37.9555993],[-122.7144722,37.9562193],[-122.7146719,37.9566057],[-122.7148346,37.9568388],[-122.7149425,37.9569564],[-122.7154291,37.9573888],[-122.71616,37.9581468],[-122.7163683,37.9583842],[-122.7166006,37.9585595],[-122.7166533,37.9585842],[-122.7168233,37.9586272],[-122.7173705,37.9586991],[-122.717926,37.958762],[-122.7180632,37.9587903],[-122.7182969,37.9587961],[-122.7183874,37.9587842],[-122.7185429,37.9587761],[-122.7186339,37.9587796],[-122.7187776,37.9588128],[-122.7188825,37.9588468],[-122.7190407,37.9589311],[-122.7193918,37.9591709],[-122.7197542,37.959354],[-122.7198469,37.9594139],[-122.7199273,37.9594996],[-122.7199892,37.9596166],[-122.7200249,37.9597263],[-122.7200414,37.959844],[-122.7200455,37.9599825],[-122.7199967,37.9603018],[-122.7199735,37.9603946],[-122.7199312,37.9604981],[-122.7198551,37.9606222],[-122.7196998,37.9608269],[-122.7196402,37.9609228],[-122.7195889,37.9610623],[-122.7195661,37.9612816],[-122.7195743,37.9613605],[-122.7195978,37.9614555],[-122.719636,37.9615526],[-122.7198504,37.96192],[-122.7199577,37.9620623],[-122.7200395,37.9621399],[-122.7201932,37.9622627],[-122.7205176,37.9624553],[-122.7206703,37.962529],[-122.7209491,37.962681],[-122.7211304,37.9627657],[-122.7216218,37.9629664],[-122.7218843,37.9630824],[-122.7223054,37.9632915],[-122.7224208,37.9633716],[-122.7225003,37.9634462],[-122.7225691,37.9635327],[-122.7226207,37.9636239],[-122.7227487,37.9639886],[-122.7228882,37.9642923],[-122.723115,37.9646627],[-122.7233738,37.9650196],[-122.7245582,37.9667816],[-122.7254958,37.9681355],[-122.725907,37.9687619],[-122.7261065,37.9690312],[-122.7262572,37.9692018],[-122.7265334,37.9693908],[-122.7275231,37.9700403],[-122.7290429,37.9709879],[-122.7291974,37.9711059],[-122.7293239,37.9712275],[-122.7294667,37.9714045],[-122.7297835,37.9719318],[-122.7300022,37.9722633],[-122.7302336,37.9725894],[-122.7304774,37.9729098],[-122.7324216,37.9753416],[-122.7333761,37.9768247],[-122.7335662,37.9770861],[-122.7337762,37.9773379],[-122.7343892,37.9779453],[-122.7346691,37.9782342],[-122.7349154,37.9784508],[-122.7350455,37.9785538],[-122.7353291,37.9787311],[-122.7355302,37.9788362],[-122.7357399,37.9789303],[-122.7361341,37.9790768],[-122.7363052,37.97915],[-122.7365491,37.9792767],[-122.736702,37.9793718],[-122.7371211,37.9796845],[-122.7384747,37.980731],[-122.7389082,37.9810729],[-122.7390491,37.981198],[-122.7392392,37.9813994],[-122.739933,37.9822564],[-122.7401291,37.9824799],[-122.7405929,37.9830828],[-122.7407415,37.9832924],[-122.7408418,37.983468],[-122.7409203,37.9836505],[-122.7411161,37.9842665],[-122.7411949,37.9844169],[-122.7412864,37.9845368],[-122.7413652,37.9846143],[-122.741485,37.9847068],[-122.7416199,37.9847854],[-122.74184,37.9848875],[-122.7419426,37.9849529],[-122.7420363,37.9850264],[-122.7421199,37.985107],[-122.7421927,37.985194],[-122.742483,37.9856265],[-122.7426135,37.9858006],[-122.7427212,37.9859191],[-122.7428869,37.9860629],[-122.7431756,37.9862535],[-122.743322,37.9863551],[-122.7434561,37.9864721],[-122.7436011,37.9866297],[-122.7437335,37.9867643],[-122.7438741,37.9868754],[-122.7441274,37.9870316],[-122.7442291,37.9871114],[-122.7443242,37.9871963],[-122.7445042,37.9873702],[-122.7447147,37.9876038],[-122.7449091,37.9877894],[-122.7451019,37.9879307],[-122.7453174,37.9880499],[-122.7455063,37.9881409],[-122.7457214,37.9882215],[-122.7461144,37.9883621],[-122.7462233,37.9884116],[-122.746378,37.9884966],[-122.746487,37.9885723],[-122.7467099,37.9887473],[-122.7478797,37.9897176],[-122.7484113,37.9901805],[-122.7486301,37.9903479],[-122.7488673,37.9904989],[-122.7503099,37.9912043],[-122.7505862,37.9913641],[-122.7508491,37.9915375],[-122.7511649,37.9918016],[-122.7524839,37.9929623],[-122.7528081,37.9933555],[-122.7531147,37.9937575],[-122.7534031,37.9941677],[-122.7536732,37.9945857],[-122.7539364,37.9949537],[-122.754187,37.9953271],[-122.7542533,37.9954383],[-122.7543341,37.9956113],[-122.7543918,37.99579],[-122.7546348,37.996944],[-122.7546966,37.9971481],[-122.7547816,37.9973469],[-122.7549432,37.9976531],[-122.7552538,37.9981393],[-122.755088,37.9983857],[-122.7549786,37.9985952],[-122.7548979,37.9986745],[-122.7548253,37.9987823],[-122.754793,37.9988597],[-122.7547744,37.9989399],[-122.7547698,37.9990214],[-122.7547798,37.9990862],[-122.7548138,37.9991234],[-122.7550978,37.9992971],[-122.7555275,37.999522],[-122.7555731,37.9995358],[-122.755628,37.9995388],[-122.7557421,37.9995104]]],[[[-122.7087226,37.9468593],[-122.7085008,37.9467295],[-122.7085624,37.9466805]]],[[[-122.7085624,37.9466805],[-122.7083568,37.9465214],[-122.7080629,37.9462935],[-122.7078981,37.9461778],[-122.7077238,37.9460765],[-122.7075505,37.9460045],[-122.7074152,37.9459639],[-122.7071421,37.945903],[-122.7068264,37.9458477],[-122.7066968,37.9458152],[-122.7066114,37.9457894],[-122.7065257,37.9457456],[-122.7064656,37.9456917],[-122.7064115,37.945612],[-122.706365,37.9455153],[-122.7063184,37.9454049],[-122.7061942,37.9450707],[-122.7060633,37.9447002],[-122.7058325,37.9438278],[-122.7057465,37.9435719],[-122.7056452,37.9433353],[-122.7052613,37.9424409],[-122.7051478,37.9421374],[-122.7050315,37.9418322],[-122.7049789,37.9416931],[-122.7048943,37.9414709],[-122.7048514,37.9413128],[-122.7048414,37.9411281],[-122.7048436,37.9409993],[-122.7048889,37.9408855],[-122.7049718,37.9407735],[-122.7050658,37.9406537],[-122.705145,37.940527],[-122.7051901,37.9404131],[-122.7052131,37.940307],[-122.7052285,37.9401873],[-122.7052225,37.9400468],[-122.7051905,37.9398526],[-122.7051638,37.9397103],[-122.7051003,37.9395126],[-122.7050514,37.9394292],[-122.7049697,37.939347],[-122.7048655,37.9392748],[-122.7046936,37.939178],[-122.7045258,37.9390792],[-122.7042776,37.938921],[-122.7038498,37.9386075],[-122.7037137,37.938515],[-122.7035732,37.9384447],[-122.7031043,37.9382668],[-122.7029827,37.9382089],[-122.7028835,37.9381412],[-122.7028018,37.9380702],[-122.702713,37.9379753],[-122.7025848,37.937801],[-122.7024123,37.9375845],[-122.7021657,37.9373038],[-122.7020128,37.9371483],[-122.7018698,37.9370215],[-122.701484,37.9367162],[-122.7010745,37.9363589],[-122.7008368,37.9361705],[-122.7005351,37.935957],[-122.7002201,37.9357559],[-122.7000003,37.9356213]]],[[[-122.7000003,37.9356213],[-122.6995598,37.9354077],[-122.6994768,37.9353722]]],[[[-122.6994768,37.9353722],[-122.6991447,37.9352303],[-122.698794,37.9351041],[-122.6983861,37.9349716],[-122.697415,37.934665]]],[[[-122.697415,37.934665],[-122.6973592,37.9346467],[-122.6972285,37.9346046],[-122.6959418,37.9341948],[-122.695786,37.934139],[-122.6956813,37.9340945],[-122.6955712,37.9340437],[-122.6954396,37.9339738],[-122.6950002,37.9337069],[-122.6947816,37.9335832],[-122.694629,37.9335111],[-122.6945174,37.9334601],[-122.6944115,37.9334228],[-122.6943074,37.9333965],[-122.6941952,37.9333783],[-122.6940859,37.9333745],[-122.6939193,37.9333809],[-122.6936712,37.9334025],[-122.6933445,37.9334397],[-122.6927736,37.9335201],[-122.6926131,37.933537],[-122.6925083,37.9335413],[-122.6923992,37.933535],[-122.6922996,37.9335197],[-122.6921874,37.9334839],[-122.6920797,37.9334413],[-122.6919568,37.9333785],[-122.6917361,37.9332587],[-122.6915984,37.9331784],[-122.6915074,37.9331179],[-122.6914241,37.9330459],[-122.6913623,37.9329802],[-122.6912737,37.9328603]]],[[[-122.6912737,37.9328603],[-122.6899834,37.9336834],[-122.6885918,37.9346184],[-122.688527,37.9346429],[-122.6884657,37.9347057],[-122.6884274,37.9347881],[-122.6884001,37.9348318],[-122.6883689,37.9348614],[-122.6883174,37.9348717],[-122.6882675,37.9348863],[-122.6882294,37.9349102],[-122.6881372,37.9349858],[-122.6879845,37.9350918],[-122.6879565,37.9351392],[-122.687943,37.9351961],[-122.687947,37.9352443],[-122.6875275,37.9356236],[-122.6788152,37.9433516],[-122.6772441,37.945564],[-122.6757273,37.9477884],[-122.66083,37.9371496],[-122.6614494,37.9367213],[-122.6569131,37.9337666],[-122.6574757,37.9329264],[-122.6576202,37.9322801],[-122.6621805,37.9293487],[-122.6655083,37.9273984],[-122.6669482,37.9267548],[-122.6694913,37.9254296],[-122.673334,37.9240334],[-122.6745847,37.9236193],[-122.6747114,37.92358],[-122.6745909,37.9232955],[-122.6745022,37.9230767],[-122.6743974,37.9228744],[-122.6742732,37.9227052],[-122.6741491,37.9225665],[-122.6739733,37.9224317],[-122.6740007,37.9224088],[-122.673575,37.9222091],[-122.673383,37.9220869],[-122.6732613,37.9217429],[-122.6730104,37.9215287],[-122.6727507,37.9208535],[-122.6728437,37.9205776],[-122.6725574,37.9194006],[-122.6712081,37.9185063],[-122.6701002,37.9182791],[-122.6679776,37.9174825],[-122.6676982,37.9169507],[-122.6671945,37.9167138],[-122.6667913,37.9163851],[-122.6663648,37.9159229],[-122.6656674,37.9157325],[-122.6656638,37.9156435],[-122.665058,37.9148021],[-122.6650183,37.9146013],[-122.6649794,37.9145265],[-122.6649443,37.9144527],[-122.6649482,37.9143758],[-122.6649703,37.9141975],[-122.6649508,37.9141504],[-122.6648612,37.9140387],[-122.6647728,37.9139434],[-122.6646546,37.9138552],[-122.6647027,37.9138275],[-122.665008,37.9140581],[-122.6650469,37.9140346],[-122.6651119,37.9140561],[-122.6651872,37.914094],[-122.6652379,37.9141391],[-122.6652781,37.9141657],[-122.6653132,37.9141545],[-122.665347,37.9141678],[-122.6653678,37.9142067],[-122.6653951,37.9142539],[-122.6654509,37.9142723],[-122.6655107,37.9142785],[-122.6658004,37.9142826],[-122.665825,37.9143031],[-122.6657991,37.914341],[-122.6657939,37.9143963],[-122.6658289,37.9144025],[-122.6658939,37.9143974],[-122.6659043,37.9144261],[-122.6658796,37.9144732],[-122.6657705,37.9145398],[-122.6656135,37.9146377],[-122.6655415,37.914826],[-122.666159,37.9156772],[-122.6660417,37.9147629],[-122.6659723,37.9145188],[-122.666003,37.9141673],[-122.6654228,37.9139296],[-122.6651067,37.9137707],[-122.6651094,37.9134634],[-122.6645226,37.9128489],[-122.6647146,37.9127385],[-122.6648067,37.9121734],[-122.6647333,37.9119177],[-122.6646013,37.911863],[-122.6643279,37.9119325],[-122.6638077,37.9116326],[-122.6632156,37.9114106],[-122.6628248,37.9113285],[-122.662302,37.9113601],[-122.6616218,37.9114968],[-122.6603001,37.9110581],[-122.6596026,37.9107403],[-122.6596039,37.9104499],[-122.6507896,37.905259],[-122.6502548,37.9056799],[-122.6499962,37.9058499]]],[[[-122.6499962,37.9058499],[-122.6498892,37.9056552],[-122.6498147,37.9054715],[-122.6497797,37.905275],[-122.6497518,37.9050619],[-122.6497215,37.9049664],[-122.6496494,37.9048635],[-122.649505,37.9047662],[-122.6488486,37.904307],[-122.6486949,37.904239],[-122.6483481,37.904127],[-122.6480338,37.9040057],[-122.6477358,37.9038569],[-122.6475123,37.9036898],[-122.6473121,37.9035171],[-122.647219,37.9033757],[-122.6471049,37.9031387],[-122.6469955,37.903001],[-122.6468209,37.9028448],[-122.6464042,37.9024793],[-122.6462203,37.9023324],[-122.6459875,37.9022203],[-122.645636,37.9020642],[-122.6454638,37.9019466],[-122.6450331,37.9013662],[-122.6448515,37.9011421],[-122.6442253,37.9004091],[-122.6437923,37.9001336],[-122.6430404,37.8998415],[-122.6428425,37.899656],[-122.642321,37.9000307],[-122.643471,37.9000528],[-122.6439646,37.9003779],[-122.6451215,37.9028761],[-122.6444418,37.9030193],[-122.6445146,37.9031931],[-122.6443751,37.903216],[-122.6443676,37.9032031],[-122.6443537,37.9031922],[-122.6443273,37.9031823],[-122.6442958,37.9031734],[-122.6442656,37.9031704],[-122.6433434,37.9034662],[-122.643327,37.9034781],[-122.6433119,37.903496],[-122.6433006,37.9035218],[-122.6432943,37.9035486],[-122.643293,37.9035764],[-122.6432981,37.9036012],[-122.6420587,37.9039676],[-122.642216,37.9042952],[-122.6411783,37.9046271],[-122.6406233,37.9046637],[-122.6390107,37.9044759],[-122.6384448,37.904349],[-122.6384041,37.9048039]]],[[[-122.6384041,37.9048039],[-122.6391349,37.9058635],[-122.6405746,37.9064875],[-122.6416487,37.9066733],[-122.6433158,37.9073484],[-122.643609,37.9075112],[-122.6447217,37.9078306],[-122.6450053,37.9083887],[-122.6451969,37.9094152],[-122.6468031,37.9108823]]],[[[-122.6468031,37.9108823],[-122.6479951,37.9099236],[-122.6487824,37.9103619]]],[[[-122.6487824,37.9103619],[-122.6495605,37.9099156],[-122.6506194,37.9099715],[-122.6511104,37.9099974],[-122.6534018,37.9099797],[-122.654877,37.9090771]]],[[[-122.654877,37.9090771],[-122.6552644,37.908848]]],[[[-122.6552644,37.908848],[-122.6552972,37.908887],[-122.6553495,37.908903],[-122.6553858,37.9088952],[-122.6556094,37.9089486],[-122.6557141,37.9090366],[-122.6557523,37.9090546],[-122.6558092,37.9090541],[-122.6558365,37.9090395],[-122.6559723,37.9090373],[-122.6560269,37.9090679],[-122.6561322,37.909286],[-122.6563192,37.9094011],[-122.6566694,37.9096961]]],[[[-122.6597543,37.9172828],[-122.6545265,37.9146815],[-122.6545801,37.914508],[-122.6545238,37.9139515],[-122.6543562,37.9134484],[-122.6545346,37.9131278],[-122.6546794,37.9130199],[-122.6547639,37.9127776],[-122.6551474,37.9123184],[-122.6551635,37.9120581],[-122.6554385,37.9118137],[-122.6555203,37.9113354],[-122.6555149,37.9112339],[-122.6553298,37.9110339],[-122.655354,37.9107355],[-122.6552024,37.910653],[-122.6554331,37.9102467],[-122.6566694,37.9096961]]],[[[-122.6597543,37.9172828],[-122.6595554,37.9174801],[-122.6586773,37.9179123],[-122.6584149,37.9179124],[-122.6579092,37.9185024],[-122.6572502,37.9189783],[-122.6568367,37.9196905],[-122.6550672,37.9206403],[-122.6552899,37.921065],[-122.6551404,37.9215982],[-122.6547884,37.9217776],[-122.6545772,37.9223118],[-122.6540861,37.9225328],[-122.6535538,37.9225674],[-122.6528543,37.9229539],[-122.652406,37.9238891],[-122.6517363,37.9243586],[-122.650952,37.9245853],[-122.6497635,37.9247546],[-122.6491851,37.9250168],[-122.6488639,37.9248734],[-122.6477411,37.9247097],[-122.6471751,37.9250624],[-122.6466158,37.9251249],[-122.6460576,37.9251106],[-122.644453,37.9254338],[-122.6440258,37.9256365],[-122.6427814,37.9257508],[-122.6423912,37.9259321],[-122.6425908,37.9261735],[-122.6412658,37.9263629],[-122.6406927,37.9264758]]],[[[-122.4219715,37.8271993],[-122.4220831,37.8272468],[-122.4222119,37.8272875],[-122.4222585,37.827295],[-122.4224738,37.8274079],[-122.4226689,37.8274786],[-122.422991,37.8277624],[-122.4231184,37.8278503],[-122.423248,37.8279927],[-122.4234665,37.8280748],[-122.4235093,37.8280889],[-122.423556,37.828102],[-122.4236155,37.8281056],[-122.4236952,37.8281077],[-122.4238064,37.8281054],[-122.4239048,37.8281905],[-122.4239992,37.8282311],[-122.4240915,37.8283112],[-122.4241774,37.8283586],[-122.424289,37.8283593],[-122.4244188,37.8283107],[-122.4246237,37.8283586],[-122.4247439,37.8283518],[-122.4248039,37.8283247],[-122.4248898,37.8283722],[-122.4249756,37.8283586],[-122.4250357,37.8283654],[-122.4250958,37.8283857],[-122.4252073,37.8283247],[-122.425276,37.8283654],[-122.4254477,37.8283247],[-122.4255674,37.8282513],[-122.4256104,37.828174],[-122.4256233,37.8281195],[-122.4255997,37.8280807],[-122.4256157,37.8280425],[-122.4255445,37.827954],[-122.425561,37.827884],[-122.4253253,37.8277791],[-122.425264,37.8278093],[-122.4251902,37.8277688],[-122.4251387,37.8277078],[-122.4251215,37.8276739],[-122.4250357,37.827579],[-122.4250204,37.8275443],[-122.4250375,37.8275161],[-122.4249618,37.827341],[-122.4249189,37.8272552],[-122.4248737,37.8271703],[-122.4248392,37.8271174],[-122.4248205,37.8270945],[-122.4246717,37.8269523],[-122.424465,37.8268793],[-122.4244949,37.8267926],[-122.4245207,37.8267315],[-122.424555,37.8267112],[-122.4245634,37.8266999],[-122.4245682,37.8266871],[-122.4245682,37.8266755],[-122.4245647,37.8266638],[-122.4245303,37.8266339],[-122.4245057,37.8266318],[-122.4244864,37.8266027],[-122.4243945,37.8265529],[-122.4243214,37.826575],[-122.4243015,37.826565],[-122.4242874,37.8265699],[-122.4242512,37.826585],[-122.4242024,37.8265692],[-122.4241953,37.8265494],[-122.4240229,37.8264875],[-122.4239573,37.8265183],[-122.4238988,37.82653],[-122.423846,37.8265283],[-122.4237927,37.8264904],[-122.4237511,37.8264491],[-122.42373,37.8264056],[-122.4237363,37.8262488],[-122.4237654,37.8261621],[-122.4237053,37.8260875],[-122.4235336,37.8260265],[-122.4233534,37.8259519],[-122.4232762,37.8258841],[-122.4231903,37.8258705],[-122.4230873,37.8258434],[-122.4229929,37.8258231],[-122.4229328,37.8257756],[-122.4227869,37.8257214],[-122.4227526,37.8256265],[-122.4227072,37.8255092],[-122.4226802,37.8254955],[-122.4226473,37.8254881],[-122.4225911,37.8254888],[-122.4225276,37.8254677],[-122.4225087,37.8254698],[-122.4224522,37.8254502],[-122.4221432,37.8253078],[-122.4218792,37.8251465],[-122.421809,37.82511],[-122.4217247,37.8250854],[-122.4216129,37.8250726],[-122.421493,37.8250787],[-122.4211995,37.8251055],[-122.421176,37.8250846],[-122.4208744,37.8251705],[-122.4208726,37.8251711],[-122.4208369,37.8251842],[-122.4207283,37.8252309],[-122.4206896,37.8252773],[-122.4205712,37.8253961],[-122.4205455,37.8254269],[-122.4205238,37.8254639],[-122.4204309,37.8256533],[-122.4203839,37.8257327],[-122.4204073,37.8258285],[-122.4204324,37.825891],[-122.4204776,37.8261174],[-122.4205613,37.8261966],[-122.420595,37.8262384],[-122.4206395,37.8262739],[-122.4208766,37.8264623],[-122.4208486,37.8264889],[-122.420877,37.8265016],[-122.4210655,37.8266587],[-122.421012,37.826698],[-122.4209966,37.8267093],[-122.420966,37.8267317],[-122.4209676,37.8267594],[-122.4214009,37.8270426],[-122.4214142,37.8270274],[-122.421478,37.826957],[-122.4218,37.8271293],[-122.4218551,37.8270678],[-122.4219104,37.827098],[-122.4219715,37.8271993]]]]}},{"type":"Feature","properties":{"property_id":"r13790250","property_name":"Sue Bierman Park"},"geometry":{"type":"MultiPolygon","coordinates":[[[[-122.3963625,37.7963805],[-122.396546,37.7963324],[-122.3967177,37.7962818],[-122.3967472,37.7962674],[-122.3967602,37.7962588],[-122.396771,37.796232],[-122.3966386,37.7955627],[-122.3958815,37.7956535],[-122.3958638,37.7955441],[-122.39585,37.795546],[-122.3957922,37.7955541],[-122.3957692,37.7955573],[-122.3955536,37.7955872],[-122.3955454,37.7956245],[-122.3955247,37.7956474],[-122.3954924,37.795667],[-122.3954468,37.7956869],[-122.3953923,37.7957056],[-122.3953239,37.795714],[-122.3952757,37.7957096],[-122.3952563,37.7957802],[-122.3952756,37.7957907],[-122.3952875,37.7958015],[-122.395294,37.795819],[-122.3952958,37.7958373],[-122.3952896,37.7958491],[-122.3952734,37.7958656],[-122.3952427,37.7958772],[-122.3952193,37.7958831],[-122.3952083,37.7958809],[-122.395185,37.7958706],[-122.3951205,37.7959008],[-122.3951415,37.795927],[-122.3955008,37.7963746],[-122.3955513,37.796405],[-122.3956058,37.7964377],[-122.3956502,37.7964468],[-122.3957138,37.7964544],[-122.3959079,37.7964277],[-122.3963625,37.7963805]]],[[[-122.3980652,37.7961334],[-122.3980254,37.7961591],[-122.3971351,37.7962744],[-122.3971053,37.7962663],[-122.3970865,37.79625],[-122.396946,37.7955326],[-122.3969719,37.7955113],[-122.3979175,37.7954234],[-122.3979527,37.7954397],[-122.3979702,37.7954718],[-122.3980796,37.7960944],[-122.3980652,37.7961334]]]]}},{"type":"Feature","properties":{"property_id":"r16800880","property_name":"Mount Davidson Park"},"geometry":{"type":"Polygon","coordinates":[[[-122.4577623,37.7396204],[-122.4577439,37.7395303],[-122.4577501,37.7394373],[-122.4577819,37.7393532],[-122.4578314,37.739274],[-122.4578783,37.7392153],[-122.4575906,37.7390289],[-122.4576533,37.73897],[-122.457645,37.738549],[-122.4575434,37.7385471],[-122.4574466,37.7385372],[-122.4573454,37.7385159],[-122.4572451,37.7384778],[-122.4571421,37.7384272],[-122.4570194,37.7383581],[-122.4569018,37.7382771],[-122.4567833,37.7381927],[-122.4566792,37.7381088],[-122.456585,37.7380257],[-122.4564075,37.7378469],[-122.4563064,37.7377571],[-122.4561946,37.7376654],[-122.4561057,37.7376091],[-122.4560047,37.737549],[-122.455894,37.7374917],[-122.4557757,37.7374379],[-122.4556658,37.7373954],[-122.4555453,37.7373549],[-122.4554367,37.7373201],[-122.4553239,37.7372886],[-122.4552182,37.7372661],[-122.4551045,37.7372484],[-122.4549898,37.7372341],[-122.4548763,37.7372229],[-122.454754,37.737219],[-122.4545203,37.7372178],[-122.4544247,37.7372123],[-122.4543337,37.7371956],[-122.4542626,37.7371701],[-122.454206,37.7371413],[-122.4541494,37.7371051],[-122.4541041,37.7370689],[-122.4538048,37.7367754],[-122.4537718,37.7367474],[-122.4537305,37.7367338],[-122.4536812,37.7367288],[-122.4536069,37.7367323],[-122.4535306,37.7367479],[-122.4534585,37.7367722],[-122.4534081,37.7367973],[-122.4533939,37.7374656],[-122.4525946,37.7380182],[-122.4518953,37.7381117],[-122.4518734,37.7381795],[-122.4518532,37.7382557],[-122.4518411,37.738324],[-122.4518345,37.73839],[-122.4518342,37.7384659],[-122.4518362,37.7385305],[-122.4518455,37.7386033],[-122.4518556,37.7386696],[-122.451862,37.7387467],[-122.4519251,37.7394541],[-122.4521411,37.7398579],[-122.4517014,37.7398865],[-122.4518659,37.7401374],[-122.4519106,37.7401909],[-122.4519613,37.7402334],[-122.4520226,37.74027],[-122.4520948,37.7402999],[-122.4521802,37.7403142],[-122.4522798,37.7403177],[-122.4523821,37.7403091],[-122.4525009,37.7402855],[-122.4526393,37.7402381],[-122.4527473,37.7402166],[-122.4528664,37.7401966],[-122.4529801,37.7401946],[-122.4530801,37.7401944],[-122.4531874,37.7401999],[-122.4532741,37.7401964],[-122.4533581,37.740186],[-122.4533688,37.7402755],[-122.4532838,37.7402877],[-122.4531798,37.7402933],[-122.4530845,37.7402845],[-122.4529897,37.740285],[-122.4530242,37.7406146],[-122.4536509,37.7405966],[-122.4537928,37.7405883],[-122.4539129,37.7405733],[-122.4540354,37.7405437],[-122.4541508,37.7404969],[-122.4544023,37.7407484],[-122.4548957,37.7403337],[-122.4551583,37.7405999],[-122.4551997,37.7405823],[-122.4552716,37.7405567],[-122.4554557,37.7408293],[-122.45575,37.7406762],[-122.4561735,37.7404028],[-122.456407,37.7403201],[-122.4565949,37.7405765],[-122.4577087,37.7400321],[-122.457754,37.7399947],[-122.4577911,37.7399459],[-122.4578133,37.7398811],[-122.4578181,37.7398214],[-122.4578088,37.7397583],[-122.4577623,37.7396204]],[[-122.4533451,37.7384424],[-122.4536419,37.7383896],[-122.453638,37.7383758],[-122.4537869,37.7383163],[-122.4547499,37.7384367],[-122.4547721,37.7384371],[-122.4547932,37.7384355],[-122.4548145,37.7384317],[-122.4548333,37.738424],[-122.4548496,37.7384153],[-122.4548648,37.7384022],[-122.4548791,37.7383842],[-122.4548867,37.7383627],[-122.4548887,37.7383406],[-122.454885,37.738318],[-122.4548755,37.7382969],[-122.4548619,37.73828],[-122.4548397,37.7382637],[-122.4548135,37.7382528],[-122.4547845,37.7382462],[-122.4547527,37.738245],[-122.4537651,37.7382849],[-122.4533204,37.7383537],[-122.4533451,37.7384424]]]}},{"type":"Feature","properties":{"property_id":"r19585233","property_name":"Marina Plaza"},"geometry":{"type":"Polygon","coordinates":[[[-122.3708238,37.8178764],[-122.3721463,37.8173344],[-122.372161,37.8173147],[-122.3721299,37.8172686],[-122.3721263,37.8172242],[-122.3714361,37.8162281],[-122.3713741,37.8162446],[-122.3713615,37.816234],[-122.3699261,37.8168376],[-122.369781,37.8168959],[-122.3705178,37.8179969],[-122.3708238,37.8178764]],[[-122.3720109,37.81707],[-122.3716902,37.8166155],[-122.3711908,37.8168207],[-122.3711452,37.8168421],[-122.3711023,37.8168654],[-122.3710604,37.8168962],[-122.3710238,37.8169342],[-122.3709998,37.8169758],[-122.3709872,37.8170098],[-122.3709808,37.8170455],[-122.3709783,37.8170814],[-122.3709828,37.817114],[-122.3709924,37.8171447],[-122.3710071,37.817177],[-122.3710267,37.8172057],[-122.3710507,37.8172329],[-122.3710839,37.8172614],[-122.3711176,37.8172828],[-122.3711538,37.8173013],[-122.3711972,37.8173156],[-122.3712371,37.8173244],[-122.3712775,37.8173307],[-122.3713116,37.8173313],[-122.3713545,37.8173272],[-122.371405,37.8173183],[-122.3714551,37.8173028],[-122.3715019,37.8172836],[-122.3720109,37.81707]]]}},{"type":"Feature","properties":{"property_id":"r20197830","property_name":"Alcatraz Island"},"geometry":{"type":"Polygon","coordinates":[[[-122.4219715,37.8271993],[-122.4220831,37.8272468],[-122.4222119,37.8272875],[-122.4222585,37.827295],[-122.4224738,37.8274079],[-122.4226689,37.8274786],[-122.422991,37.8277624],[-122.4231184,37.8278503],[-122.423248,37.8279927],[-122.4234665,37.8280748],[-122.4235093,37.8280889],[-122.423556,37.828102],[-122.4236155,37.8281056],[-122.4236952,37.8281077],[-122.4238064,37.8281054],[-122.4239048,37.8281905],[-122.4239992,37.8282311],[-122.4240915,37.8283112],[-122.4241774,37.8283586],[-122.424289,37.8283593],[-122.4244188,37.8283107],[-122.4246237,37.8283586],[-122.4247439,37.8283518],[-122.4248039,37.8283247],[-122.4248898,37.8283722],[-122.4249756,37.8283586],[-122.4250357,37.8283654],[-122.4250958,37.8283857],[-122.4252073,37.8283247],[-122.425276,37.8283654],[-122.4254477,37.8283247],[-122.4255674,37.8282513],[-122.4256104,37.828174],[-122.4256233,37.8281195],[-122.4255997,37.8280807],[-122.4256157,37.8280425],[-122.4255445,37.827954],[-122.425561,37.827884],[-122.4253253,37.8277791],[-122.425264,37.8278093],[-122.4251902,37.8277688],[-122.4251387,37.8277078],[-122.4251215,37.8276739],[-122.4250357,37.827579],[-122.4250204,37.8275443],[-122.4250375,37.8275161],[-122.4249618,37.827341],[-122.4249189,37.8272552],[-122.4248737,37.8271703],[-122.4248392,37.8271174],[-122.4248205,37.8270945],[-122.4246717,37.8269523],[-122.424465,37.8268793],[-122.4244949,37.8267926],[-122.4245207,37.8267315],[-122.424555,37.8267112],[-122.4245634,37.8266999],[-122.4245682,37.8266871],[-122.4245682,37.8266755],[-122.4245647,37.8266638],[-122.4245303,37.8266339],[-122.4245057,37.8266318],[-122.4244864,37.8266027],[-122.4243945,37.8265529],[-122.4243214,37.826575],[-122.4243015,37.826565],[-122.4242874,37.8265699],[-122.4242512,37.826585],[-122.4242024,37.8265692],[-122.4241953,37.8265494],[-122.4240229,37.8264875],[-122.4239573,37.8265183],[-122.4238988,37.82653],[-122.423846,37.8265283],[-122.4237927,37.8264904],[-122.4237511,37.8264491],[-122.42373,37.8264056],[-122.4237363,37.8262488],[-122.4237654,37.8261621],[-122.4237053,37.8260875],[-122.4235336,37.8260265],[-122.4233534,37.8259519],[-122.4232762,37.8258841],[-122.4231903,37.8258705],[-122.4230873,37.8258434],[-122.4229929,37.8258231],[-122.4229328,37.8257756],[-122.4227869,37.8257214],[-122.4227526,37.8256265],[-122.4227072,37.8255092],[-122.4226802,37.8254955],[-122.4226473,37.8254881],[-122.4225911,37.8254888],[-122.4225276,37.8254677],[-122.4225087,37.8254698],[-122.4224522,37.8254502],[-122.4221432,37.8253078],[-122.4218792,37.8251465],[-122.421809,37.82511],[-122.4217247,37.8250854],[-122.4216129,37.8250726],[-122.421493,37.8250787],[-122.4211995,37.8251055],[-122.421176,37.8250846],[-122.4208744,37.8251705],[-122.4208726,37.8251711],[-122.4208369,37.8251842],[-122.4207283,37.8252309],[-122.4206896,37.8252773],[-122.4205712,37.8253961],[-122.4205455,37.8254269],[-122.4205238,37.8254639],[-122.4204309,37.8256533],[-122.4203839,37.8257327],[-122.4204073,37.8258285],[-122.4204324,37.825891],[-122.4204776,37.8261174],[-122.4205613,37.8261966],[-122.420595,37.8262384],[-122.4206395,37.8262739],[-122.4208766,37.8264623],[-122.4208486,37.8264889],[-122.420877,37.8265016],[-122.4210655,37.8266587],[-122.421012,37.826698],[-122.4209966,37.8267093],[-122.420966,37.8267317],[-122.4209676,37.8267594],[-122.4214009,37.8270426],[-122.4214142,37.8270274],[-122.421478,37.826957],[-122.4218,37.8271293],[-122.4218551,37.8270678],[-122.4219104,37.827098],[-122.4219715,37.8271993]]]}}]}